/*
 Navicat Premium Data Transfer

 Source Server         : newbee
 Source Server Type    : MySQL
 Source Server Version : 80022
 Source Host           : 106.12.149.189:3306
 Source Schema         : newbee_mall_db

 Target Server Type    : MySQL
 Target Server Version : 80022
 File Encoding         : 65001

 Date: 07/02/2021 14:41:19
*/

SET NAMES utf8mb4;
SET FOREIGN_KEY_CHECKS = 0;

-- ----------------------------
-- Table structure for group_to_redis
-- ----------------------------
DROP TABLE IF EXISTS `group_to_redis`;
CREATE TABLE `group_to_redis`  (
  `redis_id` int(0) NOT NULL AUTO_INCREMENT COMMENT '存redis的',
  `group_id` varchar(255) CHARACTER SET utf8mb4 COLLATE utf8mb4_0900_ai_ci NULL DEFAULT NULL COMMENT '队伍id',
  `group_work_id` int(0) NULL DEFAULT NULL COMMENT '拼单商品id',
  `user_id` int(0) NULL DEFAULT NULL COMMENT '用户id',
  `endTime` datetime(0) NULL DEFAULT NULL COMMENT '队伍到期时间',
  PRIMARY KEY (`redis_id`) USING BTREE
) ENGINE = InnoDB AUTO_INCREMENT = 689 CHARACTER SET = utf8mb4 COLLATE = utf8mb4_0900_ai_ci ROW_FORMAT = Dynamic;

-- ----------------------------
-- Records of group_to_redis
-- ----------------------------
INSERT INTO `group_to_redis` VALUES (682, 'bf65e', 10891, 15, '2021-02-07 14:32:39');
INSERT INTO `group_to_redis` VALUES (683, '65966', 10891, 15, '2021-02-07 14:32:44');
INSERT INTO `group_to_redis` VALUES (684, '008ba', 10782, 15, '2021-02-07 14:32:55');
INSERT INTO `group_to_redis` VALUES (685, '210cd', 10917, 15, '2021-02-07 14:33:16');
INSERT INTO `group_to_redis` VALUES (686, 'a4e2a', 10917, 15, '2021-02-07 14:33:36');
INSERT INTO `group_to_redis` VALUES (687, 'f3c7b', 10917, 15, '2021-02-07 14:33:39');
INSERT INTO `group_to_redis` VALUES (688, '0f569', 10917, 15, '2021-02-07 14:34:27');

-- ----------------------------
-- Table structure for tb_newbee_mall_admin_user
-- ----------------------------
DROP TABLE IF EXISTS `tb_newbee_mall_admin_user`;
CREATE TABLE `tb_newbee_mall_admin_user`  (
  `admin_user_id` int(0) NOT NULL AUTO_INCREMENT COMMENT '管理员id',
  `login_user_name` varchar(50) CHARACTER SET utf8 COLLATE utf8_general_ci NOT NULL COMMENT '管理员登陆名称',
  `login_password` varchar(50) CHARACTER SET utf8 COLLATE utf8_general_ci NOT NULL COMMENT '管理员登陆密码',
  `nick_name` varchar(50) CHARACTER SET utf8 COLLATE utf8_general_ci NOT NULL COMMENT '管理员显示昵称',
  `locked` tinyint(0) NULL DEFAULT 0 COMMENT '是否锁定 0未锁定 1已锁定无法登陆',
  PRIMARY KEY (`admin_user_id`) USING BTREE
) ENGINE = InnoDB AUTO_INCREMENT = 5 CHARACTER SET = utf8 COLLATE = utf8_general_ci ROW_FORMAT = Dynamic;

-- ----------------------------
-- Records of tb_newbee_mall_admin_user
-- ----------------------------
INSERT INTO `tb_newbee_mall_admin_user` VALUES (1, 'admin', 'e10adc3949ba59abbe56e057f20f883e', '捞仔', 0);
INSERT INTO `tb_newbee_mall_admin_user` VALUES (2, 'newbee-admin1', 'e10adc3949ba59abbe56e057f20f883e', '新蜂01', 0);
INSERT INTO `tb_newbee_mall_admin_user` VALUES (3, 'newbee-admin2', 'e10adc3949ba59abbe56e057f20f883e', '新蜂02', 0);
INSERT INTO `tb_newbee_mall_admin_user` VALUES (4, 'aaaaaa', '96e79218965eb72c92a549dd5a330112', 'aaaaaa', 0);

-- ----------------------------
-- Table structure for tb_newbee_mall_carousel
-- ----------------------------
DROP TABLE IF EXISTS `tb_newbee_mall_carousel`;
CREATE TABLE `tb_newbee_mall_carousel`  (
  `carousel_id` int(0) NOT NULL AUTO_INCREMENT COMMENT '首页轮播图主键id',
  `carousel_url` varchar(100) CHARACTER SET utf8 COLLATE utf8_general_ci NOT NULL DEFAULT '' COMMENT '轮播图',
  `redirect_url` varchar(100) CHARACTER SET utf8 COLLATE utf8_general_ci NOT NULL DEFAULT '\'##\'' COMMENT '点击后的跳转地址(默认不跳转)',
  `carousel_rank` int(0) NOT NULL DEFAULT 0 COMMENT '排序值(字段越大越靠前)',
  `is_deleted` tinyint(0) NOT NULL DEFAULT 0 COMMENT '删除标识字段(0-未删除 1-已删除)',
  `create_time` datetime(0) NOT NULL DEFAULT CURRENT_TIMESTAMP COMMENT '创建时间',
  `create_user` int(0) NOT NULL DEFAULT 0 COMMENT '创建者id',
  `update_time` datetime(0) NOT NULL DEFAULT CURRENT_TIMESTAMP COMMENT '修改时间',
  `update_user` int(0) NOT NULL DEFAULT 0 COMMENT '修改者id',
  PRIMARY KEY (`carousel_id`) USING BTREE
) ENGINE = InnoDB AUTO_INCREMENT = 8 CHARACTER SET = utf8 COLLATE = utf8_general_ci ROW_FORMAT = Dynamic;

-- ----------------------------
-- Records of tb_newbee_mall_carousel
-- ----------------------------
INSERT INTO `tb_newbee_mall_carousel` VALUES (2, 'https://newbee-mall.oss-cn-beijing.aliyuncs.com/images/banner1.png', 'https://juejin.im/book/5da2f9d4f265da5b81794d48/section/5da2f9d6f265da5b794f2189', 13, 0, '2019-11-29 00:00:00', 0, '2019-11-29 00:00:00', 0);
INSERT INTO `tb_newbee_mall_carousel` VALUES (5, 'https://newbee-mall.oss-cn-beijing.aliyuncs.com/images/banner2.png', 'https://juejin.im/book/5da2f9d4f265da5b81794d48/section/5da2f9d6f265da5b794f2189', 0, 0, '2019-11-29 00:00:00', 0, '2019-11-29 00:00:00', 0);

-- ----------------------------
-- Table structure for tb_newbee_mall_goods_category
-- ----------------------------
DROP TABLE IF EXISTS `tb_newbee_mall_goods_category`;
CREATE TABLE `tb_newbee_mall_goods_category`  (
  `category_id` bigint(0) NOT NULL AUTO_INCREMENT COMMENT '分类id',
  `category_level` tinyint(0) NOT NULL DEFAULT 0 COMMENT '分类级别(1-一级分类 2-二级分类 3-三级分类)',
  `parent_id` bigint(0) NOT NULL DEFAULT 0 COMMENT '父分类id',
  `category_name` varchar(50) CHARACTER SET utf8 COLLATE utf8_general_ci NOT NULL DEFAULT '' COMMENT '分类名称',
  `category_rank` int(0) NOT NULL DEFAULT 0 COMMENT '排序值(字段越大越靠前)',
  `is_deleted` tinyint(0) NOT NULL DEFAULT 0 COMMENT '删除标识字段(0-未删除 1-已删除)',
  `create_time` datetime(0) NOT NULL DEFAULT CURRENT_TIMESTAMP COMMENT '创建时间',
  `create_user` int(0) NOT NULL DEFAULT 0 COMMENT '创建者id',
  `update_time` datetime(0) NOT NULL DEFAULT CURRENT_TIMESTAMP COMMENT '修改时间',
  `update_user` int(0) NULL DEFAULT 0 COMMENT '修改者id',
  PRIMARY KEY (`category_id`) USING BTREE
) ENGINE = InnoDB AUTO_INCREMENT = 132 CHARACTER SET = utf8 COLLATE = utf8_general_ci ROW_FORMAT = Dynamic;

-- ----------------------------
-- Records of tb_newbee_mall_goods_category
-- ----------------------------
INSERT INTO `tb_newbee_mall_goods_category` VALUES (15, 1, 0, '家电 数码 手机', 100, 0, '2019-09-11 18:45:40', 0, '2019-09-11 18:45:40', 0);
INSERT INTO `tb_newbee_mall_goods_category` VALUES (16, 1, 0, '女装 男装 穿搭', 99, 0, '2019-09-11 18:46:07', 0, '2019-09-11 18:46:07', 0);
INSERT INTO `tb_newbee_mall_goods_category` VALUES (17, 2, 15, '家电', 10, 0, '2019-09-11 18:46:32', 0, '2019-09-11 18:46:32', 0);
INSERT INTO `tb_newbee_mall_goods_category` VALUES (18, 2, 15, '数码', 9, 0, '2019-09-11 18:46:43', 0, '2019-09-11 18:46:43', 0);
INSERT INTO `tb_newbee_mall_goods_category` VALUES (19, 2, 15, '手机', 8, 0, '2019-09-11 18:46:52', 0, '2019-09-11 18:46:52', 0);
INSERT INTO `tb_newbee_mall_goods_category` VALUES (20, 3, 17, '生活电器', 0, 0, '2019-09-11 18:47:38', 0, '2019-09-11 18:47:38', 0);
INSERT INTO `tb_newbee_mall_goods_category` VALUES (21, 3, 17, '厨房电器', 0, 0, '2019-09-11 18:47:49', 0, '2019-09-11 18:47:49', 0);
INSERT INTO `tb_newbee_mall_goods_category` VALUES (22, 3, 17, '扫地机器人', 0, 0, '2019-09-11 18:47:58', 0, '2019-09-11 18:47:58', 0);
INSERT INTO `tb_newbee_mall_goods_category` VALUES (23, 3, 17, '吸尘器', 0, 0, '2019-09-11 18:48:06', 0, '2019-09-11 18:48:06', 0);
INSERT INTO `tb_newbee_mall_goods_category` VALUES (24, 3, 17, '取暖器', 0, 0, '2019-09-11 18:48:12', 0, '2019-09-11 18:48:12', 0);
INSERT INTO `tb_newbee_mall_goods_category` VALUES (25, 3, 17, '豆浆机', 0, 0, '2019-09-11 18:48:26', 0, '2019-09-11 18:48:26', 0);
INSERT INTO `tb_newbee_mall_goods_category` VALUES (26, 3, 17, '暖风机', 0, 0, '2019-09-11 18:48:40', 0, '2019-09-11 18:48:40', 0);
INSERT INTO `tb_newbee_mall_goods_category` VALUES (27, 3, 17, '加湿器', 0, 0, '2019-09-11 18:48:50', 0, '2019-09-11 18:48:50', 0);
INSERT INTO `tb_newbee_mall_goods_category` VALUES (28, 3, 17, '蓝牙音箱', 0, 0, '2019-09-11 18:48:57', 0, '2019-09-11 18:48:57', 0);
INSERT INTO `tb_newbee_mall_goods_category` VALUES (29, 3, 17, '烤箱', 0, 0, '2019-09-11 18:49:09', 0, '2019-09-11 18:49:09', 0);
INSERT INTO `tb_newbee_mall_goods_category` VALUES (30, 3, 17, '卷发器', 0, 0, '2019-09-11 18:49:19', 0, '2019-09-11 18:49:19', 0);
INSERT INTO `tb_newbee_mall_goods_category` VALUES (31, 3, 17, '空气净化器', 0, 0, '2019-09-11 18:49:30', 0, '2019-09-11 18:49:30', 0);
INSERT INTO `tb_newbee_mall_goods_category` VALUES (32, 3, 18, '游戏主机', 0, 0, '2019-09-11 18:49:50', 0, '2019-09-11 18:49:50', 0);
INSERT INTO `tb_newbee_mall_goods_category` VALUES (33, 3, 18, '数码精选', 0, 0, '2019-09-11 18:49:55', 0, '2019-09-11 18:49:55', 0);
INSERT INTO `tb_newbee_mall_goods_category` VALUES (34, 3, 18, '平板电脑', 0, 0, '2019-09-11 18:50:08', 0, '2019-09-11 18:50:08', 0);
INSERT INTO `tb_newbee_mall_goods_category` VALUES (35, 3, 18, '苹果 Apple', 0, 0, '2019-09-11 18:50:24', 0, '2019-09-11 18:50:24', 0);
INSERT INTO `tb_newbee_mall_goods_category` VALUES (36, 3, 18, '电脑主机', 0, 0, '2019-09-11 18:50:36', 0, '2019-09-11 18:50:36', 0);
INSERT INTO `tb_newbee_mall_goods_category` VALUES (37, 3, 18, '数码相机', 0, 0, '2019-09-11 18:50:57', 0, '2019-09-11 18:50:57', 0);
INSERT INTO `tb_newbee_mall_goods_category` VALUES (38, 3, 18, '电玩动漫', 0, 0, '2019-09-11 18:52:15', 0, '2019-09-11 18:52:15', 0);
INSERT INTO `tb_newbee_mall_goods_category` VALUES (39, 3, 18, '单反相机', 0, 0, '2019-09-11 18:52:26', 0, '2019-09-11 18:52:26', 0);
INSERT INTO `tb_newbee_mall_goods_category` VALUES (40, 3, 18, '键盘鼠标', 0, 0, '2019-09-11 18:52:46', 0, '2019-09-11 18:52:46', 0);
INSERT INTO `tb_newbee_mall_goods_category` VALUES (41, 3, 18, '无人机', 0, 0, '2019-09-11 18:53:01', 0, '2019-09-11 18:53:01', 0);
INSERT INTO `tb_newbee_mall_goods_category` VALUES (42, 3, 18, '二手电脑', 0, 0, '2019-09-11 18:53:08', 0, '2019-09-11 18:53:08', 0);
INSERT INTO `tb_newbee_mall_goods_category` VALUES (43, 3, 18, '二手手机', 0, 0, '2019-09-11 18:53:14', 0, '2019-09-11 18:53:14', 0);
INSERT INTO `tb_newbee_mall_goods_category` VALUES (44, 3, 19, 'iPhone 11', 89, 0, '2019-09-11 18:53:49', 0, '2019-09-11 18:54:38', 0);
INSERT INTO `tb_newbee_mall_goods_category` VALUES (45, 3, 19, '荣耀手机', 99, 0, '2019-09-11 18:53:59', 0, '2019-09-18 13:40:59', 0);
INSERT INTO `tb_newbee_mall_goods_category` VALUES (46, 3, 19, '华为手机', 98, 0, '2019-09-11 18:54:20', 0, '2019-09-18 13:40:51', 0);
INSERT INTO `tb_newbee_mall_goods_category` VALUES (47, 3, 19, 'iPhone', 88, 0, '2019-09-11 18:54:49', 0, '2019-09-18 13:40:32', 0);
INSERT INTO `tb_newbee_mall_goods_category` VALUES (48, 3, 19, '华为 Mate 20', 79, 0, '2019-09-11 18:55:03', 0, '2019-09-11 18:55:13', 0);
INSERT INTO `tb_newbee_mall_goods_category` VALUES (49, 3, 19, '华为 P30', 97, 0, '2019-09-11 18:55:22', 0, '2019-09-11 18:55:22', 0);
INSERT INTO `tb_newbee_mall_goods_category` VALUES (50, 3, 19, '华为 P30 Pro', 0, 1, '2019-09-11 18:55:32', 0, '2019-09-11 18:55:32', 0);
INSERT INTO `tb_newbee_mall_goods_category` VALUES (51, 3, 19, '小米手机', 0, 0, '2019-09-11 18:55:52', 0, '2019-09-11 18:55:52', 0);
INSERT INTO `tb_newbee_mall_goods_category` VALUES (52, 3, 19, '红米', 0, 0, '2019-09-11 18:55:58', 0, '2019-09-11 18:55:58', 0);
INSERT INTO `tb_newbee_mall_goods_category` VALUES (53, 3, 19, 'OPPO', 0, 0, '2019-09-11 18:56:06', 0, '2019-09-11 18:56:06', 0);
INSERT INTO `tb_newbee_mall_goods_category` VALUES (54, 3, 19, '一加', 0, 0, '2019-09-11 18:56:12', 0, '2019-09-11 18:56:12', 0);
INSERT INTO `tb_newbee_mall_goods_category` VALUES (55, 3, 19, '小米 MIX', 0, 0, '2019-09-11 18:56:37', 0, '2019-09-11 18:56:37', 0);
INSERT INTO `tb_newbee_mall_goods_category` VALUES (56, 3, 19, 'Reno', 0, 0, '2019-09-11 18:56:49', 0, '2019-09-11 18:56:49', 0);
INSERT INTO `tb_newbee_mall_goods_category` VALUES (57, 3, 19, 'vivo', 0, 0, '2019-09-11 18:57:01', 0, '2019-09-11 18:57:01', 0);
INSERT INTO `tb_newbee_mall_goods_category` VALUES (58, 3, 19, '手机以旧换新', 0, 0, '2019-09-11 18:57:09', 0, '2019-09-11 18:57:09', 0);
INSERT INTO `tb_newbee_mall_goods_category` VALUES (59, 1, 0, '运动 户外 乐器', 97, 0, '2019-09-12 00:08:46', 0, '2019-09-12 00:08:46', 0);
INSERT INTO `tb_newbee_mall_goods_category` VALUES (60, 1, 0, '游戏 动漫 影视', 96, 0, '2019-09-12 00:09:00', 0, '2019-09-12 00:09:00', 0);
INSERT INTO `tb_newbee_mall_goods_category` VALUES (61, 1, 0, '家具 家饰 家纺', 98, 0, '2019-09-12 00:09:27', 0, '2019-09-12 00:09:27', 0);
INSERT INTO `tb_newbee_mall_goods_category` VALUES (62, 1, 0, '美妆 清洁 宠物', 94, 0, '2019-09-12 00:09:51', 0, '2019-09-17 18:22:34', 0);
INSERT INTO `tb_newbee_mall_goods_category` VALUES (63, 1, 0, '工具 装修 建材', 93, 0, '2019-09-12 00:10:07', 0, '2019-09-12 00:10:07', 0);
INSERT INTO `tb_newbee_mall_goods_category` VALUES (64, 1, 0, '珠宝 金饰 眼镜', 92, 0, '2019-09-12 00:10:35', 0, '2019-09-12 00:16:30', 0);
INSERT INTO `tb_newbee_mall_goods_category` VALUES (65, 1, 0, '玩具 孕产 用品', 90, 0, '2019-09-12 00:11:17', 0, '2021-01-26 15:01:57', 0);
INSERT INTO `tb_newbee_mall_goods_category` VALUES (66, 1, 0, '鞋靴 箱包 配件', 91, 0, '2019-09-12 00:11:30', 0, '2019-09-12 00:11:30', 0);
INSERT INTO `tb_newbee_mall_goods_category` VALUES (67, 2, 16, '女装', 10, 0, '2019-09-12 00:15:19', 0, '2019-09-12 00:15:19', 0);
INSERT INTO `tb_newbee_mall_goods_category` VALUES (68, 2, 16, '男装', 9, 0, '2019-09-12 00:15:28', 0, '2019-09-12 00:15:28', 0);
INSERT INTO `tb_newbee_mall_goods_category` VALUES (69, 2, 16, '穿搭', 8, 0, '2019-09-12 00:15:35', 0, '2019-09-12 00:15:35', 0);
INSERT INTO `tb_newbee_mall_goods_category` VALUES (70, 2, 61, '家具', 10, 0, '2019-09-12 00:20:22', 0, '2019-09-12 00:20:22', 0);
INSERT INTO `tb_newbee_mall_goods_category` VALUES (71, 2, 61, '家饰', 9, 0, '2019-09-12 00:20:29', 0, '2019-09-12 00:20:29', 0);
INSERT INTO `tb_newbee_mall_goods_category` VALUES (72, 2, 61, '家纺', 8, 0, '2019-09-12 00:20:35', 0, '2019-09-12 00:20:35', 0);
INSERT INTO `tb_newbee_mall_goods_category` VALUES (73, 2, 59, '运动', 10, 0, '2019-09-12 00:20:49', 0, '2019-09-12 00:20:49', 0);
INSERT INTO `tb_newbee_mall_goods_category` VALUES (74, 2, 59, '户外', 9, 0, '2019-09-12 00:20:58', 0, '2019-09-12 00:20:58', 0);
INSERT INTO `tb_newbee_mall_goods_category` VALUES (75, 2, 59, '乐器', 8, 0, '2019-09-12 00:21:05', 0, '2019-09-12 00:21:05', 0);
INSERT INTO `tb_newbee_mall_goods_category` VALUES (76, 3, 67, '外套', 10, 0, '2019-09-12 00:21:55', 0, '2019-09-12 00:21:55', 0);
INSERT INTO `tb_newbee_mall_goods_category` VALUES (77, 3, 70, '沙发', 10, 0, '2019-09-12 00:22:21', 0, '2019-09-12 00:22:21', 0);
INSERT INTO `tb_newbee_mall_goods_category` VALUES (78, 3, 73, '跑鞋', 10, 0, '2019-09-12 00:22:42', 0, '2019-09-12 00:22:42', 0);
INSERT INTO `tb_newbee_mall_goods_category` VALUES (79, 2, 60, '游戏', 10, 0, '2019-09-12 00:23:13', 0, '2019-09-12 00:23:13', 0);
INSERT INTO `tb_newbee_mall_goods_category` VALUES (80, 2, 60, '动漫', 9, 0, '2019-09-12 00:23:21', 0, '2019-09-12 00:23:21', 0);
INSERT INTO `tb_newbee_mall_goods_category` VALUES (81, 2, 60, '影视', 8, 0, '2019-09-12 00:23:27', 0, '2019-09-12 00:23:27', 0);
INSERT INTO `tb_newbee_mall_goods_category` VALUES (82, 3, 79, 'LOL', 10, 0, '2019-09-12 00:23:44', 0, '2019-09-12 00:23:44', 0);
INSERT INTO `tb_newbee_mall_goods_category` VALUES (83, 2, 62, '美妆', 10, 0, '2019-09-12 00:23:58', 0, '2019-09-17 18:22:44', 0);
INSERT INTO `tb_newbee_mall_goods_category` VALUES (84, 2, 62, '宠物', 9, 0, '2019-09-12 00:24:07', 0, '2019-09-12 00:24:07', 0);
INSERT INTO `tb_newbee_mall_goods_category` VALUES (85, 2, 62, '清洁', 8, 0, '2019-09-12 00:24:15', 0, '2019-09-17 18:22:51', 0);
INSERT INTO `tb_newbee_mall_goods_category` VALUES (86, 3, 83, '口红', 10, 0, '2019-09-12 00:24:38', 0, '2019-09-17 18:23:08', 0);
INSERT INTO `tb_newbee_mall_goods_category` VALUES (87, 2, 63, '工具', 10, 0, '2019-09-12 00:24:56', 0, '2019-09-12 00:24:56', 0);
INSERT INTO `tb_newbee_mall_goods_category` VALUES (88, 2, 63, '装修', 9, 0, '2019-09-12 00:25:05', 0, '2019-09-12 00:25:05', 0);
INSERT INTO `tb_newbee_mall_goods_category` VALUES (89, 2, 63, '建材', 8, 0, '2019-09-12 00:25:12', 0, '2019-09-12 00:25:12', 0);
INSERT INTO `tb_newbee_mall_goods_category` VALUES (90, 3, 87, '转换器', 10, 0, '2019-09-12 00:25:45', 0, '2019-09-12 00:25:45', 0);
INSERT INTO `tb_newbee_mall_goods_category` VALUES (91, 2, 64, '珠宝', 10, 0, '2019-09-12 00:26:10', 0, '2019-09-12 00:26:10', 0);
INSERT INTO `tb_newbee_mall_goods_category` VALUES (92, 2, 64, '金饰', 9, 0, '2019-09-12 00:26:18', 0, '2019-09-12 00:26:18', 0);
INSERT INTO `tb_newbee_mall_goods_category` VALUES (93, 2, 64, '眼镜', 8, 0, '2019-09-12 00:26:25', 0, '2019-09-12 00:26:25', 0);
INSERT INTO `tb_newbee_mall_goods_category` VALUES (94, 3, 91, '钻石', 10, 0, '2019-09-12 00:26:40', 0, '2019-09-12 00:26:40', 0);
INSERT INTO `tb_newbee_mall_goods_category` VALUES (95, 2, 66, '鞋靴', 10, 0, '2019-09-12 00:27:09', 0, '2019-09-12 00:27:09', 0);
INSERT INTO `tb_newbee_mall_goods_category` VALUES (96, 2, 66, '箱包', 9, 0, '2019-09-12 00:27:17', 0, '2019-09-12 00:27:17', 0);
INSERT INTO `tb_newbee_mall_goods_category` VALUES (97, 2, 66, '配件', 8, 0, '2019-09-12 00:27:23', 0, '2019-09-12 00:27:23', 0);
INSERT INTO `tb_newbee_mall_goods_category` VALUES (98, 3, 95, '休闲鞋', 10, 0, '2019-09-12 00:27:48', 0, '2019-09-12 00:27:48', 0);
INSERT INTO `tb_newbee_mall_goods_category` VALUES (99, 3, 83, '气垫', 0, 0, '2019-09-17 18:24:23', 0, '2019-09-17 18:24:23', 0);
INSERT INTO `tb_newbee_mall_goods_category` VALUES (100, 3, 83, '美白', 0, 0, '2019-09-17 18:24:36', 0, '2019-09-17 18:24:36', 0);
INSERT INTO `tb_newbee_mall_goods_category` VALUES (101, 3, 83, '隔离霜', 0, 0, '2019-09-17 18:27:04', 0, '2019-09-17 18:27:04', 0);
INSERT INTO `tb_newbee_mall_goods_category` VALUES (102, 3, 83, '粉底', 0, 0, '2019-09-17 18:27:19', 0, '2019-09-17 18:27:19', 0);
INSERT INTO `tb_newbee_mall_goods_category` VALUES (103, 3, 83, '腮红', 0, 0, '2019-09-17 18:27:24', 0, '2019-09-17 18:27:24', 0);
INSERT INTO `tb_newbee_mall_goods_category` VALUES (104, 3, 83, '睫毛膏', 0, 0, '2019-09-17 18:27:47', 0, '2019-09-17 18:27:47', 0);
INSERT INTO `tb_newbee_mall_goods_category` VALUES (105, 3, 83, '香水', 0, 0, '2019-09-17 18:28:16', 0, '2019-09-17 18:28:16', 0);
INSERT INTO `tb_newbee_mall_goods_category` VALUES (106, 3, 83, '面膜', 0, 0, '2019-09-17 18:28:21', 0, '2019-09-17 18:28:21', 0);
INSERT INTO `tb_newbee_mall_goods_category` VALUES (107, 3, 84, '萝莉', 0, 0, '2021-01-19 09:00:45', 0, '2021-01-19 09:00:45', 0);
INSERT INTO `tb_newbee_mall_goods_category` VALUES (108, 2, 15, '平板', 10, 0, '2021-01-20 05:02:04', 0, '2021-01-20 05:02:04', 0);
INSERT INTO `tb_newbee_mall_goods_category` VALUES (109, 3, 108, 'ipad', 0, 0, '2021-01-20 05:02:14', 0, '2021-01-20 05:02:14', 0);
INSERT INTO `tb_newbee_mall_goods_category` VALUES (110, 3, 19, '华为p20', 0, 0, '2021-01-20 11:20:02', 0, '2021-01-20 11:20:02', 0);
INSERT INTO `tb_newbee_mall_goods_category` VALUES (111, 3, 108, '华为平板', 0, 0, '2021-01-20 12:20:49', 0, '2021-01-20 12:20:49', 0);
INSERT INTO `tb_newbee_mall_goods_category` VALUES (112, 2, 65, '清洗工具', 9, 0, '2021-01-26 06:52:54', 0, '2021-01-26 15:02:17', 0);
INSERT INTO `tb_newbee_mall_goods_category` VALUES (113, 1, 0, '电脑 电脑配件 配件的配件', 101, 0, '2021-01-26 06:55:17', 0, '2021-01-26 06:55:17', 0);
INSERT INTO `tb_newbee_mall_goods_category` VALUES (114, 2, 113, '电脑配件', 2, 0, '2021-01-26 06:59:15', 0, '2021-01-26 06:59:15', 0);
INSERT INTO `tb_newbee_mall_goods_category` VALUES (115, 2, 113, '电脑配件1', 0, 0, '2021-01-26 06:59:27', 0, '2021-01-26 06:59:27', 0);
INSERT INTO `tb_newbee_mall_goods_category` VALUES (116, 2, 113, '电脑配件2', 0, 0, '2021-01-26 06:59:32', 0, '2021-01-26 06:59:32', 0);
INSERT INTO `tb_newbee_mall_goods_category` VALUES (117, 3, 115, '电脑配件1的配件1', 0, 0, '2021-01-26 06:59:50', 0, '2021-01-26 06:59:50', 0);
INSERT INTO `tb_newbee_mall_goods_category` VALUES (118, 3, 114, '电脑配件的配件', 0, 0, '2021-01-26 07:00:00', 0, '2021-01-26 07:00:00', 0);
INSERT INTO `tb_newbee_mall_goods_category` VALUES (119, 2, 65, '孕产', 0, 0, '2021-01-26 07:03:07', 0, '2021-01-26 07:03:07', 0);
INSERT INTO `tb_newbee_mall_goods_category` VALUES (120, 3, 119, '用品', 12, 0, '2021-01-26 07:03:23', 0, '2021-01-26 07:03:23', 0);
INSERT INTO `tb_newbee_mall_goods_category` VALUES (121, 3, 119, '用品1', 11, 0, '2021-01-26 07:03:34', 0, '2021-01-26 07:03:34', 0);
INSERT INTO `tb_newbee_mall_goods_category` VALUES (122, 2, 65, '问问', 0, 0, '2021-01-26 07:04:27', 0, '2021-01-26 07:04:27', 0);
INSERT INTO `tb_newbee_mall_goods_category` VALUES (123, 3, 122, '文艺', 0, 0, '2021-01-26 07:04:45', 0, '2021-01-26 07:04:45', 0);
INSERT INTO `tb_newbee_mall_goods_category` VALUES (124, 3, 112, '拖把', 21, 0, '2021-01-26 07:05:16', 0, '2021-01-26 07:05:16', 0);
INSERT INTO `tb_newbee_mall_goods_category` VALUES (125, 3, 112, '液体工具', 22, 0, '2021-01-26 07:05:57', 0, '2021-01-26 07:05:57', 0);
INSERT INTO `tb_newbee_mall_goods_category` VALUES (126, 3, 112, '固体工具', 0, 0, '2021-01-26 07:06:30', 0, '2021-01-26 07:06:30', 0);
INSERT INTO `tb_newbee_mall_goods_category` VALUES (127, 2, 65, '我去', 0, 1, '2021-01-26 07:06:38', 0, '2021-01-26 07:06:38', 0);
INSERT INTO `tb_newbee_mall_goods_category` VALUES (128, 3, 119, '用品2', 0, 0, '2021-01-26 09:02:30', 0, '2021-01-26 09:02:30', 0);
INSERT INTO `tb_newbee_mall_goods_category` VALUES (129, 3, 75, '吉他', 0, 0, '2021-01-27 10:09:56', 0, '2021-01-27 10:09:56', 0);
INSERT INTO `tb_newbee_mall_goods_category` VALUES (130, 3, 75, '笛子', 0, 0, '2021-01-27 10:10:07', 0, '2021-01-27 10:10:07', 0);
INSERT INTO `tb_newbee_mall_goods_category` VALUES (131, 3, 75, '钢琴', 2, 0, '2021-01-27 10:10:17', 0, '2021-01-27 10:10:17', 0);

-- ----------------------------
-- Table structure for tb_newbee_mall_goods_info
-- ----------------------------
DROP TABLE IF EXISTS `tb_newbee_mall_goods_info`;
CREATE TABLE `tb_newbee_mall_goods_info`  (
  `goods_id` bigint(0) UNSIGNED NOT NULL AUTO_INCREMENT COMMENT '商品表主键id',
  `goods_name` varchar(200) CHARACTER SET utf8 COLLATE utf8_general_ci NOT NULL DEFAULT '' COMMENT '商品名',
  `goods_intro` varchar(200) CHARACTER SET utf8 COLLATE utf8_general_ci NOT NULL DEFAULT '' COMMENT '商品简介',
  `goods_category_id` bigint(0) NOT NULL DEFAULT 0 COMMENT '关联分类id',
  `goods_cover_img` varchar(200) CHARACTER SET utf8 COLLATE utf8_general_ci NOT NULL DEFAULT '/admin/dist/img/no-img.png' COMMENT '商品主图',
  `goods_carousel` varchar(500) CHARACTER SET utf8 COLLATE utf8_general_ci NOT NULL DEFAULT '/admin/dist/img/no-img.png' COMMENT '商品轮播图',
  `goods_detail_content` text CHARACTER SET utf8 COLLATE utf8_general_ci NULL COMMENT '商品详情',
  `original_price` int(0) NOT NULL DEFAULT 1 COMMENT '商品价格',
  `selling_price` int(0) NOT NULL DEFAULT 1 COMMENT '商品实际售价',
  `stock_num` int(0) NOT NULL DEFAULT 0 COMMENT '商品库存数量',
  `tag` varchar(20) CHARACTER SET utf8 COLLATE utf8_general_ci NOT NULL DEFAULT '' COMMENT '商品标签',
  `goods_sell_status` tinyint(0) NOT NULL DEFAULT 0 COMMENT '商品上架状态 0-下架 1-上架',
  `create_user` int(0) NULL DEFAULT 0 COMMENT '添加者主键id',
  `create_time` datetime(0) NULL DEFAULT CURRENT_TIMESTAMP COMMENT '商品添加时间',
  `update_user` int(0) NULL DEFAULT 0 COMMENT '修改者主键id',
  `update_time` datetime(0) NULL DEFAULT CURRENT_TIMESTAMP COMMENT '商品修改时间',
  PRIMARY KEY (`goods_id`) USING BTREE
) ENGINE = InnoDB AUTO_INCREMENT = 10919 CHARACTER SET = utf8 COLLATE = utf8_general_ci ROW_FORMAT = Dynamic;

-- ----------------------------
-- Records of tb_newbee_mall_goods_info
-- ----------------------------
INSERT INTO `tb_newbee_mall_goods_info` VALUES (10003, '无印良品 MUJI 基础润肤化妆水', '滋润型 400ml', 0, '/s/87446ec4-e534-4b49-9f7d-9bea34665284.jpg', '/s/87446ec4-e534-4b49-9f7d-9bea34665284.jpg', '<p>商品介绍加载中...</p>', 100, 100, 1000, '', 1, 0, '2021-01-29 13:18:47', 0, '2021-01-29 10:41:59');
INSERT INTO `tb_newbee_mall_goods_info` VALUES (10004, '无印良品 MUJI 柔和洁面泡沫', '120g', 0, '/s/45854bdd-2ca5-423c-a609-3d336d9322b4.jpg', '/s/45854bdd-2ca5-423c-a609-3d336d9322b4.jpg', '<p>商品介绍加载中...</p>', 45, 45, 998, '', 0, 0, '2019-09-18 13:18:47', 0, '2020-10-13 10:41:59');
INSERT INTO `tb_newbee_mall_goods_info` VALUES (10005, '无印良品 MUJI 基础润肤乳液', '高保湿型 200ml', 0, '/s/7614ce78-0ebc-4275-a7cc-d16ad5f5f6ed.jpg', '/s/7614ce78-0ebc-4275-a7cc-d16ad5f5f6ed.jpg', '<p>商品介绍加载中...</p>', 83, 83, 997, '', 0, 0, '2019-09-18 13:18:47', 0, '2020-10-13 10:41:59');
INSERT INTO `tb_newbee_mall_goods_info` VALUES (10006, '无印良品 MUJI 基础润肤乳液', '滋润型 400ml', 0, '/s/ef75879d-3d3e-4bab-888d-1e4036491e11.jpg', '/s/ef75879d-3d3e-4bab-888d-1e4036491e11.jpg', '<p>商品介绍加载中...</p>', 100, 100, 1000, '', 0, 0, '2019-09-18 13:18:47', 0, '2020-10-13 10:41:59');
INSERT INTO `tb_newbee_mall_goods_info` VALUES (10007, '无印良品 MUJI 基础润肤化妆水', '高保湿型 400ml', 0, '/s/558422d1-640e-442d-a073-2b2bdd95c4ed.jpg', '/s/558422d1-640e-442d-a073-2b2bdd95c4ed.jpg', '<p>商品介绍加载中...</p>', 127, 127, 1000, '', 0, 0, '2019-09-18 13:18:47', 0, '2020-10-13 10:41:59');
INSERT INTO `tb_newbee_mall_goods_info` VALUES (10008, '无印良品 MUJI 基础润肤化妆水', '清爽型 200ml', 0, '/s/89660409-78b7-4d47-ae12-f94b3ce9664b.png', '/s/89660409-78b7-4d47-ae12-f94b3ce9664b.png', '<p>商品介绍加载中...</p>', 70, 70, 1000, '', 0, 0, '2019-09-18 13:18:47', 0, '2020-10-13 10:41:59');
INSERT INTO `tb_newbee_mall_goods_info` VALUES (10009, '无印良品 MUJI 男式', '无侧缝法兰绒 睡衣 海军蓝 L', 0, '/s/f172c500-21d0-42e3-95ce-aa9b84a2ef49.jpg', '/s/f172c500-21d0-42e3-95ce-aa9b84a2ef49.jpg', '<p>商品介绍加载中...</p>', 398, 199, 1000, '', 0, 0, '2019-09-18 13:18:47', 0, '2020-10-13 10:41:59');
INSERT INTO `tb_newbee_mall_goods_info` VALUES (10010, '无印良品 MUJI 基础润肤洁面泡沫', '200ml', 0, '/s/f87bdee1-ed48-4b49-b701-cc44f26a2699.jpg', '/s/f87bdee1-ed48-4b49-b701-cc44f26a2699.jpg', '<p>商品介绍加载中...</p>', 83, 83, 999, '', 0, 0, '2019-09-18 13:18:47', 0, '2020-10-13 10:41:59');
INSERT INTO `tb_newbee_mall_goods_info` VALUES (10011, '无印良品 MUJI 平衡高保湿化妆水', '新蜂精选', 0, '/s/16230038-bf86-4d4e-a11f-954b9ee4bab2.jpg', '/s/16230038-bf86-4d4e-a11f-954b9ee4bab2.jpg', '<p>商品介绍加载中...</p>', 130, 65, 1000, '', 0, 0, '2019-09-18 13:18:47', 0, '2020-10-13 10:41:59');
INSERT INTO `tb_newbee_mall_goods_info` VALUES (10012, '无印良品 MUJI 凝胶墨水圆珠笔', '蓝黑色', 0, '/s/a952ecce-32e7-474e-9c1b-943962e0a580.jpg', '/s/a952ecce-32e7-474e-9c1b-943962e0a580.jpg', '<p>商品介绍加载中...</p>', 8, 5, 1000, '', 0, 0, '2019-09-18 13:18:47', 0, '2020-10-13 10:41:59');
INSERT INTO `tb_newbee_mall_goods_info` VALUES (10013, '无印良品 MUJI 平衡保湿乳霜', '50g', 0, '/s/904c8aa1-0257-49e8-ad89-f48d2462db21.jpg', '/s/904c8aa1-0257-49e8-ad89-f48d2462db21.jpg', '<p>商品介绍加载中...</p>', 130, 65, 1000, '', 0, 0, '2019-09-18 13:18:47', 0, '2020-10-13 10:41:59');
INSERT INTO `tb_newbee_mall_goods_info` VALUES (10014, '无印良品 MUJI 基础润肤乳液', '清爽型 200ml', 0, '/s/d66b6e0e-48d4-4503-8dd6-43b3c71f52a4.png', '/s/d66b6e0e-48d4-4503-8dd6-43b3c71f52a4.png', '<p>商品介绍加载中...</p>', 70, 70, 1000, '', 0, 0, '2019-09-18 13:18:47', 0, '2020-10-13 10:41:59');
INSERT INTO `tb_newbee_mall_goods_info` VALUES (10015, '无印良品 MUJI 平衡洁面泡沫', '100g', 0, '/s/d0d8f6d1-1f2d-49f8-9099-0cdd94833581.jpg', '/s/d0d8f6d1-1f2d-49f8-9099-0cdd94833581.jpg', '<p>商品介绍加载中...</p>', 85, 42, 1000, '', 0, 0, '2019-09-18 13:18:47', 0, '2020-10-13 10:41:59');
INSERT INTO `tb_newbee_mall_goods_info` VALUES (10016, '无印良品 MUJI 基础润肤乳液', '滋润型 200ml', 0, '/s/e553f566-5dc4-4648-be58-fd7112a47b10.jpg', '/s/e553f566-5dc4-4648-be58-fd7112a47b10.jpg', '<p>商品介绍加载中...</p>', 61, 61, 1000, '', 0, 0, '2019-09-18 13:18:47', 0, '2020-10-13 10:41:59');
INSERT INTO `tb_newbee_mall_goods_info` VALUES (10017, '无印良品 MUJI 便携式香薰机', '新蜂精选', 0, '/s/a9c0d929-6f0b-4bc7-819c-e5015f447a9e.jpg', '/s/a9c0d929-6f0b-4bc7-819c-e5015f447a9e.jpg', '<p>商品介绍加载中...</p>', 200, 200, 1000, '', 0, 0, '2019-09-18 13:18:47', 0, '2020-10-13 10:41:59');
INSERT INTO `tb_newbee_mall_goods_info` VALUES (10018, '无印良品 MUJI 女式', '粗棉线条纹长袖T恤 白色*横条 L', 0, '/s/38d5f694-2236-415d-80c8-4a1695e92d4e.jpg', '/s/38d5f694-2236-415d-80c8-4a1695e92d4e.jpg', '<p>商品介绍加载中...</p>', 198, 70, 1000, '', 0, 0, '2019-09-18 13:18:47', 0, '2020-10-13 10:41:59');
INSERT INTO `tb_newbee_mall_goods_info` VALUES (10019, '无印良品（MUJI） 聚丙烯化妆盒 1/2', '半透明约150x220x86mm', 0, '/s/f6832ed7-cb01-48ab-987f-cd437b21be80.jpg', '/s/f6832ed7-cb01-48ab-987f-cd437b21be80.jpg', '<p>商品介绍加载中...</p>', 30, 30, 1000, '', 1, 0, '2019-09-18 13:18:47', 0, '2020-10-13 17:05:01');
INSERT INTO `tb_newbee_mall_goods_info` VALUES (10020, '无印良品 MUJI 聚丙烯', '笔盒 大/约184*64*25㎜', 0, '/s/6c7f7a0d-4d73-406e-adcc-6f666ce4e2c9.jpg', '/s/6c7f7a0d-4d73-406e-adcc-6f666ce4e2c9.jpg', '<p>商品介绍加载中...</p>', 18, 18, 1000, '', 0, 0, '2019-09-18 13:18:47', 0, '2020-10-13 10:41:59');
INSERT INTO `tb_newbee_mall_goods_info` VALUES (10021, '无印良品（MUJI） 无针订书机 其他', '新蜂精选', 0, '/s/cf19de8b-e94e-4513-aecd-a0b5c976b738.jpg', '/s/cf19de8b-e94e-4513-aecd-a0b5c976b738.jpg', '<p>商品介绍加载中...</p>', 52, 52, 997, '', 0, 0, '2019-09-18 13:18:47', 0, '2020-10-13 10:41:59');
INSERT INTO `tb_newbee_mall_goods_info` VALUES (10022, '无印良品 MUJI 塑料橡皮', '黑色 小', 0, '/s/d4f3299d-d526-4a81-ae9f-3b53e735075e.jpg', '/s/d4f3299d-d526-4a81-ae9f-3b53e735075e.jpg', '<p>商品介绍加载中...</p>', 4, 4, 1000, '', 0, 0, '2019-09-18 13:18:47', 0, '2020-10-13 10:41:59');
INSERT INTO `tb_newbee_mall_goods_info` VALUES (10023, '无印良品 MUJI 大容量基础乳液/高保湿型', '400ml', 0, '/s/ea92b50a-67ba-4279-a71a-4e52e6a3219c.jpg', '/s/ea92b50a-67ba-4279-a71a-4e52e6a3219c.jpg', '<p>商品介绍加载中...</p>', 140, 140, 1000, '', 0, 0, '2019-09-18 13:18:47', 0, '2020-10-13 10:41:59');
INSERT INTO `tb_newbee_mall_goods_info` VALUES (10024, '无印良品 MUJI 基础润肤化妆水', '滋润型 400ml', 0, '/s/beb26b1b-7a73-48c2-a9f7-727ad92401f6.jpg', '/s/beb26b1b-7a73-48c2-a9f7-727ad92401f6.jpg', '<p>商品介绍加载中...</p>', 100, 100, 1000, '', 0, 0, '2019-09-18 13:18:52', 0, '2020-10-13 10:41:59');
INSERT INTO `tb_newbee_mall_goods_info` VALUES (10025, '无印良品 MUJI 柔和洁面泡沫', '120g', 0, '/s/bf1dc4d1-acc2-40c8-8091-1c6f35988643.jpg', '/s/bf1dc4d1-acc2-40c8-8091-1c6f35988643.jpg', '<p>商品介绍加载中...</p>', 45, 45, 1000, '', 0, 0, '2019-09-18 13:18:52', 0, '2020-10-13 10:41:59');
INSERT INTO `tb_newbee_mall_goods_info` VALUES (10026, '无印良品 MUJI 基础润肤乳液', '高保湿型 200ml', 0, '/s/4059caa9-e0b3-4ac3-a494-b9e4c47e0185.jpg', '/s/4059caa9-e0b3-4ac3-a494-b9e4c47e0185.jpg', '<p>商品介绍加载中...</p>', 83, 83, 999, '', 0, 0, '2019-09-18 13:18:52', 0, '2020-10-13 10:41:59');
INSERT INTO `tb_newbee_mall_goods_info` VALUES (10027, '无印良品 MUJI 基础润肤乳液', '滋润型 400ml', 0, '/s/a4a4c981-da0f-4228-bcc7-97d970dc619c.jpg', '/s/a4a4c981-da0f-4228-bcc7-97d970dc619c.jpg', '<p>商品介绍加载中...</p>', 100, 100, 1000, '', 0, 0, '2019-09-18 13:18:52', 0, '2020-10-13 10:41:59');
INSERT INTO `tb_newbee_mall_goods_info` VALUES (10028, '无印良品 MUJI 基础润肤化妆水', '高保湿型 400ml', 0, '/s/98b5c5b5-cc75-4dfb-8ec4-0a7f42af6183.jpg', '/s/98b5c5b5-cc75-4dfb-8ec4-0a7f42af6183.jpg', '<p>商品介绍加载中...</p>', 127, 127, 1000, '', 0, 0, '2019-09-18 13:18:52', 0, '2020-10-13 10:41:59');
INSERT INTO `tb_newbee_mall_goods_info` VALUES (10029, '无印良品 MUJI 基础润肤化妆水', '清爽型 200ml', 0, '/s/71d1f469-b77b-473a-a31a-78fc97859b3a.png', '/s/71d1f469-b77b-473a-a31a-78fc97859b3a.png', '<p>商品介绍加载中...</p>', 70, 70, 1000, '', 0, 0, '2019-09-18 13:18:52', 0, '2020-10-13 10:41:59');
INSERT INTO `tb_newbee_mall_goods_info` VALUES (10030, '无印良品 MUJI 男式', '无侧缝法兰绒 睡衣 海军蓝 L', 0, '/s/68bfbfd9-bc28-429a-ab2c-7fa62205ed7e.jpg', '/s/68bfbfd9-bc28-429a-ab2c-7fa62205ed7e.jpg', '<p>商品介绍加载中...</p>', 398, 199, 1000, '', 0, 0, '2019-09-18 13:18:52', 0, '2020-10-13 10:41:59');
INSERT INTO `tb_newbee_mall_goods_info` VALUES (10031, '无印良品 MUJI 基础润肤洁面泡沫', '200ml', 0, '/s/679eb5a8-7689-4620-b072-63daeb8eb73a.jpg', '/s/679eb5a8-7689-4620-b072-63daeb8eb73a.jpg', '<p>商品介绍加载中...</p>', 83, 83, 1000, '', 0, 0, '2019-09-18 13:18:52', 0, '2020-10-13 10:41:59');
INSERT INTO `tb_newbee_mall_goods_info` VALUES (10032, '无印良品 MUJI 平衡高保湿化妆水', '新蜂精选', 0, '/s/eb13afc6-8898-4a50-9f93-06dd2593c313.jpg', '/s/eb13afc6-8898-4a50-9f93-06dd2593c313.jpg', '<p>商品介绍加载中...</p>', 130, 65, 1000, '', 0, 0, '2019-09-18 13:18:52', 0, '2020-10-13 10:41:59');
INSERT INTO `tb_newbee_mall_goods_info` VALUES (10033, '无印良品 MUJI 凝胶墨水圆珠笔', '蓝黑色', 0, '/s/85a893fe-c971-4f0b-aa0f-4c24b65b1c75.jpg', '/s/85a893fe-c971-4f0b-aa0f-4c24b65b1c75.jpg', '<p>商品介绍加载中...</p>', 8, 5, 1000, '', 0, 0, '2019-09-18 13:18:52', 0, '2020-10-13 10:41:59');
INSERT INTO `tb_newbee_mall_goods_info` VALUES (10034, '无印良品 MUJI 平衡保湿乳霜', '50g', 0, '/s/65aed381-cde0-44ed-b345-5ebf1d74a13b.jpg', '/s/65aed381-cde0-44ed-b345-5ebf1d74a13b.jpg', '<p>商品介绍加载中...</p>', 130, 65, 1000, '', 0, 0, '2019-09-18 13:18:52', 0, '2020-10-13 10:41:59');
INSERT INTO `tb_newbee_mall_goods_info` VALUES (10035, '无印良品 MUJI 基础润肤乳液', '清爽型 200ml', 0, '/s/1e09e1ed-435b-4f08-84d0-d88308a315ee.png', '/s/1e09e1ed-435b-4f08-84d0-d88308a315ee.png', '<p>商品介绍加载中...</p>', 70, 70, 1000, '', 0, 0, '2019-09-18 13:18:52', 0, '2020-10-13 10:41:59');
INSERT INTO `tb_newbee_mall_goods_info` VALUES (10036, '无印良品 MUJI 平衡洁面泡沫', '100g', 0, '/s/dbc2ea2a-ee03-4366-a35e-6ebe66d02399.jpg', '/s/dbc2ea2a-ee03-4366-a35e-6ebe66d02399.jpg', '<p>商品介绍加载中...</p>', 85, 42, 1000, '', 0, 0, '2019-09-18 13:18:52', 0, '2020-10-13 10:41:59');
INSERT INTO `tb_newbee_mall_goods_info` VALUES (10037, '无印良品 MUJI 基础润肤乳液', '滋润型 200ml', 0, '/s/9389914c-2860-4a75-b603-53ed5a4e0509.jpg', '/s/9389914c-2860-4a75-b603-53ed5a4e0509.jpg', '<p>商品介绍加载中...</p>', 61, 61, 1000, '', 0, 0, '2019-09-18 13:18:52', 0, '2020-10-13 10:41:59');
INSERT INTO `tb_newbee_mall_goods_info` VALUES (10038, '无印良品 MUJI 便携式香薰机', '新蜂精选', 0, '/s/6ab010e2-5f1e-4512-bd22-4c2550915d4c.jpg', '/s/6ab010e2-5f1e-4512-bd22-4c2550915d4c.jpg', '<p>商品介绍加载中...</p>', 200, 200, 1000, '', 0, 0, '2019-09-18 13:18:52', 0, '2020-10-13 10:41:59');
INSERT INTO `tb_newbee_mall_goods_info` VALUES (10039, '无印良品 MUJI 女式', '粗棉线条纹长袖T恤 白色*横条 L', 0, '/s/fab00903-7ff6-40ee-a9bc-3fbc2f0f0ffc.jpg', '/s/fab00903-7ff6-40ee-a9bc-3fbc2f0f0ffc.jpg', '<p>商品介绍加载中...</p>', 198, 70, 1000, '', 0, 0, '2019-09-18 13:18:52', 0, '2020-10-13 10:41:59');
INSERT INTO `tb_newbee_mall_goods_info` VALUES (10040, '无印良品（MUJI） 聚丙烯化妆盒 1/2', '半透明约150x220x86mm', 0, '/s/ab725751-adb8-452a-86dd-cb3d21da794e.jpg', '/s/ab725751-adb8-452a-86dd-cb3d21da794e.jpg', '<p>商品介绍加载中...</p>', 30, 30, 1000, '', 0, 0, '2019-09-18 13:18:52', 0, '2020-10-13 10:41:59');
INSERT INTO `tb_newbee_mall_goods_info` VALUES (10041, '无印良品 MUJI 聚丙烯', '笔盒 大/约184*64*25㎜', 0, '/s/9f623290-928c-498f-89e6-171372b394f2.jpg', '/s/9f623290-928c-498f-89e6-171372b394f2.jpg', '<p>商品介绍加载中...</p>', 18, 18, 1000, '', 0, 0, '2019-09-18 13:18:52', 0, '2020-10-13 10:41:59');
INSERT INTO `tb_newbee_mall_goods_info` VALUES (10042, '无印良品（MUJI） 无针订书机 其他', '新蜂精选', 0, '/s/a7221688-3c37-4ac0-b07e-d8bde1525d1e.jpg', '/s/a7221688-3c37-4ac0-b07e-d8bde1525d1e.jpg', '<p>商品介绍加载中...</p>', 52, 52, 1000, '', 0, 0, '2019-09-18 13:18:52', 0, '2020-10-13 10:41:59');
INSERT INTO `tb_newbee_mall_goods_info` VALUES (10043, '无印良品 MUJI 塑料橡皮', '黑色 小', 0, '/s/75e26af4-8f15-43f2-9407-50d641f82acb.jpg', '/s/75e26af4-8f15-43f2-9407-50d641f82acb.jpg', '<p>商品介绍加载中...</p>', 4, 4, 1000, '', 0, 0, '2019-09-18 13:18:52', 0, '2020-10-13 10:41:59');
INSERT INTO `tb_newbee_mall_goods_info` VALUES (10044, '无印良品 MUJI 大容量基础乳液/高保湿型', '400ml', 0, '/s/69d55773-1b43-497b-af18-90f2cec7c93a.jpg', '/s/69d55773-1b43-497b-af18-90f2cec7c93a.jpg', '<p>商品介绍加载中...</p>', 140, 140, 1000, '', 0, 0, '2019-09-18 13:18:52', 0, '2020-10-13 10:41:59');
INSERT INTO `tb_newbee_mall_goods_info` VALUES (10045, '无印良品 MUJI 毛笔', '黑色', 0, '/s/419ddb3c-1793-49c1-8953-77409a5d5bce.jpg', '/s/419ddb3c-1793-49c1-8953-77409a5d5bce.jpg', '<p>商品介绍加载中...</p>', 20, 20, 1000, '', 0, 0, '2019-09-18 13:19:02', 0, '2020-10-13 10:41:59');
INSERT INTO `tb_newbee_mall_goods_info` VALUES (10046, '无印良品 MUJI 塑料橡皮', '白色 小', 0, '/s/e53cc7af-f81c-4752-aec8-007e807b2fc1.jpg', '/s/e53cc7af-f81c-4752-aec8-007e807b2fc1.jpg', '<p>商品介绍加载中...</p>', 4, 4, 1000, '', 0, 0, '2019-09-18 13:19:02', 0, '2020-10-13 10:41:59');
INSERT INTO `tb_newbee_mall_goods_info` VALUES (10047, '无印良品 MUJI 男式', '无侧缝法兰绒 睡衣 深海军蓝X格子 L', 0, '/s/481e8994-20cb-4f6c-8b77-4eb8509eb3b9.jpg', '/s/481e8994-20cb-4f6c-8b77-4eb8509eb3b9.jpg', '<p>商品介绍加载中...</p>', 398, 199, 1000, '', 0, 0, '2019-09-18 13:19:02', 0, '2020-10-13 10:41:59');
INSERT INTO `tb_newbee_mall_goods_info` VALUES (10048, '无印良品 MUJI 荧光笔', '蓝色', 0, '/s/012ebf2d-8c96-4641-8782-eab01c85d98f.jpg', '/s/012ebf2d-8c96-4641-8782-eab01c85d98f.jpg', '<p>商品介绍加载中...</p>', 10, 10, 1000, '', 0, 0, '2019-09-18 13:19:02', 0, '2020-10-13 10:41:59');
INSERT INTO `tb_newbee_mall_goods_info` VALUES (10049, '无印良品（MUJI） 钢制指甲刀 小', '新蜂精选', 0, '/s/2c150720-4b3a-4d9e-9ce6-77eb4998e1f1.jpg', '/s/2c150720-4b3a-4d9e-9ce6-77eb4998e1f1.jpg', '<p>商品介绍加载中...</p>', 42, 42, 1000, '', 0, 0, '2019-09-18 13:19:02', 0, '2020-10-13 10:41:59');
INSERT INTO `tb_newbee_mall_goods_info` VALUES (10050, '无印良品 MUJI 长条诗笺型笔记表格', '白色 40枚 14行', 0, '/s/e7d2ea3f-6703-4fcc-bbb4-ad9ef43a0ae2.jpg', '/s/e7d2ea3f-6703-4fcc-bbb4-ad9ef43a0ae2.jpg', '<p>商品介绍加载中...</p>', 10, 10, 1000, '', 0, 0, '2019-09-18 13:19:02', 0, '2020-10-13 10:41:59');
INSERT INTO `tb_newbee_mall_goods_info` VALUES (10051, '无印良品 MUJI PET喷雾小分装瓶100ml', '新蜂精选', 0, '/s/0ec8c4a7-aedc-464d-9e23-d3e4acafdc73.jpg', '/s/0ec8c4a7-aedc-464d-9e23-d3e4acafdc73.jpg', '<p>商品介绍加载中...</p>', 30, 30, 1000, '', 0, 0, '2019-09-18 13:19:02', 0, '2020-10-13 10:41:59');
INSERT INTO `tb_newbee_mall_goods_info` VALUES (10052, '无印良品 MUJI 塑料橡皮', '黑色 大', 0, '/s/ce8ff43c-e8b4-4c52-9de1-c983c97068f6.jpg', '/s/ce8ff43c-e8b4-4c52-9de1-c983c97068f6.jpg', '<p>商品介绍加载中...</p>', 7, 7, 1000, '', 0, 0, '2019-09-18 13:19:02', 0, '2020-10-13 10:41:59');
INSERT INTO `tb_newbee_mall_goods_info` VALUES (10053, '无印良品 MUJI 荧光笔', '黄色', 0, '/s/79b38a89-b02a-4fd1-80c4-5cb426028536.jpg', '/s/79b38a89-b02a-4fd1-80c4-5cb426028536.jpg', '<p>商品介绍加载中...</p>', 10, 10, 1000, '', 0, 0, '2019-09-18 13:19:02', 0, '2020-10-13 10:41:59');
INSERT INTO `tb_newbee_mall_goods_info` VALUES (10054, '无印良品 MUJI 遮瑕膏', '棒状 自然色', 0, '/s/ffa69c8e-f57f-4ef4-a2a0-3695d538d6c5.jpg', '/s/ffa69c8e-f57f-4ef4-a2a0-3695d538d6c5.jpg', '<p>商品介绍加载中...</p>', 42, 42, 1000, '', 0, 0, '2019-09-18 13:19:02', 0, '2020-10-13 10:41:59');
INSERT INTO `tb_newbee_mall_goods_info` VALUES (10055, '无印良品 MUJI 马桶刷/附盒子', '白色', 0, '/s/9dd1cdfb-e7f9-4d3c-98df-933e2bc3f9a8.jpg', '/s/9dd1cdfb-e7f9-4d3c-98df-933e2bc3f9a8.jpg', '<p>商品介绍加载中...</p>', 70, 70, 1000, '', 0, 0, '2019-09-18 13:19:02', 0, '2020-10-13 10:41:59');
INSERT INTO `tb_newbee_mall_goods_info` VALUES (10056, '无印良品 MUJI 耐热玻璃_壶_大', '透明', 0, '/s/0bc4f5ac-d601-421d-8131-81958a195705.jpg', '/s/0bc4f5ac-d601-421d-8131-81958a195705.jpg', '<p>商品介绍加载中...</p>', 150, 150, 1000, '', 0, 0, '2019-09-18 13:19:02', 0, '2020-10-13 10:41:59');
INSERT INTO `tb_newbee_mall_goods_info` VALUES (10057, '无印良品 MUJI 女式', '平纹短袖衬衫 藏青色 M', 0, '/s/76b6a573-12a0-4c63-b2ae-e7193aff0fc8.jpg', '/s/76b6a573-12a0-4c63-b2ae-e7193aff0fc8.jpg', '<p>商品介绍加载中...</p>', 198, 59, 1000, '', 0, 0, '2019-09-18 13:19:02', 0, '2020-10-13 10:41:59');
INSERT INTO `tb_newbee_mall_goods_info` VALUES (10058, '无印良品 MUJI 基础润肤化妆水', '清爽型 50ml', 0, '/s/af7f9b21-d782-4bad-8b1a-d86bbc4d224e.png', '/s/af7f9b21-d782-4bad-8b1a-d86bbc4d224e.png', '<p>商品介绍加载中...</p>', 28, 22, 1000, '', 0, 0, '2019-09-18 13:19:02', 0, '2020-10-13 10:41:59');
INSERT INTO `tb_newbee_mall_goods_info` VALUES (10059, '无印良品 MUJI 男式', '无侧缝法兰绒 睡衣 炭灰色 M', 0, '/s/26e0c424-f22d-4d3d-9bd6-a7958a346ff9.jpg', '/s/26e0c424-f22d-4d3d-9bd6-a7958a346ff9.jpg', '<p>商品介绍加载中...</p>', 398, 199, 1000, '', 0, 0, '2019-09-18 13:19:02', 0, '2020-10-13 10:41:59');
INSERT INTO `tb_newbee_mall_goods_info` VALUES (10060, '无印良品（MUJI） PET分裝瓶', '新蜂精选', 0, '/s/24bf1630-0339-4c22-ad19-37152c561e71.jpg', '/s/24bf1630-0339-4c22-ad19-37152c561e71.jpg', '<p>商品介绍加载中...</p>', 15, 15, 1000, '', 0, 0, '2019-09-18 13:19:02', 0, '2020-10-13 10:41:59');
INSERT INTO `tb_newbee_mall_goods_info` VALUES (10061, '无印良品 MUJI 女式', '无侧缝法兰绒 睡衣 灰色 M', 0, '/s/e8e26306-0521-4843-9e07-70ebd2fa6405.jpg', '/s/e8e26306-0521-4843-9e07-70ebd2fa6405.jpg', '<p>商品介绍加载中...</p>', 398, 199, 1000, '', 0, 0, '2019-09-18 13:19:02', 0, '2020-10-13 10:41:59');
INSERT INTO `tb_newbee_mall_goods_info` VALUES (10062, '无印良品（MUJI） PE分裝瓶', '新蜂精选', 0, '/s/9b3af7c2-57f5-48a7-bea5-603b2d145000.jpg', '/s/9b3af7c2-57f5-48a7-bea5-603b2d145000.jpg', '<p>商品介绍加载中...</p>', 10, 10, 1000, '', 0, 0, '2019-09-18 13:19:02', 0, '2020-10-13 10:41:59');
INSERT INTO `tb_newbee_mall_goods_info` VALUES (10063, '无印良品 MUJI 基础润肤化妆水', '滋润型 200ml', 0, '/s/7577f3e0-f48b-47a9-96b7-de405a6aaf95.png', '/s/7577f3e0-f48b-47a9-96b7-de405a6aaf95.png', '<p>商品介绍加载中...</p>', 70, 70, 1000, '', 0, 0, '2019-09-18 13:19:02', 0, '2020-10-13 10:41:59');
INSERT INTO `tb_newbee_mall_goods_info` VALUES (10064, '无印良品 MUJI 男式', '干爽 凉感珠地网眼编织V领短袖T恤 黑色 L', 0, '/s/cce2af31-07ea-4744-8d01-16dd01d68e5b.jpg', '/s/cce2af31-07ea-4744-8d01-16dd01d68e5b.jpg', '<p>商品介绍加载中...</p>', 98, 29, 1000, '', 0, 0, '2019-09-18 13:19:02', 0, '2020-10-13 10:41:59');
INSERT INTO `tb_newbee_mall_goods_info` VALUES (10065, '无印良品（MUJI） 聚丙烯化妆盒 半透明约150x220x169mm', '新蜂精选', 0, '/s/6dc279ac-fef0-401c-8604-b18dc9a9f7ab.jpg', '/s/6dc279ac-fef0-401c-8604-b18dc9a9f7ab.jpg', '<p>商品介绍加载中...</p>', 40, 40, 1000, '', 0, 0, '2019-09-18 13:19:02', 0, '2020-10-13 10:41:59');
INSERT INTO `tb_newbee_mall_goods_info` VALUES (10066, '无印良品（MUJI） 散粉小 自然色', '新蜂精选', 0, '/s/94764fac-f4ad-4ee8-8d26-21af0c09ea76.jpg', '/s/94764fac-f4ad-4ee8-8d26-21af0c09ea76.jpg', '<p>商品介绍加载中...</p>', 60, 60, 1000, '', 0, 0, '2019-09-18 13:19:02', 0, '2020-10-13 10:41:59');
INSERT INTO `tb_newbee_mall_goods_info` VALUES (10067, '无印良品 MUJI 毛笔', '黑色', 0, '/s/9cd07460-8c0b-49e5-9741-5015a3576e8e.jpg', '/s/9cd07460-8c0b-49e5-9741-5015a3576e8e.jpg', '<p>商品介绍加载中...</p>', 20, 20, 1000, '', 0, 0, '2019-09-18 13:19:07', 0, '2020-10-13 10:41:59');
INSERT INTO `tb_newbee_mall_goods_info` VALUES (10068, '无印良品 MUJI 塑料橡皮', '白色 小', 0, '/s/70529ced-527a-4b46-aafa-874107ff9ea5.jpg', '/s/70529ced-527a-4b46-aafa-874107ff9ea5.jpg', '<p>商品介绍加载中...</p>', 4, 4, 1000, '', 0, 0, '2019-09-18 13:19:07', 0, '2020-10-13 10:41:59');
INSERT INTO `tb_newbee_mall_goods_info` VALUES (10069, '无印良品 MUJI 男式', '无侧缝法兰绒 睡衣 深海军蓝X格子 L', 0, '/s/174ec60d-7d2b-4043-a7a6-7383c3de1a11.jpg', '/s/174ec60d-7d2b-4043-a7a6-7383c3de1a11.jpg', '<p>商品介绍加载中...</p>', 398, 199, 1000, '', 0, 0, '2019-09-18 13:19:07', 0, '2020-10-13 10:41:59');
INSERT INTO `tb_newbee_mall_goods_info` VALUES (10070, '无印良品 MUJI 荧光笔', '蓝色', 0, '/s/eef29d44-17f5-41dd-b0ba-c6f63d7bdac3.jpg', '/s/eef29d44-17f5-41dd-b0ba-c6f63d7bdac3.jpg', '<p>商品介绍加载中...</p>', 10, 10, 1000, '', 0, 0, '2019-09-18 13:19:07', 0, '2020-10-13 10:41:59');
INSERT INTO `tb_newbee_mall_goods_info` VALUES (10071, '无印良品（MUJI） 钢制指甲刀 小', '新蜂精选', 0, '/s/f9964432-a9b7-45c2-ac6d-680130c2d7a7.jpg', '/s/f9964432-a9b7-45c2-ac6d-680130c2d7a7.jpg', '<p>商品介绍加载中...</p>', 42, 42, 1000, '', 0, 0, '2019-09-18 13:19:07', 0, '2020-10-13 10:41:59');
INSERT INTO `tb_newbee_mall_goods_info` VALUES (10072, '无印良品 MUJI 长条诗笺型笔记表格', '白色 40枚 14行', 0, '/s/da1e4523-adb4-48e4-afa5-313346187690.jpg', '/s/da1e4523-adb4-48e4-afa5-313346187690.jpg', '<p>商品介绍加载中...</p>', 10, 10, 1000, '', 0, 0, '2019-09-18 13:19:07', 0, '2020-10-13 10:41:59');
INSERT INTO `tb_newbee_mall_goods_info` VALUES (10073, '无印良品 MUJI PET喷雾小分装瓶100ml', '新蜂精选', 0, '/s/7f1eec3d-d8e5-4a18-a1a9-b81876dcaaf5.jpg', '/s/7f1eec3d-d8e5-4a18-a1a9-b81876dcaaf5.jpg', '<p>商品介绍加载中...</p>', 30, 30, 1000, '', 0, 0, '2019-09-18 13:19:07', 0, '2020-10-13 10:41:59');
INSERT INTO `tb_newbee_mall_goods_info` VALUES (10074, '无印良品 MUJI 塑料橡皮', '黑色 大', 0, '/s/1ca16211-2b80-4006-ab60-e1a3cab4218c.jpg', '/s/1ca16211-2b80-4006-ab60-e1a3cab4218c.jpg', '<p>商品介绍加载中...</p>', 7, 7, 1000, '', 0, 0, '2019-09-18 13:19:07', 0, '2020-10-13 10:41:59');
INSERT INTO `tb_newbee_mall_goods_info` VALUES (10075, '无印良品 MUJI 荧光笔', '黄色', 0, '/s/56eec806-2af3-4136-a9bf-2333455339e7.jpg', '/s/56eec806-2af3-4136-a9bf-2333455339e7.jpg', '<p>商品介绍加载中...</p>', 10, 10, 1000, '', 0, 0, '2019-09-18 13:19:07', 0, '2020-10-13 10:41:59');
INSERT INTO `tb_newbee_mall_goods_info` VALUES (10076, '无印良品 MUJI 遮瑕膏', '棒状 自然色', 0, '/s/593b65a7-feae-45aa-837e-47d58bb27474.jpg', '/s/593b65a7-feae-45aa-837e-47d58bb27474.jpg', '<p>商品介绍加载中...</p>', 42, 42, 1000, '', 0, 0, '2019-09-18 13:19:07', 0, '2020-10-13 10:41:59');
INSERT INTO `tb_newbee_mall_goods_info` VALUES (10077, '无印良品 MUJI 马桶刷/附盒子', '白色', 0, '/s/a9983f71-d818-459d-ad59-bbdd26bb533b.jpg', '/s/a9983f71-d818-459d-ad59-bbdd26bb533b.jpg', '<p>商品介绍加载中...</p>', 70, 70, 1000, '', 0, 0, '2019-09-18 13:19:07', 0, '2020-10-13 10:41:59');
INSERT INTO `tb_newbee_mall_goods_info` VALUES (10078, '无印良品 MUJI 耐热玻璃_壶_大', '透明', 0, '/s/7f89c29e-d888-4ee0-92af-ca713a7871a4.jpg', '/s/7f89c29e-d888-4ee0-92af-ca713a7871a4.jpg', '<p>商品介绍加载中...</p>', 150, 150, 1000, '', 0, 0, '2019-09-18 13:19:07', 0, '2020-10-13 10:41:59');
INSERT INTO `tb_newbee_mall_goods_info` VALUES (10079, '无印良品 MUJI 女式', '平纹短袖衬衫 藏青色 M', 0, '/s/0b1e57bf-b4fd-40df-9832-4749d7d69db9.jpg', '/s/0b1e57bf-b4fd-40df-9832-4749d7d69db9.jpg', '<p>商品介绍加载中...</p>', 198, 59, 1000, '', 0, 0, '2019-09-18 13:19:07', 0, '2020-10-13 10:41:59');
INSERT INTO `tb_newbee_mall_goods_info` VALUES (10080, '无印良品 MUJI 基础润肤化妆水', '清爽型 50ml', 0, '/s/9b4af7cf-235a-4742-bdc3-9e8e656f245c.png', '/s/9b4af7cf-235a-4742-bdc3-9e8e656f245c.png', '<p>商品介绍加载中...</p>', 28, 22, 1000, '', 0, 0, '2019-09-18 13:19:07', 0, '2020-10-13 10:41:59');
INSERT INTO `tb_newbee_mall_goods_info` VALUES (10081, '无印良品 MUJI 男式', '无侧缝法兰绒 睡衣 炭灰色 M', 0, '/s/8ddfc2de-3da3-4fad-86aa-7c570cb55212.jpg', '/s/8ddfc2de-3da3-4fad-86aa-7c570cb55212.jpg', '<p>商品介绍加载中...</p>', 398, 199, 1000, '', 0, 0, '2019-09-18 13:19:07', 0, '2020-10-13 10:41:59');
INSERT INTO `tb_newbee_mall_goods_info` VALUES (10082, '无印良品（MUJI） PET分裝瓶', '新蜂精选', 0, '/s/e62d04e9-3ae2-431c-8538-becda89e0e84.jpg', '/s/e62d04e9-3ae2-431c-8538-becda89e0e84.jpg', '<p>商品介绍加载中...</p>', 15, 15, 1000, '', 0, 0, '2019-09-18 13:19:07', 0, '2020-10-13 10:41:59');
INSERT INTO `tb_newbee_mall_goods_info` VALUES (10083, '无印良品 MUJI 女式', '无侧缝法兰绒 睡衣 灰色 M', 0, '/s/3078143f-1cdd-4f66-951b-2cf08af8c826.jpg', '/s/3078143f-1cdd-4f66-951b-2cf08af8c826.jpg', '<p>商品介绍加载中...</p>', 398, 199, 1000, '', 0, 0, '2019-09-18 13:19:07', 0, '2020-10-13 10:41:59');
INSERT INTO `tb_newbee_mall_goods_info` VALUES (10084, '无印良品（MUJI） PE分裝瓶', '新蜂精选', 0, '/s/97aa8872-26df-473a-b0d7-f5021776cb52.jpg', '/s/97aa8872-26df-473a-b0d7-f5021776cb52.jpg', '<p>商品介绍加载中...</p>', 10, 10, 1000, '', 0, 0, '2019-09-18 13:19:07', 0, '2020-10-13 10:41:59');
INSERT INTO `tb_newbee_mall_goods_info` VALUES (10085, '无印良品 MUJI 基础润肤化妆水', '滋润型 200ml', 0, '/s/954da201-0cbb-45d1-9cd1-17ce4d24cfb4.png', '/s/954da201-0cbb-45d1-9cd1-17ce4d24cfb4.png', '<p>商品介绍加载中...</p>', 70, 70, 1000, '', 0, 0, '2019-09-18 13:19:07', 0, '2020-10-13 10:41:59');
INSERT INTO `tb_newbee_mall_goods_info` VALUES (10086, '无印良品 MUJI 男式', '干爽 凉感珠地网眼编织V领短袖T恤 黑色 L', 0, '/s/b584ea09-7aae-422e-8435-fdc38c948434.jpg', '/s/b584ea09-7aae-422e-8435-fdc38c948434.jpg', '<p>商品介绍加载中...</p>', 98, 29, 1000, '', 0, 0, '2019-09-18 13:19:07', 0, '2020-10-13 10:41:59');
INSERT INTO `tb_newbee_mall_goods_info` VALUES (10087, '无印良品（MUJI） 聚丙烯化妆盒 半透明约150x220x169mm', '新蜂精选', 0, '/s/a0a45b44-82c9-4a58-a972-304bed0632bb.jpg', '/s/a0a45b44-82c9-4a58-a972-304bed0632bb.jpg', '<p>商品介绍加载中...</p>', 40, 40, 1000, '', 0, 0, '2019-09-18 13:19:07', 0, '2020-10-13 10:41:59');
INSERT INTO `tb_newbee_mall_goods_info` VALUES (10088, '无印良品（MUJI） 散粉小 自然色', '新蜂精选', 0, '/s/a1b8ff33-ec01-494e-a1db-fb5158f3c168.jpg', '/s/a1b8ff33-ec01-494e-a1db-fb5158f3c168.jpg', '<p>商品介绍加载中...</p>', 60, 60, 1000, '', 0, 0, '2019-09-18 13:19:07', 0, '2020-10-13 10:41:59');
INSERT INTO `tb_newbee_mall_goods_info` VALUES (10089, '无印良品 MUJI 荧光笔', '粉红色', 0, '/s/c5d6d952-c81b-436a-a345-feb4c5a20a7d.jpg', '/s/c5d6d952-c81b-436a-a345-feb4c5a20a7d.jpg', '<p>商品介绍加载中...</p>', 10, 10, 1000, '', 0, 0, '2019-09-18 13:19:17', 0, '2020-10-13 10:41:59');
INSERT INTO `tb_newbee_mall_goods_info` VALUES (10090, '无印良品（MUJI） PET小分装瓶100ml', '新蜂精选', 0, '/s/2ffe59f3-559f-4e6f-810d-1b6fa4ac04e1.jpg', '/s/2ffe59f3-559f-4e6f-810d-1b6fa4ac04e1.jpg', '<p>商品介绍加载中...</p>', 30, 30, 1000, '', 0, 0, '2019-09-18 13:19:17', 0, '2020-10-13 10:41:59');
INSERT INTO `tb_newbee_mall_goods_info` VALUES (10091, '无印良品 MUJI 基础润肤洁面乳', '150ml', 0, '/s/1f24d75a-0468-471a-a608-bd6788f4c1a1.jpg', '/s/1f24d75a-0468-471a-a608-bd6788f4c1a1.jpg', '<p>商品介绍加载中...</p>', 74, 74, 1000, '', 0, 0, '2019-09-18 13:19:17', 0, '2020-10-13 10:41:59');
INSERT INTO `tb_newbee_mall_goods_info` VALUES (10092, '无印良品 MUJI 基础润肤乳霜', '其他 50g', 0, '/s/86e027b3-8868-4fa5-971b-49e827027e3e.jpg', '/s/86e027b3-8868-4fa5-971b-49e827027e3e.jpg', '<p>商品介绍加载中...</p>', 100, 100, 1000, '', 0, 0, '2019-09-18 13:19:17', 0, '2020-10-13 10:41:59');
INSERT INTO `tb_newbee_mall_goods_info` VALUES (10093, '无印良品 MUJI 基础润肤洁面泡沫(替换装)', '180ml', 0, '/s/1aea34fa-f45e-4c3c-b73c-da1f92492c95.jpg', '/s/1aea34fa-f45e-4c3c-b73c-da1f92492c95.jpg', '<p>商品介绍加载中...</p>', 69, 69, 1000, '', 0, 0, '2019-09-18 13:19:17', 0, '2020-10-13 10:41:59');
INSERT INTO `tb_newbee_mall_goods_info` VALUES (10094, '无印良品 MUJI 保湿洁面啫喱', '100g', 0, '/s/838fc0cb-b98f-4dca-bd68-581138b21a30.jpg', '/s/838fc0cb-b98f-4dca-bd68-581138b21a30.jpg', '<p>商品介绍加载中...</p>', 100, 50, 1000, '', 0, 0, '2019-09-18 13:19:17', 0, '2020-10-13 10:41:59');
INSERT INTO `tb_newbee_mall_goods_info` VALUES (10095, '无印良品 MUJI 小型超声波香薰机', '其他', 0, '/s/30f05c92-a303-4b94-bb5e-22f3c65f3c37.jpg', '/s/30f05c92-a303-4b94-bb5e-22f3c65f3c37.jpg', '<p>商品介绍加载中...</p>', 250, 250, 1000, '', 0, 0, '2019-09-18 13:19:17', 0, '2020-10-13 10:41:59');
INSERT INTO `tb_newbee_mall_goods_info` VALUES (10096, '无印良品 MUJI 修正带', '其他', 0, '/s/759427b3-b723-4917-b565-c0ae2003bf02.jpg', '/s/759427b3-b723-4917-b565-c0ae2003bf02.jpg', '<p>商品介绍加载中...</p>', 25, 25, 1000, '', 0, 0, '2019-09-18 13:19:17', 0, '2020-10-13 10:41:59');
INSERT INTO `tb_newbee_mall_goods_info` VALUES (10097, '无印良品 MUJI 聚丙烯', '笔盒 小/约170*51*20㎜', 0, '/s/734f1604-e687-4cd1-8573-bb00e680e94e.jpg', '/s/734f1604-e687-4cd1-8573-bb00e680e94e.jpg', '<p>商品介绍加载中...</p>', 12, 12, 1000, '', 0, 0, '2019-09-18 13:19:17', 0, '2020-10-13 10:41:59');
INSERT INTO `tb_newbee_mall_goods_info` VALUES (10098, '无印良品 MUJI 乳液', '50ml', 0, '/s/4eed1033-7728-477c-a29d-589bfd3ae3ce.jpg', '/s/4eed1033-7728-477c-a29d-589bfd3ae3ce.jpg', '<p>商品介绍加载中...</p>', 55, 27, 1000, '', 0, 0, '2019-09-18 13:19:17', 0, '2020-10-13 10:41:59');
INSERT INTO `tb_newbee_mall_goods_info` VALUES (10099, '无印良品 MUJI 男式', '棉水洗 平纹短袖衬衫 白色 L', 0, '/s/d3fa11f3-6cfa-4958-b09c-584a62137b4b.jpg', '/s/d3fa11f3-6cfa-4958-b09c-584a62137b4b.jpg', '<p>商品介绍加载中...</p>', 178, 89, 1000, '', 0, 0, '2019-09-18 13:19:17', 0, '2020-10-13 10:41:59');
INSERT INTO `tb_newbee_mall_goods_info` VALUES (10100, '无印良品 MUJI 香/绿意', '12支装/棒状', 0, '/s/829f2d09-1589-4f63-8376-d347c3cec620.jpg', '/s/829f2d09-1589-4f63-8376-d347c3cec620.jpg', '<p>商品介绍加载中...</p>', 32, 32, 1000, '', 0, 0, '2019-09-18 13:19:17', 0, '2020-10-13 10:41:59');
INSERT INTO `tb_newbee_mall_goods_info` VALUES (10101, '无印良品 MUJI 润肤乳霜(高保湿型)50g', '50g', 0, '/s/1c70ddcb-ca69-40ed-a263-30880b2e2cac.jpg', '/s/1c70ddcb-ca69-40ed-a263-30880b2e2cac.jpg', '<p>商品介绍加载中...</p>', 159, 159, 1000, '', 0, 0, '2019-09-18 13:19:17', 0, '2020-10-13 10:41:59');
INSERT INTO `tb_newbee_mall_goods_info` VALUES (10102, '无印良品 MUJI 柔滑笔芯', '黑色', 0, '/s/1db10d7c-3429-4ef2-ac41-2991af57f442.jpg', '/s/1db10d7c-3429-4ef2-ac41-2991af57f442.jpg', '<p>商品介绍加载中...</p>', 19, 19, 1000, '', 0, 0, '2019-09-18 13:19:17', 0, '2020-10-13 10:41:59');
INSERT INTO `tb_newbee_mall_goods_info` VALUES (10103, '无印良品 MUJI 铝制', '挂钩/吸盘式_2个装 大/约宽4.5x高6cm 2个装', 0, '/s/bd0b92b4-c8ca-453a-b572-b3447083bddf.png', '/s/bd0b92b4-c8ca-453a-b572-b3447083bddf.png', '<p>商品介绍加载中...</p>', 25, 25, 1000, '', 0, 0, '2019-09-18 13:19:17', 0, '2020-10-13 10:41:59');
INSERT INTO `tb_newbee_mall_goods_info` VALUES (10104, '无印良品 MUJI 修正带', 'POM材质 替芯', 0, '/s/98ce17e1-890e-4eaf-856a-7fce8ffebc4c.jpg', '/s/98ce17e1-890e-4eaf-856a-7fce8ffebc4c.jpg', '<p>商品介绍加载中...</p>', 15, 15, 999, '', 0, 0, '2019-09-18 13:19:17', 0, '2020-10-13 10:41:59');
INSERT INTO `tb_newbee_mall_goods_info` VALUES (10105, '无印良品 MUJI 压克力记录板夹', 'Ａ4用/220×310ｍｍ', 0, '/s/64d4e0b7-cd01-47f6-9081-4c2e7625e4f9.jpg', '/s/64d4e0b7-cd01-47f6-9081-4c2e7625e4f9.jpg', '<p>商品介绍加载中...</p>', 35, 35, 1000, '', 0, 0, '2019-09-18 13:19:17', 0, '2020-10-13 10:41:59');
INSERT INTO `tb_newbee_mall_goods_info` VALUES (10106, '无印良品（MUJI） 自然亲肤粉底液 自然透亮色', '新蜂精选', 0, '/s/09576fcd-ea01-4b1d-bed4-be96b71f2c4e.jpg', '/s/09576fcd-ea01-4b1d-bed4-be96b71f2c4e.jpg', '<p>商品介绍加载中...</p>', 75, 75, 1000, '', 0, 0, '2019-09-18 13:19:17', 0, '2020-10-13 10:41:59');
INSERT INTO `tb_newbee_mall_goods_info` VALUES (10107, '无印良品 MUJI 荧光笔', '粉红色', 0, '/s/04a8c325-d296-4f0e-ac6d-8cccba4dc90e.jpg', '/s/04a8c325-d296-4f0e-ac6d-8cccba4dc90e.jpg', '<p>商品介绍加载中...</p>', 10, 10, 1000, '', 0, 0, '2019-09-18 13:19:22', 0, '2020-10-13 10:41:59');
INSERT INTO `tb_newbee_mall_goods_info` VALUES (10108, '无印良品（MUJI） PET小分装瓶100ml', '新蜂精选', 0, '/s/755a34a3-bc3e-4f04-8943-f79860012e78.jpg', '/s/755a34a3-bc3e-4f04-8943-f79860012e78.jpg', '<p>商品介绍加载中...</p>', 30, 30, 1000, '', 0, 0, '2019-09-18 13:19:22', 0, '2020-10-13 10:41:59');
INSERT INTO `tb_newbee_mall_goods_info` VALUES (10109, '无印良品 MUJI 基础润肤洁面乳', '150ml', 0, '/s/e6a986ed-9b83-4649-9e72-3cf676c1f90e.jpg', '/s/e6a986ed-9b83-4649-9e72-3cf676c1f90e.jpg', '<p>商品介绍加载中...</p>', 74, 74, 1000, '', 0, 0, '2019-09-18 13:19:22', 0, '2020-10-13 10:41:59');
INSERT INTO `tb_newbee_mall_goods_info` VALUES (10110, '无印良品 MUJI 基础润肤乳霜', '其他 50g', 0, '/s/30036561-a150-4ea7-9106-29bbea278909.jpg', '/s/30036561-a150-4ea7-9106-29bbea278909.jpg', '<p>商品介绍加载中...</p>', 100, 100, 999, '', 0, 0, '2019-09-18 13:19:22', 0, '2020-10-13 10:41:59');
INSERT INTO `tb_newbee_mall_goods_info` VALUES (10111, '无印良品 MUJI 基础润肤洁面泡沫(替换装)', '180ml', 0, '/s/aa37202c-68eb-4c84-b02c-171b3d11c0e8.jpg', '/s/aa37202c-68eb-4c84-b02c-171b3d11c0e8.jpg', '<p>商品介绍加载中...</p>', 69, 69, 1000, '', 0, 0, '2019-09-18 13:19:22', 0, '2020-10-13 10:41:59');
INSERT INTO `tb_newbee_mall_goods_info` VALUES (10112, '无印良品 MUJI 保湿洁面啫喱', '100g', 0, '/s/0f724c0f-8888-4b75-8fe1-dc7dd8f2b7bd.jpg', '/s/0f724c0f-8888-4b75-8fe1-dc7dd8f2b7bd.jpg', '<p>商品介绍加载中...</p>', 100, 50, 1000, '', 0, 0, '2019-09-18 13:19:22', 0, '2020-10-13 10:41:59');
INSERT INTO `tb_newbee_mall_goods_info` VALUES (10113, '无印良品 MUJI 小型超声波香薰机', '其他', 0, '/s/9608b59d-cbca-4b70-9f05-226fde41c51c.jpg', '/s/9608b59d-cbca-4b70-9f05-226fde41c51c.jpg', '<p>商品介绍加载中...</p>', 250, 250, 998, '呼吸品质生活', 0, 0, '2019-09-18 13:19:22', 0, '2020-10-13 10:41:59');
INSERT INTO `tb_newbee_mall_goods_info` VALUES (10114, '无印良品 MUJI 修正带', '其他', 0, '/s/d91a71e7-aada-4770-91c5-4da21e4b7ed9.jpg', '/s/d91a71e7-aada-4770-91c5-4da21e4b7ed9.jpg', '<p>商品介绍加载中...</p>', 25, 25, 1000, '', 0, 0, '2019-09-18 13:19:22', 0, '2020-10-13 10:41:59');
INSERT INTO `tb_newbee_mall_goods_info` VALUES (10115, '无印良品 MUJI 聚丙烯', '笔盒 小/约170*51*20㎜', 0, '/s/d543ba0d-18d8-427a-87ea-99968b319440.jpg', '/s/d543ba0d-18d8-427a-87ea-99968b319440.jpg', '<p>商品介绍加载中...</p>', 12, 12, 1000, '', 0, 0, '2019-09-18 13:19:22', 0, '2020-10-13 10:41:59');
INSERT INTO `tb_newbee_mall_goods_info` VALUES (10116, '无印良品 MUJI 乳液', '50ml', 0, '/s/cd6d91b0-69b2-4415-8560-4cbd2690cb50.jpg', '/s/cd6d91b0-69b2-4415-8560-4cbd2690cb50.jpg', '<p>商品介绍加载中...</p>', 55, 27, 1000, '', 0, 0, '2019-09-18 13:19:22', 0, '2020-10-13 10:41:59');
INSERT INTO `tb_newbee_mall_goods_info` VALUES (10117, '无印良品 MUJI 男式', '棉水洗 平纹短袖衬衫 白色 L', 0, '/s/b08c94ac-cba2-4468-b3d0-03d9447f5bf2.jpg', '/s/b08c94ac-cba2-4468-b3d0-03d9447f5bf2.jpg', '<p>商品介绍加载中...</p>', 178, 89, 1000, '', 0, 0, '2019-09-18 13:19:22', 0, '2020-10-13 10:41:59');
INSERT INTO `tb_newbee_mall_goods_info` VALUES (10118, '无印良品 MUJI 香/绿意', '12支装/棒状', 0, '/s/5a65f952-4141-47f8-8f8e-84120bbf74ea.jpg', '/s/5a65f952-4141-47f8-8f8e-84120bbf74ea.jpg', '<p>商品介绍加载中...</p>', 32, 32, 1000, '', 0, 0, '2019-09-18 13:19:22', 0, '2020-10-13 10:41:59');
INSERT INTO `tb_newbee_mall_goods_info` VALUES (10119, '无印良品 MUJI 润肤乳霜(高保湿型)50g', '50g', 0, '/s/503ef53e-d4ac-4c4e-83a7-8a03ead0ecc8.jpg', '/s/503ef53e-d4ac-4c4e-83a7-8a03ead0ecc8.jpg', '<p>商品介绍加载中...</p>', 159, 159, 1000, '', 0, 0, '2019-09-18 13:19:22', 0, '2020-10-13 10:41:59');
INSERT INTO `tb_newbee_mall_goods_info` VALUES (10120, '无印良品 MUJI 柔滑笔芯', '黑色', 0, '/s/aa83ce5b-2db1-4ecf-bc4f-f43c437894d7.jpg', '/s/aa83ce5b-2db1-4ecf-bc4f-f43c437894d7.jpg', '<p>商品介绍加载中...</p>', 19, 19, 1000, '', 0, 0, '2019-09-18 13:19:22', 0, '2020-10-13 10:41:59');
INSERT INTO `tb_newbee_mall_goods_info` VALUES (10121, '无印良品 MUJI 铝制', '挂钩/吸盘式_2个装 大/约宽4.5x高6cm 2个装', 0, '/s/5c590548-9de3-47a3-8cb9-4d8f040a9635.png', '/s/5c590548-9de3-47a3-8cb9-4d8f040a9635.png', '<p>商品介绍加载中...</p>', 25, 25, 1000, '', 0, 0, '2019-09-18 13:19:22', 0, '2020-10-13 10:41:59');
INSERT INTO `tb_newbee_mall_goods_info` VALUES (10122, '无印良品 MUJI 修正带', 'POM材质 替芯', 0, '/s/93181f0b-c069-4542-be91-a63856cd12d1.jpg', '/s/93181f0b-c069-4542-be91-a63856cd12d1.jpg', '<p>商品介绍加载中...</p>', 15, 15, 1000, '', 0, 0, '2019-09-18 13:19:22', 0, '2020-10-13 10:41:59');
INSERT INTO `tb_newbee_mall_goods_info` VALUES (10123, '无印良品 MUJI 压克力记录板夹', 'Ａ4用/220×310ｍｍ', 0, '/s/45be1de3-447b-404b-9df8-ddf07fdc8647.jpg', '/s/45be1de3-447b-404b-9df8-ddf07fdc8647.jpg', '<p>商品介绍加载中...</p>', 35, 35, 1000, '', 0, 0, '2019-09-18 13:19:22', 0, '2020-10-13 10:41:59');
INSERT INTO `tb_newbee_mall_goods_info` VALUES (10124, '无印良品（MUJI） 自然亲肤粉底液 自然透亮色', '新蜂精选', 0, '/s/7f905827-5765-40bc-a1b8-bedd9f407ced.jpg', '/s/7f905827-5765-40bc-a1b8-bedd9f407ced.jpg', '<p>商品介绍加载中...</p>', 75, 75, 1000, '', 0, 0, '2019-09-18 13:19:22', 0, '2020-10-13 10:41:59');
INSERT INTO `tb_newbee_mall_goods_info` VALUES (10125, '无印良品 MUJI PE小分装盒', '透明 30g', 0, '/s/1d7f28bb-6597-48de-a6bb-2561697db883.jpg', '/s/1d7f28bb-6597-48de-a6bb-2561697db883.jpg', '<p>商品介绍加载中...</p>', 10, 10, 1000, '', 0, 0, '2019-09-18 13:19:30', 0, '2020-10-13 10:41:59');
INSERT INTO `tb_newbee_mall_goods_info` VALUES (10126, '无印良品 MUJI 保湿化妆液', '新蜂精选', 0, '/s/53a089a9-e1d1-487e-974e-18bb4df41cf3.jpg', '/s/53a089a9-e1d1-487e-974e-18bb4df41cf3.jpg', '<p>商品介绍加载中...</p>', 160, 80, 1000, '', 0, 0, '2019-09-18 13:19:30', 0, '2020-10-13 10:41:59');
INSERT INTO `tb_newbee_mall_goods_info` VALUES (10127, '无印良品 MUJI 女式', '棉弹力 高领T恤 深灰色 M', 0, '/s/53a6478b-4fd5-4add-b095-9fd4ad983a7b.jpg', '/s/53a6478b-4fd5-4add-b095-9fd4ad983a7b.jpg', '<p>商品介绍加载中...</p>', 128, 40, 1000, '', 0, 0, '2019-09-18 13:19:30', 0, '2020-10-13 10:41:59');
INSERT INTO `tb_newbee_mall_goods_info` VALUES (10128, '无印良品 MUJI 男式', '棉水洗 牛津纽扣领短袖衬衫 白色 L', 0, '/s/561e9e6d-b130-468d-8328-36a5ff70cdfa.jpg', '/s/561e9e6d-b130-468d-8328-36a5ff70cdfa.jpg', '<p>商品介绍加载中...</p>', 178, 89, 1000, '', 0, 0, '2019-09-18 13:19:30', 0, '2020-10-13 10:41:59');
INSERT INTO `tb_newbee_mall_goods_info` VALUES (10129, '无印良品 MUJI 基础润肤乳液', '高保湿型 50ml', 0, '/s/01514263-83b4-4ac7-aee3-5e5a2448414f.jpg', '/s/01514263-83b4-4ac7-aee3-5e5a2448414f.jpg', '<p>商品介绍加载中...</p>', 37, 29, 1000, '', 0, 0, '2019-09-18 13:19:30', 0, '2020-10-13 10:41:59');
INSERT INTO `tb_newbee_mall_goods_info` VALUES (10130, 'MUJI 羽毛 靠垫', '白色', 0, '/s/23e5ee1d-5bb7-4f2a-b4b5-4fbc9ca3c163.jpg', '/s/23e5ee1d-5bb7-4f2a-b4b5-4fbc9ca3c163.jpg', '<p>商品介绍加载中...</p>', 65, 65, 1000, '', 0, 0, '2019-09-18 13:19:30', 0, '2020-10-13 10:41:59');
INSERT INTO `tb_newbee_mall_goods_info` VALUES (10131, '无印良品（MUJI） 可携带用小卷尺 白色', '新蜂精选', 0, '/s/a4d3a61e-b0d3-4c58-85d6-fddf1de85f66.jpg', '/s/a4d3a61e-b0d3-4c58-85d6-fddf1de85f66.jpg', '<p>商品介绍加载中...</p>', 28, 28, 1000, '', 0, 0, '2019-09-18 13:19:30', 0, '2020-10-13 10:41:59');
INSERT INTO `tb_newbee_mall_goods_info` VALUES (10132, '无印良品 MUJI 笔记本/5mm方格', '暗灰色 B5/30张/线装', 0, '/s/38c25b00-a4fb-4893-aa8e-34ff76963397.jpg', '/s/38c25b00-a4fb-4893-aa8e-34ff76963397.jpg', '<p>商品介绍加载中...</p>', 9, 9, 1000, '', 0, 0, '2019-09-18 13:19:30', 0, '2020-10-13 10:41:59');
INSERT INTO `tb_newbee_mall_goods_info` VALUES (10133, '无印良品 MUJI 低重心铅笔', '白色', 0, '/s/dc497882-61ea-4d4f-98fe-d2b2500eda01.jpg', '/s/dc497882-61ea-4d4f-98fe-d2b2500eda01.jpg', '<p>商品介绍加载中...</p>', 47, 47, 1000, '', 0, 0, '2019-09-18 13:19:30', 0, '2020-10-13 10:41:59');
INSERT INTO `tb_newbee_mall_goods_info` VALUES (10134, '无印良品（MUJI） 手动碎纸机', '新蜂精选', 0, '/s/f6e1ce14-a590-4736-9d36-df5628bc4188.jpg', '/s/f6e1ce14-a590-4736-9d36-df5628bc4188.jpg', '<p>商品介绍加载中...</p>', 75, 75, 1000, '', 0, 0, '2019-09-18 13:19:30', 0, '2020-10-13 10:41:59');
INSERT INTO `tb_newbee_mall_goods_info` VALUES (10135, '无印良品 MUJI 女式', '无袖衫 燕麦色 XL', 0, '/s/c2e30c9b-ce49-4824-824a-b7d3ae173340.jpg', '/s/c2e30c9b-ce49-4824-824a-b7d3ae173340.jpg', '<p>商品介绍加载中...</p>', 178, 53, 1000, '', 0, 0, '2019-09-18 13:19:30', 0, '2020-10-13 10:41:59');
INSERT INTO `tb_newbee_mall_goods_info` VALUES (10136, '无印良品 MUJI 女式', '粗棉线长袖T恤 生成色 L', 0, '/s/4b1b98d5-359f-4025-85e3-f357b6e9724a.jpg', '/s/4b1b98d5-359f-4025-85e3-f357b6e9724a.jpg', '<p>商品介绍加载中...</p>', 198, 70, 1000, '', 0, 0, '2019-09-18 13:19:30', 0, '2020-10-13 10:41:59');
INSERT INTO `tb_newbee_mall_goods_info` VALUES (10137, '无印良品 MUJI 塑料浴室座椅/小', '原色', 0, '/s/37053615-750d-486e-b218-358a7c1adb21.jpg', '/s/37053615-750d-486e-b218-358a7c1adb21.jpg', '<p>商品介绍加载中...</p>', 85, 85, 1000, '', 0, 0, '2019-09-18 13:19:30', 0, '2020-10-13 10:41:59');
INSERT INTO `tb_newbee_mall_goods_info` VALUES (10138, '无印良品（MUJI） 树脂携带型订书机 白色', '新蜂精选', 0, '/s/21dd6bd9-c4bc-4e17-8fed-23775cebf361.jpg', '/s/21dd6bd9-c4bc-4e17-8fed-23775cebf361.jpg', '<p>商品介绍加载中...</p>', 42, 42, 1000, '', 0, 0, '2019-09-18 13:19:30', 0, '2020-10-13 10:41:59');
INSERT INTO `tb_newbee_mall_goods_info` VALUES (10139, '无印良品 MUJI 基础润肤乳液', '滋润型', 0, '/s/b8978340-ff72-4b5a-a9d3-4b5610982764.jpg', '/s/b8978340-ff72-4b5a-a9d3-4b5610982764.jpg', '<p>商品介绍加载中...</p>', 28, 22, 1000, '', 0, 0, '2019-09-18 13:19:30', 0, '2020-10-13 10:41:59');
INSERT INTO `tb_newbee_mall_goods_info` VALUES (10140, '无印良品（MUJI） 控色隔离霜30g 浅蓝色', '新蜂精选', 0, '/s/b2969d29-b073-48f3-aa9a-b8aeb08a98d6.jpg', '/s/b2969d29-b073-48f3-aa9a-b8aeb08a98d6.jpg', '<p>商品介绍加载中...</p>', 65, 65, 1000, '', 0, 0, '2019-09-18 13:19:30', 0, '2020-10-13 10:41:59');
INSERT INTO `tb_newbee_mall_goods_info` VALUES (10141, '无印良品 MUJI 女式', '粗棉线条纹长袖T恤 黑*横条 L', 0, '/s/a905c374-3411-4ddd-9b84-7ecbc9b50620.jpg', '/s/a905c374-3411-4ddd-9b84-7ecbc9b50620.jpg', '<p>商品介绍加载中...</p>', 198, 70, 1000, '', 0, 0, '2019-09-18 13:19:30', 0, '2020-10-13 10:41:59');
INSERT INTO `tb_newbee_mall_goods_info` VALUES (10142, '无印良品 MUJI PE小分装盒', '透明 30g', 0, '/s/2750405a-2e01-463d-a059-54644c67f7cc.jpg', '/s/2750405a-2e01-463d-a059-54644c67f7cc.jpg', '<p>商品介绍加载中...</p>', 10, 10, 1000, '', 0, 0, '2019-09-18 13:19:35', 0, '2020-10-13 10:41:59');
INSERT INTO `tb_newbee_mall_goods_info` VALUES (10143, '无印良品 MUJI 保湿化妆液', '新蜂精选', 0, '/s/17656dd7-c0fb-431d-810a-5eb29d07c011.jpg', '/s/17656dd7-c0fb-431d-810a-5eb29d07c011.jpg', '<p>商品介绍加载中...</p>', 160, 80, 1000, '', 0, 0, '2019-09-18 13:19:35', 0, '2020-10-13 10:41:59');
INSERT INTO `tb_newbee_mall_goods_info` VALUES (10144, '无印良品 MUJI 女式', '棉弹力 高领T恤 深灰色 M', 0, '/s/780e716a-7be8-4d94-b8b6-833b4d97e148.jpg', '/s/780e716a-7be8-4d94-b8b6-833b4d97e148.jpg', '<p>商品介绍加载中...</p>', 128, 40, 1000, '', 0, 0, '2019-09-18 13:19:35', 0, '2020-10-13 10:41:59');
INSERT INTO `tb_newbee_mall_goods_info` VALUES (10145, '无印良品 MUJI 男式', '棉水洗 牛津纽扣领短袖衬衫 白色 L', 0, '/s/94f5b471-1148-4320-aa8a-68573706fd91.jpg', '/s/94f5b471-1148-4320-aa8a-68573706fd91.jpg', '<p>商品介绍加载中...</p>', 178, 89, 1000, '', 0, 0, '2019-09-18 13:19:35', 0, '2020-10-13 10:41:59');
INSERT INTO `tb_newbee_mall_goods_info` VALUES (10146, '无印良品 MUJI 基础润肤乳液', '高保湿型 50ml', 0, '/s/a12dcb9c-bb36-4df9-b517-1578a03fe062.jpg', '/s/a12dcb9c-bb36-4df9-b517-1578a03fe062.jpg', '<p>商品介绍加载中...</p>', 37, 29, 1000, '', 0, 0, '2019-09-18 13:19:35', 0, '2020-10-13 10:41:59');
INSERT INTO `tb_newbee_mall_goods_info` VALUES (10147, 'MUJI 羽毛 靠垫', '白色', 0, '/s/0f701215-b782-40c7-8bbd-97b51be56461.jpg', '/s/0f701215-b782-40c7-8bbd-97b51be56461.jpg', '<p>商品介绍加载中...</p>', 65, 65, 988, '悠享惬意', 0, 0, '2019-09-18 13:19:35', 0, '2020-10-13 10:41:59');
INSERT INTO `tb_newbee_mall_goods_info` VALUES (10148, '无印良品（MUJI） 可携带用小卷尺 白色', '新蜂精选', 0, '/s/737afa41-1905-4dbc-ab33-95f8489dde5b.jpg', '/s/737afa41-1905-4dbc-ab33-95f8489dde5b.jpg', '<p>商品介绍加载中...</p>', 28, 28, 1000, '', 0, 0, '2019-09-18 13:19:35', 0, '2020-10-13 10:41:59');
INSERT INTO `tb_newbee_mall_goods_info` VALUES (10149, '无印良品 MUJI 笔记本/5mm方格', '暗灰色 B5/30张/线装', 0, '/s/c6632420-ad7e-451b-a2a9-b02299653db1.jpg', '/s/c6632420-ad7e-451b-a2a9-b02299653db1.jpg', '<p>商品介绍加载中...</p>', 9, 9, 1000, '', 0, 0, '2019-09-18 13:19:35', 0, '2020-10-13 10:41:59');
INSERT INTO `tb_newbee_mall_goods_info` VALUES (10150, '无印良品 MUJI 低重心铅笔', '白色', 0, '/s/060e3ace-71ca-44a2-9ded-73a05f186fcf.jpg', '/s/060e3ace-71ca-44a2-9ded-73a05f186fcf.jpg', '<p>商品介绍加载中...</p>', 47, 47, 1000, '', 0, 0, '2019-09-18 13:19:35', 0, '2020-10-13 10:41:59');
INSERT INTO `tb_newbee_mall_goods_info` VALUES (10151, '无印良品（MUJI） 手动碎纸机', '新蜂精选', 0, '/s/58d831e4-07f4-44e2-a994-1a7d585452a1.jpg', '/s/58d831e4-07f4-44e2-a994-1a7d585452a1.jpg', '<p>商品介绍加载中...</p>', 75, 75, 1000, '', 0, 0, '2019-09-18 13:19:35', 0, '2020-10-13 10:41:59');
INSERT INTO `tb_newbee_mall_goods_info` VALUES (10152, '无印良品 MUJI 女式', '无袖衫 燕麦色 XL', 0, '/s/f2aaadc0-ddda-4736-9826-2dbb2c533ea0.jpg', '/s/f2aaadc0-ddda-4736-9826-2dbb2c533ea0.jpg', '<p>商品介绍加载中...</p>', 178, 53, 1000, '', 0, 0, '2019-09-18 13:19:35', 0, '2020-10-13 10:41:59');
INSERT INTO `tb_newbee_mall_goods_info` VALUES (10153, '无印良品 MUJI 女式', '粗棉线长袖T恤 生成色 L', 0, '/s/09c87218-d645-48e7-bbd5-54af5e77bf4b.jpg', '/s/09c87218-d645-48e7-bbd5-54af5e77bf4b.jpg', '<p>商品介绍加载中...</p>', 198, 70, 1000, '', 0, 0, '2019-09-18 13:19:35', 0, '2020-10-13 10:41:59');
INSERT INTO `tb_newbee_mall_goods_info` VALUES (10154, '无印良品 MUJI 塑料浴室座椅', '原色', 0, '/s/15395057-94e9-4545-a8ee-8aee025f40c5.jpg', '/s/15395057-94e9-4545-a8ee-8aee025f40c5.jpg', '<p>商品介绍加载中...</p>', 85, 85, 998, '无印良品', 0, 0, '2019-09-18 13:19:35', 0, '2020-10-13 10:41:59');
INSERT INTO `tb_newbee_mall_goods_info` VALUES (10155, '无印良品（MUJI） 树脂携带型订书机 白色', '新蜂精选', 0, '/s/3b40971a-3f32-45cf-a99a-aada90ee8e33.jpg', '/s/3b40971a-3f32-45cf-a99a-aada90ee8e33.jpg', '<p>商品介绍加载中...</p>', 42, 42, 1000, '', 0, 0, '2019-09-18 13:19:35', 0, '2020-10-13 10:41:59');
INSERT INTO `tb_newbee_mall_goods_info` VALUES (10156, '无印良品 MUJI 基础润肤乳液', '滋润型', 0, '/s/f65ef709-8fa8-4a3f-8abd-75a9b0492b14.jpg', '/s/f65ef709-8fa8-4a3f-8abd-75a9b0492b14.jpg', '<p>商品介绍加载中...</p>', 28, 22, 1000, '', 0, 0, '2019-09-18 13:19:35', 0, '2020-10-13 10:41:59');
INSERT INTO `tb_newbee_mall_goods_info` VALUES (10157, '无印良品（MUJI） 控色隔离霜30g 浅蓝色', '新蜂精选', 0, '/s/66311489-b28b-41c3-ac34-540293df6e42.jpg', '/s/66311489-b28b-41c3-ac34-540293df6e42.jpg', '<p>商品介绍加载中...</p>', 65, 65, 1000, '', 0, 0, '2019-09-18 13:19:35', 0, '2020-10-13 10:41:59');
INSERT INTO `tb_newbee_mall_goods_info` VALUES (10158, '无印良品 女式粗棉线条纹长袖T恤', '黑*横条 L', 20, '/s/5488564b-8335-4b0c-a5a4-52f3f03ee728.jpg', 'http://localhost:28089/s/5488564b-8335-4b0c-a5a4-52f3f03ee728.jpg', '<p>商品介绍加载中...</p>', 198, 70, 985, '无印良品', 0, 0, '2019-09-18 13:19:35', 0, '2020-10-13 10:41:59');
INSERT INTO `tb_newbee_mall_goods_info` VALUES (10159, 'Apple AirPods 配充电盒', '苹果蓝牙耳机', 0, '/s/53c9f268-7cd4-4fac-909c-2dc066625655.jpg', '/s/53c9f268-7cd4-4fac-909c-2dc066625655.jpg', '<p>商品介绍加载中...</p>', 1246, 1246, 984, '', 0, 0, '2019-09-18 13:21:28', 0, '2020-10-13 10:41:59');
INSERT INTO `tb_newbee_mall_goods_info` VALUES (10160, '小米 Redmi AirDots', '真无线蓝牙耳机|分体式耳机 |收纳充电盒 |蓝牙5.0 |按键防触控操作', 51, '/s/c47403f1-b706-453b-88d8-2bfdee0316be.jpg', '/s/c47403f1-b706-453b-88d8-2bfdee0316be.jpg', '<p>商品介绍加载中...</p>', 129, 129, 998, '为自由发声', 0, 0, '2019-09-18 13:21:28', 0, '2020-10-13 10:41:59');
INSERT INTO `tb_newbee_mall_goods_info` VALUES (10161, '荣耀原装三键线控带麦半入耳式耳机AM116(尊爵版)适用于华为荣耀手机', '新蜂精选', 0, '/s/183481c3-47ff-4b2e-926f-b02b926ac02c.jpg', '/s/183481c3-47ff-4b2e-926f-b02b926ac02c.jpg', '<p>商品介绍加载中...</p>', 69, 49, 1000, '', 0, 0, '2019-09-18 13:21:28', 0, '2020-10-13 10:41:59');
INSERT INTO `tb_newbee_mall_goods_info` VALUES (10162, '诺基亚（NOKIA）BH-705 银白色 5.0真无线蓝牙耳机迷你运动跑步音乐商务入耳式安卓苹果手机蓝牙耳机', '新蜂精选', 0, '/s/5e0d089b-fa91-410d-8ff2-9534eb6f627f.jpg', '/s/5e0d089b-fa91-410d-8ff2-9534eb6f627f.jpg', '<p>商品介绍加载中...</p>', 499, 499, 1000, '', 0, 0, '2019-09-18 13:21:28', 0, '2020-10-13 10:41:59');
INSERT INTO `tb_newbee_mall_goods_info` VALUES (10163, '华为耳机原装半入耳式有线mate9p10plus8x荣耀v20v10nova2s9iv9p9play 【标准版】华为AM115 白色-热卖款', '新蜂精选', 0, '/s/79e2b467-a075-46ef-ab43-aa0535f8e4c9.jpg', '/s/79e2b467-a075-46ef-ab43-aa0535f8e4c9.jpg', '<p>商品介绍加载中...</p>', 69, 39, 999, '', 0, 0, '2019-09-18 13:21:28', 0, '2020-10-13 10:41:59');
INSERT INTO `tb_newbee_mall_goods_info` VALUES (10164, 'Beats X 蓝牙无线', '入耳式耳机 带麦可通话 -桀骜黑红（十周年版） MRQA2PA/A', 0, '/s/911531a4-39a6-4771-b26e-2ba4db1ebcda.jpg', '/s/911531a4-39a6-4771-b26e-2ba4db1ebcda.jpg', '<p>商品介绍加载中...</p>', 1168, 799, 1000, '', 0, 0, '2019-09-18 13:21:28', 0, '2020-10-13 10:41:59');
INSERT INTO `tb_newbee_mall_goods_info` VALUES (10165, '华为（ HUAWEI） 华为无线耳机', '真无线蓝牙耳机 双耳蓝牙音乐耳机 Freebuds 2 无线耳机 陶瓷白', 0, '/s/e70a4f29-2269-466a-984e-01e018206c2e.jpg', '/s/e70a4f29-2269-466a-984e-01e018206c2e.jpg', '<p>商品介绍加载中...</p>', 899, 799, 1000, '', 0, 0, '2019-09-18 13:21:28', 0, '2020-10-13 10:41:59');
INSERT INTO `tb_newbee_mall_goods_info` VALUES (10166, '【自营仓次日达】moloke真无线蓝牙耳机双耳适用于苹果华为小米 运动跑步入耳式oppo迷你商务耳机 【1:1尊享版】自动弹窗+无线充电+可触控（热卖）', '新蜂精选', 51, '/s/70dc1586-13bd-4b4c-92a9-fe20aa1d531f.jpg', '/s/70dc1586-13bd-4b4c-92a9-fe20aa1d531f.jpg', '<p>商品介绍加载中...</p>', 359, 199, 1000, '', 0, 0, '2019-09-18 13:21:28', 0, '2020-10-13 10:41:59');
INSERT INTO `tb_newbee_mall_goods_info` VALUES (10167, 'Beats Powerbeats Pro', '完全无线高性能耳机 真无线蓝牙运动耳机 象牙白', 0, '/s/04441cd4-81c8-4ad9-a067-9d15422e508f.jpg', '/s/04441cd4-81c8-4ad9-a067-9d15422e508f.jpg', '<p>商品介绍加载中...</p>', 1888, 1888, 1000, '', 0, 0, '2019-09-18 13:21:28', 0, '2020-10-13 10:41:59');
INSERT INTO `tb_newbee_mall_goods_info` VALUES (10168, '纽曼（Newmine）NM-LK06 全兼容线控音乐手机耳机 白色', '新蜂精选', 0, '/s/ad53ea23-6974-4e44-b62d-eab498ce1d63.jpg', '/s/ad53ea23-6974-4e44-b62d-eab498ce1d63.jpg', '<p>商品介绍加载中...</p>', 9, 9, 1000, '', 0, 0, '2019-09-18 13:21:28', 0, '2020-10-13 10:41:59');
INSERT INTO `tb_newbee_mall_goods_info` VALUES (10169, '索尼（SONY）重低音立体声耳机MDR-XB55AP 黑色', '新蜂精选', 0, '/s/01e1998d-f183-4e99-b8ba-7715727cf90b.jpg', '/s/01e1998d-f183-4e99-b8ba-7715727cf90b.jpg', '*黑色实物偏灰，请以实物为准 Bass Booster低音增强器技术可呈现紧实深邃低频。 12 毫米驱动单元和110dB/mW 的高灵敏度，呈现高质感音效。 人体工学设计的倾斜入耳方式，让耳塞能够深入耳朵内部，呈现出色的隔音效果，同时带来舒适的佩戴感和高音质的享受。 耳塞能够深入耳朵内部，呈现出色的隔音效果，同时为您带来舒适的佩戴感和高音质的享受。 采用混合两种硬度硅胶的耳塞套： 核心部分使用硬质材料保持音质，减少因耳塞变形导致的声音失真； 外围部分柔软材料提高了耳塞密闭性，让您能长时间舒适佩戴。 *线控的可用性及操作因智能手机而异 耳机线表面细小沟壑，减少容易引起缠绕的摩擦，使导线不容易纠结在一起，方便欣赏音乐和携带。 防缠绕耳机线 盲点设计 便携袋 防尘滤网 导线滑块 4种尺寸耳塞套 摘下耳机的耳塞套，可见保护单元的网罩，用来防止异物和灰尘堵塞单元，使耳机经久耐听。 在左耳外壳和耳机线的连接处设有浮点，凭手指触摸就能判别左右耳，方便操作。 随机附赠收纳袋一只，保护你心爱的耳机。 利用导线滑块来调整左右耳机线的长度，也能够减少收纳耳机时容易出现的缠线现象 提供4对不同尺寸（SS、S、M、L）的耳塞套（M号出厂时已安装至耳机上），根据你的耳洞大小自由更换，获得良好的隔音效果，佩戴舒适。 ● 立体声耳机 ● 混合硅胶耳塞（SS/S/M/L 每种尺寸2个) *M号出厂时安装至本耳机。 ● 便携袋(×1) *EXTRA BASS 和 EXTRABASS 是索尼公司的商标', 229, 185, 1000, '', 0, 0, '2019-09-18 13:21:28', 0, '2020-10-13 10:41:59');
INSERT INTO `tb_newbee_mall_goods_info` VALUES (10170, '索尼（SONY）WI-1000X Hi-Res颈挂式 入耳式', '无线蓝牙耳机 高音质降噪耳机 手机通话 黑色', 0, '/s/1631a30b-287c-41da-bbbe-1a9b1b8d1552.jpg', '/s/1631a30b-287c-41da-bbbe-1a9b1b8d1552.jpg', '<p>商品介绍加载中...</p>', 2399, 1499, 1000, '', 0, 0, '2019-09-18 13:21:28', 0, '2020-10-13 10:41:59');
INSERT INTO `tb_newbee_mall_goods_info` VALUES (10171, '小米耳机 圈铁Pro 入耳式有线运动音乐耳机耳麦', '新蜂精选', 51, '/s/f3d269a4-5317-4b30-b164-1311f6c1f058.jpg', '/s/f3d269a4-5317-4b30-b164-1311f6c1f058.jpg', '使用双动圈 + 动铁 三单元发声 ／ 均衡自然声音 高保真石墨烯振膜 ／ 25 道工序打磨 ／ 弹力磨砂线材 Pro 小米圈铁耳机 孕育万物的天空和大地，时刻传达着声音的释放与组合，更是寻找灵感的源头，鸟鸣、流水、雷响、风啸不同的声音互相交融，共同演奏出自然的本真。 小米圈铁耳机 Pro 使用双“动圈”单元+“动铁”单元，将三个单元共同融入到同一个耳机中，双“动圈”的醇厚低音，让声音更加扎实稳重，石墨烯材料的加入，则让声音的细节更为丰富。“动铁”的高音透亮，稳定自然，感受三频均衡的本色声音。随着声音的流淌，仿佛置身自然，听见这些细节，让声音一开始就感动内心。 双动圈+动铁，三单元发声，听见更多细节 为了可以真正实现高、中、低三频均衡，小米圈铁耳机 Pro  加入了双“动圈”单元，大动圈负责中低频，小动圈负责高频。在“动铁”单元的配合下，耳机的低频下潜深，中频声音扎实，而高频的细节展现更为丰富。那些刚刚好的声音，听在耳里，都在心里。 三频更均衡，声音更自然 我们听到的绝大多数乐器、人声，都在中低频段。为了让这部分声音更均衡、有感染力，我们都交由采用了石墨烯振膜的双动圈单元来负责，中低频更扎实，兼具丰富细节表现力。 石墨烯是目前自然界已知材料中轻薄、强度更高的材料，对声音的传导速度快，将它用作振膜材质，高频延展性能更好，细节丰富，声音清澈自然，更富穿透力。同时强度又是钢铁的100倍， 可以尽可能还原出电流信号， 真正发出高保真的好声音。 石墨烯振膜，让双动圈更有实力 小米圈铁耳机 Pro 的“动铁”单元依然采用自主研发的 \"衔铁＋驱动杆\" 结构，让声音细腻真实，更为稳定，在电容分频器的作用下，让高中低音衔接更好，失真更少。不论当你听何种音乐，细腻的感情都会被准确还原，听每首歌就像读每个故事，时刻感动自己。 动铁单元设计，高频解析好，细节不失真 好的音乐人将情感与生活用真实的方式，转化为音乐传递给每个人，每首歌都是一个故事，铭刻在各自的记忆中，为了让故事更好的表达，小米圈铁耳机 Pro 在科学客观调音的基础上，再次邀请到荣获 4 次格莱美大奖的 Luca Bignardi，为小米圈铁耳机 Pro 进行主观调音，为的就是让每个喜爱音乐的人能够真切的感受到每一个故事，跟随内心，娓娓道来... 多种科学调音，让声音更鲜活，更温暖 当耳机真正为声音服务时，设计将不再只是修饰耳机外观的道具，它将会成为辅助声音的一部分，小米圈铁耳机 Pro 采用圆润的设计风格，45° 斜角入耳设计，在满足舒适的同时更保证了声音的完整呈现。精密金属音腔设计，让音乐沉于耳畔，更有声音质感，弹力 TPE 磨砂线材的选用，让耳机线更为坚固耐用，确保耳机长久使用。一副好耳机，让声音和外表一起美好。 全新的外观设计，和声音一起美好 好的设计需要灵感，而灵感源于生活，为了锁住声音的灵感，小米圈铁耳机 Pro 将耳塞设计成45°斜角式入耳，贴合耳道，满足佩戴舒适感的同时尽可能减少外界声音干扰，毫无保留地听自己爱的音乐。 45°斜角入耳，舒适佩戴 小米圈铁耳机 Pro 的线控麦克风从耳机整体设计风格出发，金属磨砂弹头造型，精致小巧，指压按键圆润舒适，听歌的同时，更能感知指尖上的金属质感。 小米圈铁耳机 Pro 的耳机线材选取 TPE 材质，作为一种具有橡胶的高弹性材质， 触感柔软、耐温等特性，用它做成耳机线，将更为抗拉、耐用并且不易缠绕。让好音乐的陪伴更长久。 小米圈铁耳机 Pro 的耳塞选取奶嘴级硅胶材质，触感柔软顺滑，减少了耳塞对皮肤的刺激，让肌肤倍感亲密，同时提供四对不同尺寸的耳塞套，让佩戴者根据不同需求选择，带上它，向自己喜爱的音乐问好！ 用匠心打磨每一件产品，即使过程艰难复杂，也依然充满斗志，小米圈铁耳机 Pro 的诞生过程就是这样。25 道工序打造的金属音腔，每一处细节都精心打磨，一体成型钻石切割、细密 CD 纹雕刻、锆石喷砂、阳极氧化，千锤百炼，不放过每个细节，将金属打磨成入耳的艺术品，这就是小米圈铁耳机 Pro 对音乐执着，对好产品更要执着。 小米圈铁耳机 Pro 是铝合金音腔，采用了 CNC 钻石切割一刀成型工艺，加工精度高达0.01mm，这种工艺在对铝合金加工前都要进行工艺分析，选择合适的刀具及切削用量，将打磨成型，让耳机具有更细腻润泽的手感。 小米圈铁耳机 Pro 运用精密的 CD 纹处理，纹理细至 0.14mm，散发金属光泽，就像耳机的指纹一样。如此的精密打磨，只为让小米圈铁耳机 Pro 更具质感，让金属更光辉熠熠。 选用精细锆石喷砂，赋予小米圈铁耳机 Pro 细致均匀的外观，有效保证了耳机表面硬度，不易刮伤。出厂时，会在小米圈铁耳机 Pro 表层增加阳极处理，保证了美观程度和耐磨性，6μ的阳极厚度，坚固、耐磨，做传达好声音的艺术品。 拥有超过 700 项高于行业标准的苛刻测试，每一种测试都见证了小米圈铁耳机 Pro 的高品质， 从音乐品质到设计创新，再到匠心工艺，集合好耳机的所有亮点，都只为带给用户更好的音乐体验和使用感受，好的声音，一定需要千锤百炼 。', 149, 149, 1000, '', 0, 0, '2019-09-18 13:21:28', 0, '2020-10-13 10:41:59');
INSERT INTO `tb_newbee_mall_goods_info` VALUES (10172, 'Bose QuietControl 30', '无线耳机 QC30耳塞式蓝牙降噪耳麦', 0, '/s/966a8b32-f547-457c-9161-009d3113d584.jpg', '/s/966a8b32-f547-457c-9161-009d3113d584.jpg', '<p>商品介绍加载中...</p>', 2498, 2498, 1000, '', 0, 0, '2019-09-18 13:21:28', 0, '2020-10-13 10:41:59');
INSERT INTO `tb_newbee_mall_goods_info` VALUES (10173, 'Beats Solo3 Wireless', '头戴式 蓝牙无线耳机 手机耳机 游戏耳机 - 桀骜黑红（十周年版） MRQC2PA/A', 0, '/s/72218e28-fc58-4aa0-b3cd-c1f2c764d25e.jpg', '/s/72218e28-fc58-4aa0-b3cd-c1f2c764d25e.jpg', '<p>商品介绍加载中...</p>', 2268, 1698, 1000, '', 0, 0, '2019-09-18 13:21:28', 0, '2020-10-13 10:41:59');
INSERT INTO `tb_newbee_mall_goods_info` VALUES (10174, '索尼（SONY）WH-1000XM3 高解析度无线蓝牙降噪 头戴式耳机（触控面板', '智能降噪 长久续航）黑色', 0, '/s/4cc6c606-4d69-4f49-b10c-01cedeef813f.jpg', '/s/4cc6c606-4d69-4f49-b10c-01cedeef813f.jpg', '<p>商品介绍加载中...</p>', 2899, 2599, 1000, '', 0, 0, '2019-09-18 13:21:28', 0, '2020-10-13 10:41:59');
INSERT INTO `tb_newbee_mall_goods_info` VALUES (10175, '雷蛇 Razer 北海巨妖标准版X', '北海巨妖标准版升级款 头戴式游戏耳机 电竞耳麦 7.1 电脑手机耳机 黑色', 0, '/s/7345c467-6c2d-4f30-a73d-83d675d5208c.jpg', '/s/7345c467-6c2d-4f30-a73d-83d675d5208c.jpg', '产品信息Product Information 产品规格Product Specifications 品牌介绍Brand Introduction 注意事项Warning & Caution 雷蛇产品在出厂时会进行检测，脚贴及USB接口处如有轻微划痕属于正常测试痕迹。 RAZER关于划痕的注意事项： 以上数据图片均为官方测试环境下结果，因使用环境/设备不同会存在一定的差异，仅供参考，数据请以实际为准！  1. 产品实物与外包装上的SN（序列号）必须一致； 2. 产品外包装不能严重破损，盒内的相关配件要齐全，不能有缺失； 3. 不能有明显的人为破损（表面有明显的人为划痕，使用及存在拆卸的痕迹）； 4. 防伪标签不得撕开或损毁。 RAZER关于7天无理由退换货的注意事项： ', 349, 299, 1000, '', 0, 0, '2019-09-18 13:21:28', 0, '2020-10-13 10:41:59');
INSERT INTO `tb_newbee_mall_goods_info` VALUES (10176, '森海塞尔（Sennheiser）MomentumTrueWireless 真无线蓝牙hifi发烧入耳式耳机 蓝牙5.0', '黑色', 0, '/s/efea018e-8ab0-47f9-a3d4-260c8cd2de5f.jpg', '/s/efea018e-8ab0-47f9-a3d4-260c8cd2de5f.jpg', '聆听带来改变 真     无     线     蓝     牙     HiFi     耳     机 MOMENTUM 真无线 懂你所需 全新的 MOMENTUM 真无线耳机，高品质的声音质量传承 MOMENTUM 品质，成为一款具有重要技术成就的新产品。 这款性能优异的蓝牙耳机融合音频质量、佩戴舒适性和精致设计及工艺。 全新的 MOMENTUM 透明聆听功能 防水防泼溅 电池使用时长 （4+8小时） 精雕细琢 经典优雅 高品质声音质量 智能降噪 智能触控操作 支持蓝牙5.0技术 智能触控操作 支持蓝牙 5.0技术 MOMENTUM真无线耳机采用Sennheiser发烧级别7毫米动圈驱动单元，可确保饱满的立体声效果，带来高保真音质，为苛刻的听者带来出色的高保真度。 高品质声音质量 两侧触摸区域都有单独的控制功能，您可以轻松使用右耳耳机语音访问智能助手（如苹果 Siri或Google智能助手）。 轻轻点击或滑动触摸界面，使用自然语音命令即可播放音乐、接听电话。 支持蓝牙5.0技术及编解码技术（包括AAC、Qualcomm apt-XTM和apt-X低延迟），这款耳机带来出众的连接稳定性和音频流畅性。 真正的无线体验 轻松适配周围环境 MOMENTUM 真无线耳机让你更好地感知外部环境，透明聆听让你能听到周围的环境声，从而更好地感知周围的环境，不需要摘掉耳机就能融入到自然的交谈之中。甚至在嘈杂的环境中，电话呼叫和语音交互也能够通过双话筒波束成形技术得以实现。 智能交互 通过自动开启/关闭和智能暂停功能，可以检测到耳机何时被收起来或者不使用，从而节约能源。 你的世界由你把控 通过双击右耳耳机开/关透明聆听功能 打开透明聆听=接收周围环境音 关闭透明聆听=物理降噪模式，不接收周围音 不需要摘掉耳机就可轻松地与周围人进行交谈。 4种尺寸的耳垫可选，均符合人体工程学设计，防水防泼溅，能够满足用户舒适佩戴的需求。 个性定制舒适体验 MOMENTUM真无线拥有4小时电池续航时间，可通过其带有集成电源的小巧耳机盒进行充电，从而享受长达12（4+8）小时的全天聆听乐趣，并满足未来所需。 镀金充电接触点 可磁性吸附到充电盒上 高保真7毫米动圈驱动单元 带来出色的声音重放 金属镭射表面 具有触控功能 多色 LED指示灯 用于语音信号拾取和透明聆听功能的话筒 舒适的入耳式 硅胶耳垫 便捷充电盒持久续航 注重细节、富于美感，这款小巧、 靓丽而轻盈的耳机是技术与艺术的 结合。它既是声音重放技术的成就，更是你耳畔精美的配饰。 质感黑色外壳，闪烁的金属镭射表面，镀金的充电接触点——时尚与功能融合于标志性的设计之中，带来优雅和实用感。 Sennheiser智能控制 MOMENTUM 真无线耳机提供了更为智能和个性化的体验，可以通过新款Sennheiser智能控制应用进行优化，根据个人喜好，利用内置音频EQ对声音进行微调。免费下载，兼容iOS 版本 11.0 及以上版本和Android 版本 7.0 及以上版本 ，简便直观的控制界面，为您的耳机提供个性化的配置和升级等功能。 APP 下载方法 Android 版本 7.0 及以上版本 打开链接下载APP https://share.weiyun.com/54byqjn iOS 版本 11.0 及以上版本 打开APP Store搜索 Sennheiser smart control 下载APP', 2399, 2399, 1000, '', 0, 0, '2019-09-18 13:21:28', 0, '2020-10-13 10:41:59');
INSERT INTO `tb_newbee_mall_goods_info` VALUES (10177, 'Bose SoundSport Free', '真无线蓝牙耳机--黑色 运动耳机 防掉落耳塞', 0, '/s/b3de8a39-e33c-432f-872f-46f4a1662498.jpg', '/s/b3de8a39-e33c-432f-872f-46f4a1662498.jpg', '<p>商品介绍加载中...</p>', 1699, 1699, 1000, '', 0, 0, '2019-09-18 13:21:28', 0, '2020-10-13 10:41:59');
INSERT INTO `tb_newbee_mall_goods_info` VALUES (10178, '华为原装降噪有线手机耳机Mate9 10P9P10Plus荣耀V9V10PlayNova2s9i8x 【送耳机收纳包】AM115半入耳式耳机-经典热卖款', '新蜂精选', 0, '/s/d6565a7e-473b-4933-93c5-e646495c8c4c.jpg', '/s/d6565a7e-473b-4933-93c5-e646495c8c4c.jpg', '<p>商品介绍加载中...</p>', 99, 39, 1000, '', 0, 0, '2019-09-18 13:21:28', 0, '2020-10-13 10:41:59');
INSERT INTO `tb_newbee_mall_goods_info` VALUES (10179, 'Apple 采用Lightning/闪电接头的 EarPods', '耳机', 0, '/s/bf6ccbc4-d0d0-4fbb-b975-4becb9cb38f4.jpg', '/s/bf6ccbc4-d0d0-4fbb-b975-4becb9cb38f4.jpg', '<p>商品介绍加载中...</p>', 223, 223, 1000, '', 0, 0, '2019-09-18 13:21:28', 0, '2020-10-13 10:41:59');
INSERT INTO `tb_newbee_mall_goods_info` VALUES (10180, 'Apple AirPods 配充电盒', '苹果蓝牙耳机', 0, '/s/64768a8d-0664-4b29-88c9-2626578ffbd1.jpg', '/s/64768a8d-0664-4b29-88c9-2626578ffbd1.jpg', '<p>商品介绍加载中...</p>', 1246, 1246, 995, '妙出新境界', 0, 0, '2019-09-18 13:21:35', 0, '2020-10-13 10:41:59');
INSERT INTO `tb_newbee_mall_goods_info` VALUES (10181, '小米 Redmi AirDots', '真无线蓝牙耳机|分体式耳机 |收纳充电盒 |蓝牙5.0 |按键防触控操作', 51, '/s/36d0fe8f-aa28-423c-81e7-82cab31b7598.jpg', '/s/36d0fe8f-aa28-423c-81e7-82cab31b7598.jpg', '<p>商品介绍加载中...</p>', 129, 129, 1000, '', 0, 0, '2019-09-18 13:21:35', 0, '2020-10-13 10:41:59');
INSERT INTO `tb_newbee_mall_goods_info` VALUES (10182, '荣耀原装三键线控带麦半入耳式耳机AM116(尊爵版)适用于华为荣耀手机', '新蜂精选', 0, '/s/6113a562-f3f1-408c-9b0d-78a84407caf7.jpg', '/s/6113a562-f3f1-408c-9b0d-78a84407caf7.jpg', '<p>商品介绍加载中...</p>', 69, 49, 1000, '', 0, 0, '2019-09-18 13:21:35', 0, '2020-10-13 10:41:59');
INSERT INTO `tb_newbee_mall_goods_info` VALUES (10183, '诺基亚（NOKIA）BH-705 银白色 5.0真无线蓝牙耳机迷你运动跑步音乐商务入耳式安卓苹果手机蓝牙耳机', '新蜂精选', 0, '/s/abb13d3a-3445-4b26-b8e9-44cbec227b5d.jpg', '/s/abb13d3a-3445-4b26-b8e9-44cbec227b5d.jpg', '<p>商品介绍加载中...</p>', 499, 499, 1000, '', 0, 0, '2019-09-18 13:21:35', 0, '2020-10-13 10:41:59');
INSERT INTO `tb_newbee_mall_goods_info` VALUES (10184, '华为耳机原装半入耳式有线mate9p10plus8x荣耀v20v10nova2s9iv9p9play 【标准版】华为AM115 白色-热卖款', '新蜂精选', 0, '/s/fac9c3e9-4843-46d1-8668-7e2eac17ccf2.jpg', '/s/fac9c3e9-4843-46d1-8668-7e2eac17ccf2.jpg', '<p>商品介绍加载中...</p>', 69, 39, 1000, '', 0, 0, '2019-09-18 13:21:35', 0, '2020-10-13 10:41:59');
INSERT INTO `tb_newbee_mall_goods_info` VALUES (10185, 'Beats X 蓝牙无线', '入耳式耳机 带麦可通话 -桀骜黑红（十周年版） MRQA2PA/A', 0, '/s/25910a34-e026-4954-87b0-c379999e1dd0.jpg', '/s/25910a34-e026-4954-87b0-c379999e1dd0.jpg', '<p>商品介绍加载中...</p>', 1168, 799, 1000, '', 0, 0, '2019-09-18 13:21:35', 0, '2020-10-13 10:41:59');
INSERT INTO `tb_newbee_mall_goods_info` VALUES (10186, '华为（ HUAWEI） 华为无线耳机', '真无线蓝牙耳机 双耳蓝牙音乐耳机 Freebuds 2 无线耳机 陶瓷白', 0, '/s/adf8cbc2-ccb9-408a-96d0-553848e111e9.jpg', '/s/adf8cbc2-ccb9-408a-96d0-553848e111e9.jpg', '<p>商品介绍加载中...</p>', 899, 799, 1000, '', 0, 0, '2019-09-18 13:21:35', 0, '2020-10-13 10:41:59');
INSERT INTO `tb_newbee_mall_goods_info` VALUES (10187, '【自营仓次日达】moloke真无线蓝牙耳机双耳适用于苹果华为小米 运动跑步入耳式oppo迷你商务耳机 【1:1尊享版】自动弹窗+无线充电+可触控（热卖）', '新蜂精选', 51, '/s/1e5645d1-24cb-48eb-9aaa-f729fa0db195.jpg', '/s/1e5645d1-24cb-48eb-9aaa-f729fa0db195.jpg', '<p>商品介绍加载中...</p>', 359, 199, 1000, '', 0, 0, '2019-09-18 13:21:35', 0, '2020-10-13 10:41:59');
INSERT INTO `tb_newbee_mall_goods_info` VALUES (10188, 'Beats Powerbeats Pro', '完全无线高性能耳机 真无线蓝牙运动耳机 象牙白', 0, '/s/e028c016-6793-49a3-8b0f-d0102a415d21.jpg', '/s/e028c016-6793-49a3-8b0f-d0102a415d21.jpg', '<p>商品介绍加载中...</p>', 1888, 1888, 1000, '', 0, 0, '2019-09-18 13:21:35', 0, '2020-10-13 10:41:59');
INSERT INTO `tb_newbee_mall_goods_info` VALUES (10189, '纽曼（Newmine）NM-LK06 全兼容线控音乐手机耳机 白色', '新蜂精选', 0, '/s/0b02244f-6908-4ccb-a9d2-ccb5a462e30e.jpg', '/s/0b02244f-6908-4ccb-a9d2-ccb5a462e30e.jpg', '<p>商品介绍加载中...</p>', 9, 9, 1000, '', 0, 0, '2019-09-18 13:21:35', 0, '2020-10-13 10:41:59');
INSERT INTO `tb_newbee_mall_goods_info` VALUES (10190, '索尼（SONY）重低音立体声耳机MDR-XB55AP 黑色', '新蜂精选', 0, '/s/eec7b009-a9ff-45cd-a7be-4051eb7b3c22.jpg', '/s/eec7b009-a9ff-45cd-a7be-4051eb7b3c22.jpg', '*黑色实物偏灰，请以实物为准 Bass Booster低音增强器技术可呈现紧实深邃低频。 12 毫米驱动单元和110dB/mW 的高灵敏度，呈现高质感音效。 人体工学设计的倾斜入耳方式，让耳塞能够深入耳朵内部，呈现出色的隔音效果，同时带来舒适的佩戴感和高音质的享受。 耳塞能够深入耳朵内部，呈现出色的隔音效果，同时为您带来舒适的佩戴感和高音质的享受。 采用混合两种硬度硅胶的耳塞套： 核心部分使用硬质材料保持音质，减少因耳塞变形导致的声音失真； 外围部分柔软材料提高了耳塞密闭性，让您能长时间舒适佩戴。 *线控的可用性及操作因智能手机而异 耳机线表面细小沟壑，减少容易引起缠绕的摩擦，使导线不容易纠结在一起，方便欣赏音乐和携带。 防缠绕耳机线 盲点设计 便携袋 防尘滤网 导线滑块 4种尺寸耳塞套 摘下耳机的耳塞套，可见保护单元的网罩，用来防止异物和灰尘堵塞单元，使耳机经久耐听。 在左耳外壳和耳机线的连接处设有浮点，凭手指触摸就能判别左右耳，方便操作。 随机附赠收纳袋一只，保护你心爱的耳机。 利用导线滑块来调整左右耳机线的长度，也能够减少收纳耳机时容易出现的缠线现象 提供4对不同尺寸（SS、S、M、L）的耳塞套（M号出厂时已安装至耳机上），根据你的耳洞大小自由更换，获得良好的隔音效果，佩戴舒适。 ● 立体声耳机 ● 混合硅胶耳塞（SS/S/M/L 每种尺寸2个) *M号出厂时安装至本耳机。 ● 便携袋(×1) *EXTRA BASS 和 EXTRABASS 是索尼公司的商标', 229, 185, 1000, '', 0, 0, '2019-09-18 13:21:35', 0, '2020-10-13 10:41:59');
INSERT INTO `tb_newbee_mall_goods_info` VALUES (10191, '索尼（SONY）WI-1000X Hi-Res颈挂式 入耳式', '无线蓝牙耳机 高音质降噪耳机 手机通话 黑色', 0, '/s/1c4adfba-f2f4-4ab3-8520-c28b0a437b7b.jpg', '/s/1c4adfba-f2f4-4ab3-8520-c28b0a437b7b.jpg', '<p>商品介绍加载中...</p>', 2399, 1499, 1000, '', 0, 0, '2019-09-18 13:21:35', 0, '2020-10-13 10:41:59');
INSERT INTO `tb_newbee_mall_goods_info` VALUES (10192, '小米耳机 圈铁Pro 入耳式有线运动音乐耳机耳麦', '新蜂精选', 51, '/s/b1530f7f-d286-4eb1-8d2b-3c2a74fa9f06.jpg', '/s/b1530f7f-d286-4eb1-8d2b-3c2a74fa9f06.jpg', '使用双动圈 + 动铁 三单元发声 ／ 均衡自然声音 高保真石墨烯振膜 ／ 25 道工序打磨 ／ 弹力磨砂线材 Pro 小米圈铁耳机 孕育万物的天空和大地，时刻传达着声音的释放与组合，更是寻找灵感的源头，鸟鸣、流水、雷响、风啸不同的声音互相交融，共同演奏出自然的本真。 小米圈铁耳机 Pro 使用双“动圈”单元+“动铁”单元，将三个单元共同融入到同一个耳机中，双“动圈”的醇厚低音，让声音更加扎实稳重，石墨烯材料的加入，则让声音的细节更为丰富。“动铁”的高音透亮，稳定自然，感受三频均衡的本色声音。随着声音的流淌，仿佛置身自然，听见这些细节，让声音一开始就感动内心。 双动圈+动铁，三单元发声，听见更多细节 为了可以真正实现高、中、低三频均衡，小米圈铁耳机 Pro  加入了双“动圈”单元，大动圈负责中低频，小动圈负责高频。在“动铁”单元的配合下，耳机的低频下潜深，中频声音扎实，而高频的细节展现更为丰富。那些刚刚好的声音，听在耳里，都在心里。 三频更均衡，声音更自然 我们听到的绝大多数乐器、人声，都在中低频段。为了让这部分声音更均衡、有感染力，我们都交由采用了石墨烯振膜的双动圈单元来负责，中低频更扎实，兼具丰富细节表现力。 石墨烯是目前自然界已知材料中轻薄、强度更高的材料，对声音的传导速度快，将它用作振膜材质，高频延展性能更好，细节丰富，声音清澈自然，更富穿透力。同时强度又是钢铁的100倍， 可以尽可能还原出电流信号， 真正发出高保真的好声音。 石墨烯振膜，让双动圈更有实力 小米圈铁耳机 Pro 的“动铁”单元依然采用自主研发的 \"衔铁＋驱动杆\" 结构，让声音细腻真实，更为稳定，在电容分频器的作用下，让高中低音衔接更好，失真更少。不论当你听何种音乐，细腻的感情都会被准确还原，听每首歌就像读每个故事，时刻感动自己。 动铁单元设计，高频解析好，细节不失真 好的音乐人将情感与生活用真实的方式，转化为音乐传递给每个人，每首歌都是一个故事，铭刻在各自的记忆中，为了让故事更好的表达，小米圈铁耳机 Pro 在科学客观调音的基础上，再次邀请到荣获 4 次格莱美大奖的 Luca Bignardi，为小米圈铁耳机 Pro 进行主观调音，为的就是让每个喜爱音乐的人能够真切的感受到每一个故事，跟随内心，娓娓道来... 多种科学调音，让声音更鲜活，更温暖 当耳机真正为声音服务时，设计将不再只是修饰耳机外观的道具，它将会成为辅助声音的一部分，小米圈铁耳机 Pro 采用圆润的设计风格，45° 斜角入耳设计，在满足舒适的同时更保证了声音的完整呈现。精密金属音腔设计，让音乐沉于耳畔，更有声音质感，弹力 TPE 磨砂线材的选用，让耳机线更为坚固耐用，确保耳机长久使用。一副好耳机，让声音和外表一起美好。 全新的外观设计，和声音一起美好 好的设计需要灵感，而灵感源于生活，为了锁住声音的灵感，小米圈铁耳机 Pro 将耳塞设计成45°斜角式入耳，贴合耳道，满足佩戴舒适感的同时尽可能减少外界声音干扰，毫无保留地听自己爱的音乐。 45°斜角入耳，舒适佩戴 小米圈铁耳机 Pro 的线控麦克风从耳机整体设计风格出发，金属磨砂弹头造型，精致小巧，指压按键圆润舒适，听歌的同时，更能感知指尖上的金属质感。 小米圈铁耳机 Pro 的耳机线材选取 TPE 材质，作为一种具有橡胶的高弹性材质， 触感柔软、耐温等特性，用它做成耳机线，将更为抗拉、耐用并且不易缠绕。让好音乐的陪伴更长久。 小米圈铁耳机 Pro 的耳塞选取奶嘴级硅胶材质，触感柔软顺滑，减少了耳塞对皮肤的刺激，让肌肤倍感亲密，同时提供四对不同尺寸的耳塞套，让佩戴者根据不同需求选择，带上它，向自己喜爱的音乐问好！ 用匠心打磨每一件产品，即使过程艰难复杂，也依然充满斗志，小米圈铁耳机 Pro 的诞生过程就是这样。25 道工序打造的金属音腔，每一处细节都精心打磨，一体成型钻石切割、细密 CD 纹雕刻、锆石喷砂、阳极氧化，千锤百炼，不放过每个细节，将金属打磨成入耳的艺术品，这就是小米圈铁耳机 Pro 对音乐执着，对好产品更要执着。 小米圈铁耳机 Pro 是铝合金音腔，采用了 CNC 钻石切割一刀成型工艺，加工精度高达0.01mm，这种工艺在对铝合金加工前都要进行工艺分析，选择合适的刀具及切削用量，将打磨成型，让耳机具有更细腻润泽的手感。 小米圈铁耳机 Pro 运用精密的 CD 纹处理，纹理细至 0.14mm，散发金属光泽，就像耳机的指纹一样。如此的精密打磨，只为让小米圈铁耳机 Pro 更具质感，让金属更光辉熠熠。 选用精细锆石喷砂，赋予小米圈铁耳机 Pro 细致均匀的外观，有效保证了耳机表面硬度，不易刮伤。出厂时，会在小米圈铁耳机 Pro 表层增加阳极处理，保证了美观程度和耐磨性，6μ的阳极厚度，坚固、耐磨，做传达好声音的艺术品。 拥有超过 700 项高于行业标准的苛刻测试，每一种测试都见证了小米圈铁耳机 Pro 的高品质， 从音乐品质到设计创新，再到匠心工艺，集合好耳机的所有亮点，都只为带给用户更好的音乐体验和使用感受，好的声音，一定需要千锤百炼 。', 149, 149, 1000, '', 0, 0, '2019-09-18 13:21:35', 0, '2020-10-13 10:41:59');
INSERT INTO `tb_newbee_mall_goods_info` VALUES (10193, 'Bose QuietControl 30', '无线耳机 QC30耳塞式蓝牙降噪耳麦', 0, '/s/02cf272e-9062-4d4b-8b7f-7058f0472efa.jpg', '/s/02cf272e-9062-4d4b-8b7f-7058f0472efa.jpg', '<p>商品介绍加载中...</p>', 2498, 2498, 1000, '', 0, 0, '2019-09-18 13:21:35', 0, '2020-10-13 10:41:59');
INSERT INTO `tb_newbee_mall_goods_info` VALUES (10194, 'Beats Solo3 Wireless', '头戴式 蓝牙无线耳机 手机耳机 游戏耳机 - 桀骜黑红（十周年版） MRQC2PA/A', 0, '/s/af77eaba-fd00-4ec8-b0e6-928372a0741d.jpg', '/s/af77eaba-fd00-4ec8-b0e6-928372a0741d.jpg', '<p>商品介绍加载中...</p>', 2268, 1698, 1000, '', 0, 0, '2019-09-18 13:21:35', 0, '2020-10-13 10:41:59');
INSERT INTO `tb_newbee_mall_goods_info` VALUES (10195, '索尼 WH-1000XM3 头戴式耳机', '高解析度无线蓝牙降噪（触控面板 智能降噪 长久续航）黑色', 20, '/s/0dc503b2-90a2-4971-9723-c085a1844b76.jpg', 'http://localhost:28089/s/0dc503b2-90a2-4971-9723-c085a1844b76.jpg', '<p>商品介绍加载中...</p>', 2899, 2599, 987, '智能降噪 长久续航', 0, 0, '2019-09-18 13:21:35', 0, '2020-10-13 10:41:59');
INSERT INTO `tb_newbee_mall_goods_info` VALUES (10196, '雷蛇 Razer 北海巨妖标准版X', '北海巨妖标准版升级款 头戴式游戏耳机 电竞耳麦 7.1 电脑手机耳机 黑色', 0, '/s/0cc81546-1408-4140-af95-0341a7778b6c.jpg', '/s/0cc81546-1408-4140-af95-0341a7778b6c.jpg', '产品信息Product Information 产品规格Product Specifications 品牌介绍Brand Introduction 注意事项Warning & Caution 雷蛇产品在出厂时会进行检测，脚贴及USB接口处如有轻微划痕属于正常测试痕迹。 RAZER关于划痕的注意事项： 以上数据图片均为官方测试环境下结果，因使用环境/设备不同会存在一定的差异，仅供参考，数据请以实际为准！  1. 产品实物与外包装上的SN（序列号）必须一致； 2. 产品外包装不能严重破损，盒内的相关配件要齐全，不能有缺失； 3. 不能有明显的人为破损（表面有明显的人为划痕，使用及存在拆卸的痕迹）； 4. 防伪标签不得撕开或损毁。 RAZER关于7天无理由退换货的注意事项： ', 349, 299, 1000, '', 0, 0, '2019-09-18 13:21:35', 0, '2020-10-13 10:41:59');
INSERT INTO `tb_newbee_mall_goods_info` VALUES (10197, '森海塞尔（Sennheiser）MomentumTrueWireless 真无线蓝牙hifi发烧入耳式耳机 蓝牙5.0', '黑色', 0, '/s/768e79e1-e875-4691-855d-262346451d22.jpg', '/s/768e79e1-e875-4691-855d-262346451d22.jpg', '聆听带来改变 真     无     线     蓝     牙     HiFi     耳     机 MOMENTUM 真无线 懂你所需 全新的 MOMENTUM 真无线耳机，高品质的声音质量传承 MOMENTUM 品质，成为一款具有重要技术成就的新产品。 这款性能优异的蓝牙耳机融合音频质量、佩戴舒适性和精致设计及工艺。 全新的 MOMENTUM 透明聆听功能 防水防泼溅 电池使用时长 （4+8小时） 精雕细琢 经典优雅 高品质声音质量 智能降噪 智能触控操作 支持蓝牙5.0技术 智能触控操作 支持蓝牙 5.0技术 MOMENTUM真无线耳机采用Sennheiser发烧级别7毫米动圈驱动单元，可确保饱满的立体声效果，带来高保真音质，为苛刻的听者带来出色的高保真度。 高品质声音质量 两侧触摸区域都有单独的控制功能，您可以轻松使用右耳耳机语音访问智能助手（如苹果 Siri或Google智能助手）。 轻轻点击或滑动触摸界面，使用自然语音命令即可播放音乐、接听电话。 支持蓝牙5.0技术及编解码技术（包括AAC、Qualcomm apt-XTM和apt-X低延迟），这款耳机带来出众的连接稳定性和音频流畅性。 真正的无线体验 轻松适配周围环境 MOMENTUM 真无线耳机让你更好地感知外部环境，透明聆听让你能听到周围的环境声，从而更好地感知周围的环境，不需要摘掉耳机就能融入到自然的交谈之中。甚至在嘈杂的环境中，电话呼叫和语音交互也能够通过双话筒波束成形技术得以实现。 智能交互 通过自动开启/关闭和智能暂停功能，可以检测到耳机何时被收起来或者不使用，从而节约能源。 你的世界由你把控 通过双击右耳耳机开/关透明聆听功能 打开透明聆听=接收周围环境音 关闭透明聆听=物理降噪模式，不接收周围音 不需要摘掉耳机就可轻松地与周围人进行交谈。 4种尺寸的耳垫可选，均符合人体工程学设计，防水防泼溅，能够满足用户舒适佩戴的需求。 个性定制舒适体验 MOMENTUM真无线拥有4小时电池续航时间，可通过其带有集成电源的小巧耳机盒进行充电，从而享受长达12（4+8）小时的全天聆听乐趣，并满足未来所需。 镀金充电接触点 可磁性吸附到充电盒上 高保真7毫米动圈驱动单元 带来出色的声音重放 金属镭射表面 具有触控功能 多色 LED指示灯 用于语音信号拾取和透明聆听功能的话筒 舒适的入耳式 硅胶耳垫 便捷充电盒持久续航 注重细节、富于美感，这款小巧、 靓丽而轻盈的耳机是技术与艺术的 结合。它既是声音重放技术的成就，更是你耳畔精美的配饰。 质感黑色外壳，闪烁的金属镭射表面，镀金的充电接触点——时尚与功能融合于标志性的设计之中，带来优雅和实用感。 Sennheiser智能控制 MOMENTUM 真无线耳机提供了更为智能和个性化的体验，可以通过新款Sennheiser智能控制应用进行优化，根据个人喜好，利用内置音频EQ对声音进行微调。免费下载，兼容iOS 版本 11.0 及以上版本和Android 版本 7.0 及以上版本 ，简便直观的控制界面，为您的耳机提供个性化的配置和升级等功能。 APP 下载方法 Android 版本 7.0 及以上版本 打开链接下载APP https://share.weiyun.com/54byqjn iOS 版本 11.0 及以上版本 打开APP Store搜索 Sennheiser smart control 下载APP', 2399, 2399, 1000, '', 0, 0, '2019-09-18 13:21:35', 0, '2020-10-13 10:41:59');
INSERT INTO `tb_newbee_mall_goods_info` VALUES (10198, 'Bose SoundSport Free', '真无线蓝牙耳机--黑色 运动耳机 防掉落耳塞', 0, '/s/d3370c50-e853-4546-a032-35073eb192ff.jpg', '/s/d3370c50-e853-4546-a032-35073eb192ff.jpg', '<p>商品介绍加载中...</p>', 1699, 1699, 1000, '', 0, 0, '2019-09-18 13:21:35', 0, '2020-10-13 10:41:59');
INSERT INTO `tb_newbee_mall_goods_info` VALUES (10199, '华为原装降噪有线手机耳机Mate9 10P9P10Plus荣耀V9V10PlayNova2s9i8x 【送耳机收纳包】AM115半入耳式耳机-经典热卖款', '新蜂精选', 0, '/s/0cff5ace-7ab9-43a7-91fe-fb3550829577.jpg', '/s/0cff5ace-7ab9-43a7-91fe-fb3550829577.jpg', '<p>商品介绍加载中...</p>', 99, 39, 1000, '', 0, 0, '2019-09-18 13:21:35', 0, '2020-10-13 10:41:59');
INSERT INTO `tb_newbee_mall_goods_info` VALUES (10200, 'Apple 采用Lightning/闪电接头的 EarPods', '耳机', 0, '/s/7b8bcf01-0abe-4155-b1f4-e57a6b8fc36a.jpg', '/s/7b8bcf01-0abe-4155-b1f4-e57a6b8fc36a.jpg', '<p>商品介绍加载中...</p>', 223, 223, 1000, '', 0, 0, '2019-09-18 13:21:35', 0, '2020-10-13 10:41:59');
INSERT INTO `tb_newbee_mall_goods_info` VALUES (10201, '迪奥（Dior）烈艳蓝金唇膏滋润999# 3.5g 经典正红色', '(口红 保湿滋润 气质显白 不挑皮) （新老包装随机）', 0, '/s/6b0bd268-40b1-4abf-a19b-95df7cb4d722.jpg', '/s/6b0bd268-40b1-4abf-a19b-95df7cb4d722.jpg', '<p>商品介绍加载中...</p>', 500, 315, 1000, '', 0, 0, '2019-09-18 13:24:47', 0, '2020-10-13 10:41:59');
INSERT INTO `tb_newbee_mall_goods_info` VALUES (10202, '迪奥（Dior）烈艳蓝金唇膏-哑光999# 3.5g 传奇红（口红', '雾面质地 显色持久 显白 正红色 李佳琦推荐）', 86, '/s/d8d4ac7e-7189-459a-aef2-7116f723cb0b.jpg', '/s/d8d4ac7e-7189-459a-aef2-7116f723cb0b.jpg', '<p>商品介绍加载中...</p>', 400, 315, 1000, '', 0, 0, '2019-09-18 13:24:47', 0, '2020-10-13 10:41:59');
INSERT INTO `tb_newbee_mall_goods_info` VALUES (10203, '海囤全球 魅可（MAC)经典唇膏 子弹头口红3g', 'Chili 秀智色/小辣椒色', 86, '/s/18aca3b8-d024-47d3-a971-fb51d374b1ae.jpg', '/s/18aca3b8-d024-47d3-a971-fb51d374b1ae.jpg', '<p>商品介绍加载中...</p>', 170, 155, 1000, '', 0, 0, '2019-09-18 13:24:47', 0, '2020-10-13 10:41:59');
INSERT INTO `tb_newbee_mall_goods_info` VALUES (10204, '卡姿兰（Carslan）轻甜唇爱随心盒1.4g*4(13#暧昧 16#炽烈 18#嫉妒', '19#欲望 唇盒 口红 七夕礼物 情人节礼物)', 0, '/s/44c8198e-f63a-45e0-8eff-789338de65f8.jpg', '/s/44c8198e-f63a-45e0-8eff-789338de65f8.jpg', '关联销售入口 1 (1) 商品介绍加载中...', 99, 89, 1000, '', 0, 0, '2019-09-18 13:24:47', 0, '2020-10-13 10:41:59');
INSERT INTO `tb_newbee_mall_goods_info` VALUES (10205, '【联名限量版】MANSLY口红套装中国风口红情人节女朋友生日礼物唇釉彩妆女磁扣锦绣红妆口红礼盒彩妆 锦绣红妆口红礼盒（6支）', '新蜂精选', 86, '/s/c081314e-8f67-44f9-a27e-aad6c3f29343.jpg', '/s/c081314e-8f67-44f9-a27e-aad6c3f29343.jpg', '<p>商品介绍加载中...</p>', 295, 295, 995, '', 0, 0, '2019-09-18 13:24:47', 0, '2020-10-13 10:41:59');
INSERT INTO `tb_newbee_mall_goods_info` VALUES (10206, '迪奥（Dior）滋润999礼盒套装（烈艳蓝金999#3.5g 经典正红色+香氛小样1ml*3+礼盒）（小样和礼盒款式随机）', '新蜂精选', 0, '/s/39c69481-6d13-4d84-bc1e-7dca612667f0.jpg', '/s/39c69481-6d13-4d84-bc1e-7dca612667f0.jpg', '<p>商品介绍加载中...</p>', 379, 379, 1000, '', 0, 0, '2019-09-18 13:24:47', 0, '2020-10-13 10:41:59');
INSERT INTO `tb_newbee_mall_goods_info` VALUES (10207, '圣罗兰（YSL）莹亮纯魅唇膏12#（圆管口红）4.5g 斩男色', '新蜂精选', 86, '/s/b4335e82-c9e1-4264-92e4-e324a601fedb.jpg', '/s/b4335e82-c9e1-4264-92e4-e324a601fedb.jpg', '<p>商品介绍加载中...</p>', 320, 320, 1000, '', 0, 0, '2019-09-18 13:24:47', 0, '2020-10-13 10:41:59');
INSERT INTO `tb_newbee_mall_goods_info` VALUES (10208, '圣罗兰（YSL）纯口红1#（正红色）3.8g', '新蜂精选', 86, '/s/57d0bf26-0a0c-4027-8a2b-deeaa29905ee.jpg', '/s/57d0bf26-0a0c-4027-8a2b-deeaa29905ee.jpg', '<p>商品介绍加载中...</p>', 350, 320, 1000, '', 0, 0, '2019-09-18 13:24:47', 0, '2020-10-13 10:41:59');
INSERT INTO `tb_newbee_mall_goods_info` VALUES (10209, '纪梵希高定香榭天鹅绒唇膏306#(小羊皮口红 法式红 雾面哑光', '持久锁色）新老包装随机发货', 86, '/s/f30bd8cb-aadd-43aa-8615-2c4795ee7f5f.jpg', '/s/f30bd8cb-aadd-43aa-8615-2c4795ee7f5f.jpg', '<p>商品介绍加载中...</p>', 355, 355, 1000, '', 0, 0, '2019-09-18 13:24:47', 0, '2020-10-13 10:41:59');
INSERT INTO `tb_newbee_mall_goods_info` VALUES (10210, '【联名款】MANSLY口红套装红鸾心动口红礼盒中国风开运红情人节女朋友生日礼物唇釉颐和园同款彩妆口红 红鸾心动口红礼盒（6支）', '新蜂精选', 86, '/s/f128ad98-fe4d-4264-96e3-6393b6cc98f1.jpg', '/s/f128ad98-fe4d-4264-96e3-6393b6cc98f1.jpg', '<p>商品介绍加载中...</p>', 195, 195, 1000, '', 0, 0, '2019-09-18 13:24:47', 0, '2020-10-13 10:41:59');
INSERT INTO `tb_newbee_mall_goods_info` VALUES (10211, '海囤全球 迪奥（Dior）烈艳蓝金唇膏 口红', '3.5g 999号 正红色', 86, '/s/8fcdb86b-e826-4c1b-af3c-33a9d590c4b0.jpg', '/s/8fcdb86b-e826-4c1b-af3c-33a9d590c4b0.jpg', '<p>商品介绍加载中...</p>', 410, 258, 1000, '', 0, 0, '2019-09-18 13:24:47', 0, '2020-10-13 10:41:59');
INSERT INTO `tb_newbee_mall_goods_info` VALUES (10212, '圣罗兰（YSL）纯口红13#（正橘色）3.8g', '新蜂精选', 86, '/s/53a4a428-8ca2-4d19-937d-15d18f324237.jpg', '/s/53a4a428-8ca2-4d19-937d-15d18f324237.jpg', '<p>商品介绍加载中...</p>', 320, 320, 1000, '', 0, 0, '2019-09-18 13:24:47', 0, '2020-10-13 10:41:59');
INSERT INTO `tb_newbee_mall_goods_info` VALUES (10213, '海囤全球 魅可（MAC)磨砂系列 雾面丝绒哑光子弹头口红', '3g 316 devoted to chili 泫雅色', 86, '/s/2da55bd1-046f-4ac2-b1b9-56ab00bb9db1.jpg', '/s/2da55bd1-046f-4ac2-b1b9-56ab00bb9db1.jpg', '<p>商品介绍加载中...</p>', 249, 165, 1000, '', 0, 0, '2019-09-18 13:24:47', 0, '2020-10-13 10:41:59');
INSERT INTO `tb_newbee_mall_goods_info` VALUES (10214, '【情人礼物】香奈儿Chanel 口红/唇膏可可小姐水亮/丝绒系列润唇保湿口红配玫瑰花礼盒 丝绒系列', '43#斩男色', 86, '/s/247722ea-c87a-4283-806c-bc9fe57f2253.jpg', '/s/247722ea-c87a-4283-806c-bc9fe57f2253.jpg', '<p>商品介绍加载中...</p>', 299, 298, 1000, '', 0, 0, '2019-09-18 13:24:47', 0, '2020-10-13 10:41:59');
INSERT INTO `tb_newbee_mall_goods_info` VALUES (10215, '迪奥（Dior）口红礼盒套装（烈艳蓝金唇膏哑光#999 3.5g正红色+香氛小样1ml*3随机+随机礼盒样式）', '新蜂精选', 86, '/s/ab1a0ced-954c-4857-92f4-f7c833d9d54a.jpg', '/s/ab1a0ced-954c-4857-92f4-f7c833d9d54a.jpg', '<p>商品介绍加载中...</p>', 379, 379, 1000, '', 0, 0, '2019-09-18 13:24:47', 0, '2020-10-13 10:41:59');
INSERT INTO `tb_newbee_mall_goods_info` VALUES (10216, '圣罗兰（YSL）纯口红52# 3.8g', '新蜂精选', 86, '/s/1eefadae-5f62-4abd-b283-077e7b6d9193.jpg', '/s/1eefadae-5f62-4abd-b283-077e7b6d9193.jpg', '<p>商品介绍加载中...</p>', 340, 320, 1000, '', 0, 0, '2019-09-18 13:24:47', 0, '2020-10-13 10:41:59');
INSERT INTO `tb_newbee_mall_goods_info` VALUES (10217, '海囤全球 汤姆福特 TOM', 'FORD TF口红 经典黑金唇膏 3g 16 SCARLET ROUGE 复古番茄红', 0, '/s/da12f5cf-2728-446a-a3bd-b78baf7056ff.jpg', '/s/da12f5cf-2728-446a-a3bd-b78baf7056ff.jpg', '<p>商品介绍加载中...</p>', 429, 375, 1000, '', 0, 0, '2019-09-18 13:24:47', 0, '2020-10-13 10:41:59');
INSERT INTO `tb_newbee_mall_goods_info` VALUES (10218, '迪奥（Dior）烈艳蓝金口红唇膏 028# 3.5g', '珊瑚红 (滋润保湿 持久显色 粉嫩少女 摩洛哥王妃 幸运色)', 86, '/s/7030b9b6-b650-4d9d-9446-e27dab8afa1f.jpg', '/s/7030b9b6-b650-4d9d-9446-e27dab8afa1f.jpg', '<p>商品介绍加载中...</p>', 400, 315, 1000, '', 0, 0, '2019-09-18 13:24:47', 0, '2020-10-13 10:41:59');
INSERT INTO `tb_newbee_mall_goods_info` VALUES (10219, '迪奥（Dior）烈艳蓝金唇膏520# 3.5g 玫瑰红(口红', '缎光 滋润保湿 长效持妆 玫红色 斩男色 告白色 粉红色)', 86, '/s/96a91f11-e634-4e28-be13-db8b4732463e.jpg', '/s/96a91f11-e634-4e28-be13-db8b4732463e.jpg', '<p>商品介绍加载中...</p>', 360, 315, 1000, '', 0, 0, '2019-09-18 13:24:47', 0, '2020-10-13 10:41:59');
INSERT INTO `tb_newbee_mall_goods_info` VALUES (10220, '海囤全球 迪奥（Dior）烈艳蓝金唇膏 口红', '3.5g 999号 哑光-经典正红', 86, '/s/fe048831-384d-46b2-beec-5549f7902c11.jpg', '/s/fe048831-384d-46b2-beec-5549f7902c11.jpg', '<p>商品介绍加载中...</p>', 410, 255, 1000, '', 0, 0, '2019-09-18 13:24:47', 0, '2020-10-13 10:41:59');
INSERT INTO `tb_newbee_mall_goods_info` VALUES (10221, '欧莱雅（LOREAL）纷泽滋润唇膏RC301复古魅红3.7g（金管 口红女 滋润显色）', '新蜂精选', 86, '/s/b7495e02-fc4c-417a-8101-ccfc75a5a475.jpg', '/s/b7495e02-fc4c-417a-8101-ccfc75a5a475.jpg', '品牌介绍Brand Description         巴黎欧莱雅通过将科技和美丽的结合，不断谋求创新、研发新的产品配方，以合理的价格，为消费者提供品质的产品和服务。自1907年安全合成染发剂的诞生，如今巴黎欧莱雅的产品已从染发剂扩展到了护肤、彩妆等诸多领域，在中国，巴黎欧莱雅的五大产品线为护肤系列、彩妆系列、家用染发系列、洗护发系列及男士护肤系列。为了将美的产品融于美的文化、艺术、理念，将“从指尖到发梢”的美丽带给全世界的人们，巴黎欧莱雅在全世界范围精心选择各行业明星，组成“梦之队”来见证巴黎欧莱雅的实力，从各个不同的角度来讲述巴黎欧莱雅美丽无疆界的气势，并使“巴黎欧莱雅，你值得拥有！”“Because you are worth it！”的美丽概念成为一种文化！', 135, 99, 1000, '', 0, 0, '2019-09-18 13:24:47', 0, '2020-10-13 10:41:59');
INSERT INTO `tb_newbee_mall_goods_info` VALUES (10222, '阿玛尼(Armani) 口红女士唇釉 生日礼物/表白礼物', '红管#405番茄红 【李佳琪推荐omg】', 86, '/s/75fdac25-1cfa-4a9b-957d-805ac706f32c.jpg', '/s/75fdac25-1cfa-4a9b-957d-805ac706f32c.jpg', '<p>商品介绍加载中...</p>', 366, 285, 1000, '', 0, 0, '2019-09-18 13:24:47', 0, '2020-10-13 10:41:59');
INSERT INTO `tb_newbee_mall_goods_info` VALUES (10223, '美宝莲（MAYBELLINE）绝色持久唇膏雾感哑光系列R09PM 3.9g（女皇色口红新老包装）', '新蜂精选', 86, '/s/1055e30e-3d98-4dca-8b79-8d0b5a09a37b.jpg', '/s/1055e30e-3d98-4dca-8b79-8d0b5a09a37b.jpg', '<p>商品介绍加载中...</p>', 122, 106, 1000, '', 0, 0, '2019-09-18 13:24:47', 0, '2020-10-13 10:41:59');
INSERT INTO `tb_newbee_mall_goods_info` VALUES (10224, '【专柜正品】迪奥999Dior口红唇膏烈艳蓝金 哑光滋润520/888/999送礼礼品套装 烈艳蓝金', '844#橘红色赠礼盒礼袋', 86, '/s/7b52a7bc-0ecf-41c4-b079-d162511c9530.jpg', '/s/7b52a7bc-0ecf-41c4-b079-d162511c9530.jpg', '<p>商品介绍加载中...</p>', 339, 260, 1000, '', 0, 0, '2019-09-18 13:24:47', 0, '2020-10-13 10:41:59');
INSERT INTO `tb_newbee_mall_goods_info` VALUES (10225, '迪奥（Dior）烈艳蓝金唇膏滋润999# 3.5g 经典正红色', '(口红 保湿滋润 气质显白 不挑皮) （新老包装随机）', 0, '/s/bb05b83f-bb91-4300-b78f-23986ba8c0dd.jpg', '/s/bb05b83f-bb91-4300-b78f-23986ba8c0dd.jpg', '<p>商品介绍加载中...</p>', 500, 315, 1000, '', 0, 0, '2019-09-18 13:25:08', 0, '2020-10-13 10:41:59');
INSERT INTO `tb_newbee_mall_goods_info` VALUES (10226, '迪奥（Dior）烈艳蓝金唇膏-哑光999# 3.5g 传奇红（口红', '雾面质地 显色持久 显白 正红色 李佳琦推荐）', 86, '/s/67280dcf-bf32-49c1-b99b-9d86bb2ffaac.jpg', '/s/67280dcf-bf32-49c1-b99b-9d86bb2ffaac.jpg', '<p>商品介绍加载中...</p>', 400, 315, 1000, '', 0, 0, '2019-09-18 13:25:08', 0, '2020-10-13 10:41:59');
INSERT INTO `tb_newbee_mall_goods_info` VALUES (10227, '海囤全球 魅可（MAC)经典唇膏 子弹头口红3g', 'Chili 秀智色/小辣椒色', 86, '/s/2b678c5d-820c-4174-bc0c-5a65ff9501b6.jpg', '/s/2b678c5d-820c-4174-bc0c-5a65ff9501b6.jpg', '<p>商品介绍加载中...</p>', 170, 155, 1000, '', 0, 0, '2019-09-18 13:25:08', 0, '2020-10-13 10:41:59');
INSERT INTO `tb_newbee_mall_goods_info` VALUES (10228, '卡姿兰（Carslan）轻甜唇爱随心盒1.4g*4(13#暧昧 16#炽烈 18#嫉妒', '19#欲望 唇盒 口红 七夕礼物 情人节礼物)', 0, '/s/3f513cd6-bb5f-407d-8550-24550873d83b.jpg', '/s/3f513cd6-bb5f-407d-8550-24550873d83b.jpg', '关联销售入口 1 (1) 商品介绍加载中...', 99, 89, 1000, '', 0, 0, '2019-09-18 13:25:08', 0, '2020-10-13 10:41:59');
INSERT INTO `tb_newbee_mall_goods_info` VALUES (10229, '【联名限量版】MANSLY口红套装中国风口红情人节女朋友生日礼物唇釉彩妆女磁扣锦绣红妆口红礼盒彩妆 锦绣红妆口红礼盒（6支）', '新蜂精选', 86, '/s/d82ba7f0-6c92-4254-bfb2-71b3f8b1dfda.jpg', '/s/d82ba7f0-6c92-4254-bfb2-71b3f8b1dfda.jpg', '<p>商品介绍加载中...</p>', 295, 295, 1000, '', 0, 0, '2019-09-18 13:25:08', 0, '2020-10-13 10:41:59');
INSERT INTO `tb_newbee_mall_goods_info` VALUES (10230, '迪奥（Dior）滋润999礼盒套装（烈艳蓝金999#3.5g 经典正红色+香氛小样1ml*3+礼盒）（小样和礼盒款式随机）', '新蜂精选', 0, '/s/f6b1195a-3231-4e81-a676-866ee838748f.jpg', '/s/f6b1195a-3231-4e81-a676-866ee838748f.jpg', '<p>商品介绍加载中...</p>', 379, 379, 1000, '', 0, 0, '2019-09-18 13:25:08', 0, '2020-10-13 10:41:59');
INSERT INTO `tb_newbee_mall_goods_info` VALUES (10231, '圣罗兰（YSL）莹亮纯魅唇膏12#（圆管口红）4.5g 斩男色', '新蜂精选', 86, '/s/359bb052-5fea-4390-bbe6-4cb9e1c19273.jpg', '/s/359bb052-5fea-4390-bbe6-4cb9e1c19273.jpg', '<p>商品介绍加载中...</p>', 320, 320, 1000, '', 0, 0, '2019-09-18 13:25:08', 0, '2020-10-13 10:41:59');
INSERT INTO `tb_newbee_mall_goods_info` VALUES (10232, '圣罗兰（YSL）纯口红1#（正红色）3.8g', '新蜂精选', 86, '/s/a42498e5-d912-447b-9360-0659d2d55c42.jpg', '/s/a42498e5-d912-447b-9360-0659d2d55c42.jpg', '<p>商品介绍加载中...</p>', 350, 320, 1000, '', 0, 0, '2019-09-18 13:25:08', 0, '2020-10-13 10:41:59');
INSERT INTO `tb_newbee_mall_goods_info` VALUES (10233, '纪梵希高定香榭天鹅绒唇膏306#', '(小羊皮口红 法式红 雾面哑光 持久锁色）新老包装随机发货', 86, '/s/04949c0e-87df-445b-96dd-29e7fc69f734.jpg', 'http://localhost:28089/s/04949c0e-87df-445b-96dd-29e7fc69f734.jpg', '<p>商品介绍加载中...</p>', 355, 355, 998, '雾面哑光 持久锁色', 0, 0, '2019-09-18 13:25:08', 0, '2020-10-13 10:41:59');
INSERT INTO `tb_newbee_mall_goods_info` VALUES (10234, '【联名款】MANSLY口红套装红鸾心动口红礼盒中国风开运红情人节女朋友生日礼物唇釉颐和园同款彩妆口红 红鸾心动口红礼盒（6支）', '新蜂精选', 86, '/s/a9cd71ad-2db0-4876-9ead-c51233040220.jpg', '/s/a9cd71ad-2db0-4876-9ead-c51233040220.jpg', '<p>商品介绍加载中...</p>', 195, 195, 1000, '', 0, 0, '2019-09-18 13:25:08', 0, '2020-10-13 10:41:59');
INSERT INTO `tb_newbee_mall_goods_info` VALUES (10235, '海囤全球 迪奥（Dior）烈艳蓝金唇膏 口红', '3.5g 999号 正红色', 86, '/s/49d2acf7-55e5-4293-a7da-5929740e1168.jpg', '/s/49d2acf7-55e5-4293-a7da-5929740e1168.jpg', '<p>商品介绍加载中...</p>', 410, 258, 1000, '', 0, 0, '2019-09-18 13:25:08', 0, '2020-10-13 10:41:59');
INSERT INTO `tb_newbee_mall_goods_info` VALUES (10236, '圣罗兰（YSL）纯口红13#（正橘色）3.8g', '新蜂精选', 86, '/s/b0142d40-6adb-4d64-b5b2-6e4a34656990.jpg', '/s/b0142d40-6adb-4d64-b5b2-6e4a34656990.jpg', '<p>商品介绍加载中...</p>', 320, 320, 1000, '', 0, 0, '2019-09-18 13:25:08', 0, '2020-10-13 10:41:59');
INSERT INTO `tb_newbee_mall_goods_info` VALUES (10237, 'MAC 雾面丝绒哑光子弹头口红', '磨砂系列 3g 316 devoted to chili 泫雅色', 86, '/s/1930d79b-88bd-4c5c-8510-0697c9ad2578.jpg', 'http://localhost:28089/s/1930d79b-88bd-4c5c-8510-0697c9ad2578.jpg', '<p>商品介绍加载中...</p>', 249, 165, 993, '雾面丝绒哑光', 0, 0, '2019-09-18 13:25:08', 0, '2020-10-13 10:41:59');
INSERT INTO `tb_newbee_mall_goods_info` VALUES (10238, '【情人礼物】香奈儿Chanel 口红/唇膏可可小姐水亮/丝绒系列润唇保湿口红配玫瑰花礼盒 丝绒系列', '43#斩男色', 86, '/s/70219912-838c-487b-8c3c-761b00de80e9.jpg', '/s/70219912-838c-487b-8c3c-761b00de80e9.jpg', '<p>商品介绍加载中...</p>', 299, 298, 1000, '', 0, 0, '2019-09-18 13:25:08', 0, '2020-10-13 10:41:59');
INSERT INTO `tb_newbee_mall_goods_info` VALUES (10239, '迪奥（Dior）口红礼盒套装（烈艳蓝金唇膏哑光#999 3.5g正红色+香氛小样1ml*3随机+随机礼盒样式）', '新蜂精选', 86, '/s/cbce65ee-28b3-4822-895a-38243ee506e7.jpg', '/s/cbce65ee-28b3-4822-895a-38243ee506e7.jpg', '<p>商品介绍加载中...</p>', 379, 379, 1000, '', 0, 0, '2019-09-18 13:25:08', 0, '2020-10-13 10:41:59');
INSERT INTO `tb_newbee_mall_goods_info` VALUES (10240, '圣罗兰（YSL）纯口红52# 3.8g', '新蜂精选', 86, '/s/abff57bf-247b-4881-9589-e1336049c3ba.jpg', '/s/abff57bf-247b-4881-9589-e1336049c3ba.jpg', '<p>商品介绍加载中...</p>', 340, 320, 1000, '', 0, 0, '2019-09-18 13:25:08', 0, '2020-10-13 10:41:59');
INSERT INTO `tb_newbee_mall_goods_info` VALUES (10241, '海囤全球 汤姆福特 TOM', 'FORD TF口红 经典黑金唇膏 3g 16 SCARLET ROUGE 复古番茄红', 0, '/s/ba0cd1e9-cded-427b-8692-e8e2a0d00e9f.jpg', '/s/ba0cd1e9-cded-427b-8692-e8e2a0d00e9f.jpg', '<p>商品介绍加载中...</p>', 429, 375, 1000, '', 0, 0, '2019-09-18 13:25:08', 0, '2020-10-13 10:41:59');
INSERT INTO `tb_newbee_mall_goods_info` VALUES (10242, '迪奥（Dior）烈艳蓝金口红唇膏 028# 3.5g', '珊瑚红 (滋润保湿 持久显色 粉嫩少女 摩洛哥王妃 幸运色)', 86, '/s/ea87e780-ed4c-447d-bd22-e88e4742721e.jpg', '/s/ea87e780-ed4c-447d-bd22-e88e4742721e.jpg', '<p>商品介绍加载中...</p>', 400, 315, 1000, '', 0, 0, '2019-09-18 13:25:08', 0, '2020-10-13 10:41:59');
INSERT INTO `tb_newbee_mall_goods_info` VALUES (10243, '迪奥（Dior）烈艳蓝金唇膏520# 3.5g 玫瑰红(口红', '缎光 滋润保湿 长效持妆 玫红色 斩男色 告白色 粉红色)', 86, '/s/dde0b711-58b0-49fb-972c-7a71d6ec30f1.jpg', '/s/dde0b711-58b0-49fb-972c-7a71d6ec30f1.jpg', '<p>商品介绍加载中...</p>', 360, 315, 1000, '', 0, 0, '2019-09-18 13:25:08', 0, '2020-10-13 10:41:59');
INSERT INTO `tb_newbee_mall_goods_info` VALUES (10244, '海囤全球 迪奥（Dior）烈艳蓝金唇膏 口红', '3.5g 999号 哑光-经典正红', 86, '/s/79247aeb-2903-47b0-a711-ac94e22ddd54.jpg', '/s/79247aeb-2903-47b0-a711-ac94e22ddd54.jpg', '<p>商品介绍加载中...</p>', 410, 255, 997, '', 0, 0, '2019-09-18 13:25:08', 0, '2020-10-13 10:41:59');
INSERT INTO `tb_newbee_mall_goods_info` VALUES (10245, '欧莱雅（LOREAL）纷泽滋润唇膏RC301复古魅红3.7g（金管 口红女 滋润显色）', '新蜂精选', 86, '/s/3b420562-b449-448d-ae50-e20aab136e1b.jpg', '/s/3b420562-b449-448d-ae50-e20aab136e1b.jpg', '品牌介绍Brand Description         巴黎欧莱雅通过将科技和美丽的结合，不断谋求创新、研发新的产品配方，以合理的价格，为消费者提供品质的产品和服务。自1907年安全合成染发剂的诞生，如今巴黎欧莱雅的产品已从染发剂扩展到了护肤、彩妆等诸多领域，在中国，巴黎欧莱雅的五大产品线为护肤系列、彩妆系列、家用染发系列、洗护发系列及男士护肤系列。为了将美的产品融于美的文化、艺术、理念，将“从指尖到发梢”的美丽带给全世界的人们，巴黎欧莱雅在全世界范围精心选择各行业明星，组成“梦之队”来见证巴黎欧莱雅的实力，从各个不同的角度来讲述巴黎欧莱雅美丽无疆界的气势，并使“巴黎欧莱雅，你值得拥有！”“Because you are worth it！”的美丽概念成为一种文化！', 135, 99, 1000, '', 0, 0, '2019-09-18 13:25:08', 0, '2020-10-13 10:41:59');
INSERT INTO `tb_newbee_mall_goods_info` VALUES (10246, '阿玛尼(Armani) 口红女士唇釉 生日礼物/表白礼物', '红管#405番茄红 【李佳琪推荐omg】', 86, '/s/db866c68-e526-42cf-a0b5-520254f30b76.jpg', '/s/db866c68-e526-42cf-a0b5-520254f30b76.jpg', '<p>商品介绍加载中...</p>', 366, 285, 1000, '', 0, 0, '2019-09-18 13:25:08', 0, '2020-10-13 10:41:59');
INSERT INTO `tb_newbee_mall_goods_info` VALUES (10247, '美宝莲（MAYBELLINE）绝色持久唇膏雾感哑光系列R09PM 3.9g（女皇色口红新老包装）', '新蜂精选', 86, '/s/63d0a187-627d-4edb-870e-717969ad2bd0.jpg', '/s/63d0a187-627d-4edb-870e-717969ad2bd0.jpg', '<p>商品介绍加载中...</p>', 122, 106, 1000, '', 0, 0, '2019-09-18 13:25:08', 0, '2020-10-13 10:41:59');
INSERT INTO `tb_newbee_mall_goods_info` VALUES (10248, '【专柜正品】迪奥999Dior口红唇膏烈艳蓝金 哑光滋润520/888/999送礼礼品套装 烈艳蓝金', '844#橘红色赠礼盒礼袋', 86, '/s/9822b4a5-9fd2-435b-bdd1-5bbcdc6fdfdf.jpg', '/s/9822b4a5-9fd2-435b-bdd1-5bbcdc6fdfdf.jpg', '<p>商品介绍加载中...</p>', 339, 260, 1000, '', 0, 0, '2019-09-18 13:25:08', 0, '2020-10-13 10:41:59');
INSERT INTO `tb_newbee_mall_goods_info` VALUES (10249, 'Apple Macbook Air 13.3 ', 'Core i5 8G 128G SSD 笔记本电脑 轻薄本 银色 MQD32CH/A', 0, '/s/2d827a7e-fb30-493d-840a-cb21766814fd.jpg', '/s/2d827a7e-fb30-493d-840a-cb21766814fd.jpg', '<p>商品介紹頁面素材由Apple提供...</p>', 6928, 5999, 1000, '', 0, 0, '2019-09-18 13:25:52', 0, '2020-10-13 10:41:59');
INSERT INTO `tb_newbee_mall_goods_info` VALUES (10250, 'Apple 2019款 Macbook Pro 13.3', '【带触控栏】八代i5 8G 256G RP645显卡 银色 苹果笔记本电脑 MUHR2CH/A', 0, '/s/465936e0-40ad-4968-b868-4bea20c7beec.jpg', '/s/465936e0-40ad-4968-b868-4bea20c7beec.jpg', '<p>商品介紹頁面素材由Apple提供...</p>', 11499, 10699, 1000, '', 0, 0, '2019-09-18 13:25:52', 0, '2020-10-13 10:41:59');
INSERT INTO `tb_newbee_mall_goods_info` VALUES (10251, 'Apple MacBook Air 13.3 ', 'Core i5 8G 256G SSD 银色 笔记本电脑 轻薄本 Z0UU00056原MQD42CH/A', 0, '/s/a4132109-8f18-4399-affd-a81fad6902c8.jpg', '/s/a4132109-8f18-4399-affd-a81fad6902c8.jpg', '<p>商品介紹頁面素材由Apple提供...</p>', 7999, 7168, 1000, '', 0, 0, '2019-09-18 13:25:52', 0, '2020-10-13 10:41:59');
INSERT INTO `tb_newbee_mall_goods_info` VALUES (10252, 'Apple 2019款 MacBook Air 13.3 ', 'Retina屏 八代i5 8G 256G SSD 银色 笔记本电脑 轻薄本 MVFL2CH/A', 0, '/s/65b62668-3be5-48b0-a40c-bd05826a38c2.jpg', '/s/65b62668-3be5-48b0-a40c-bd05826a38c2.jpg', '<p>商品介紹頁面素材由Apple提供...</p>', 10399, 9799, 1000, '', 0, 0, '2019-09-18 13:25:52', 0, '2020-10-13 10:41:59');
INSERT INTO `tb_newbee_mall_goods_info` VALUES (10253, 'Apple 2019款 MacBook Air 13.3 ', 'Retina屏 八代i5 8G 128G SSD 深空灰 笔记本电脑 轻薄本 MVFH2CH/A', 0, '/s/cb899039-a705-473d-9785-f245a6ed4d89.jpg', '/s/cb899039-a705-473d-9785-f245a6ed4d89.jpg', '<p>商品介紹頁面素材由Apple提供...</p>', 8899, 8499, 1000, '', 0, 0, '2019-09-18 13:25:52', 0, '2020-10-13 10:41:59');
INSERT INTO `tb_newbee_mall_goods_info` VALUES (10254, 'Apple 2019款 MacBook Air 13.3 ', 'Retina屏 八代i5 8G 128G SSD 银色 笔记本电脑 轻薄本 MVFK2CH/A', 0, '/s/7810bc9d-236f-4386-a0ef-45a831b49bf2.jpg', '/s/7810bc9d-236f-4386-a0ef-45a831b49bf2.jpg', '<p>商品介紹頁面素材由Apple提供...</p>', 8899, 8499, 991, '再次倾心', 0, 0, '2019-09-18 13:25:52', 0, '2020-10-13 10:41:59');
INSERT INTO `tb_newbee_mall_goods_info` VALUES (10255, 'Apple MacBook Air 13.3 ', '| 定制升级 Core i7 8G 128G SSD硬盘 银色 笔记本电脑 轻薄本 Z0UU00022', 0, '/s/53019ece-5e61-4de9-8eac-e1f00a4ef7e3.jpg', '/s/53019ece-5e61-4de9-8eac-e1f00a4ef7e3.jpg', '<p>商品介绍加载中...</p>', 8056, 6968, 1000, '', 0, 0, '2019-09-18 13:25:52', 0, '2020-10-13 10:41:59');
INSERT INTO `tb_newbee_mall_goods_info` VALUES (10256, 'Apple 2019款 Macbook Pro 13.3', '【带触控栏】八代i5 8G 256G RP645显卡 深空灰 苹果笔记本电脑 MUHP2CH/A', 0, '/s/f08404a7-0459-4289-aa60-dd1735c95bbe.jpg', '/s/f08404a7-0459-4289-aa60-dd1735c95bbe.jpg', '<p>商品介紹頁面素材由Apple提供...</p>', 11499, 10699, 1000, '', 0, 0, '2019-09-18 13:25:52', 0, '2020-10-13 10:41:59');
INSERT INTO `tb_newbee_mall_goods_info` VALUES (10257, '苹果（Apple） MacBook Air', '苹果笔记本电脑 13.3英寸轻薄本 购买套餐更实惠 2017款/i5/8GB/128GB/D32', 0, '/s/83740c28-473c-4954-b0dc-3cadab5a87d1.jpg', '/s/83740c28-473c-4954-b0dc-3cadab5a87d1.jpg', '<p>商品介绍加载中...</p>', 6200, 5488, 1000, '', 0, 0, '2019-09-18 13:25:52', 0, '2020-10-13 10:41:59');
INSERT INTO `tb_newbee_mall_goods_info` VALUES (10258, 'Apple 2019款 MacBook Air 13.3 ', 'Retina屏 八代i5 8G 256G SSD 深空灰 笔记本电脑 轻薄本 MVFJ2CH/A', 0, '/s/78957148-4c0c-4194-bc46-7360d7b1aa65.jpg', '/s/78957148-4c0c-4194-bc46-7360d7b1aa65.jpg', '<p>商品介紹頁面素材由Apple提供...</p>', 10399, 9799, 983, '', 0, 0, '2019-09-18 13:25:52', 0, '2020-10-13 10:41:59');
INSERT INTO `tb_newbee_mall_goods_info` VALUES (10259, 'Apple 2019新品 Macbook Pro 13.3', '【带触控栏】八代i5 8G 256G 深空灰 笔记本电脑 轻薄本 MV962CH/A', 0, '/s/85787c16-8443-4db0-9cae-a811a20a0832.jpg', '/s/85787c16-8443-4db0-9cae-a811a20a0832.jpg', '<p>商品介紹頁面素材由Apple提供...</p>', 13899, 12999, 1000, '', 0, 0, '2019-09-18 13:25:52', 0, '2020-10-13 10:41:59');
INSERT INTO `tb_newbee_mall_goods_info` VALUES (10260, 'Apple 2019款 MacBook Air 13.3 ', 'Retina屏 八代i5 8G 256G SSD 金色 苹果笔记本电脑 轻薄本 MVFN2CH/A', 0, '/s/82bdafc6-5828-495e-b77c-21598938b896.jpg', '/s/82bdafc6-5828-495e-b77c-21598938b896.jpg', '<p>商品介紹頁面素材由Apple提供...</p>', 10399, 9799, 1000, '', 0, 0, '2019-09-18 13:25:52', 0, '2020-10-13 10:41:59');
INSERT INTO `tb_newbee_mall_goods_info` VALUES (10261, 'APPLE 苹果2018年19新款MacBook air笔记本电脑13.3英寸超薄笔记本', '金色 i5/8GB内存/128GB闪存【19新款】', 0, '/s/270cdf75-8a7f-410e-8f2f-8eeba24f0503.jpg', '/s/270cdf75-8a7f-410e-8f2f-8eeba24f0503.jpg', '<p>商品介绍加载中...</p>', 8899, 7888, 1000, '', 0, 0, '2019-09-18 13:25:52', 0, '2020-10-13 10:41:59');
INSERT INTO `tb_newbee_mall_goods_info` VALUES (10262, 'Apple 2019新品 Macbook Pro 15.4', '【带触控栏】全新九代六核i7 16G 256G 深空灰 笔记本电脑轻薄本MV902CH/A', 0, '/s/7928eb46-9e1c-420e-a8ab-6c358d01891b.jpg', '/s/7928eb46-9e1c-420e-a8ab-6c358d01891b.jpg', '<p>商品介紹頁面素材由Apple提供...</p>', 18199, 17099, 1000, '', 0, 0, '2019-09-18 13:25:52', 0, '2020-10-13 10:41:59');
INSERT INTO `tb_newbee_mall_goods_info` VALUES (10263, 'APPLE 苹果MacBook air苹果笔记本电脑13.3英寸超薄笔记本', '标配+防水手提包+苹果原装鼠标版（下单送大礼包） i5+8GB内存+128GB闪存【D32】', 0, '/s/11968b35-9431-4b1c-a648-6ff46945ebf4.jpg', '/s/11968b35-9431-4b1c-a648-6ff46945ebf4.jpg', '<p>商品介绍加载中...</p>', 6988, 5988, 1000, '', 0, 0, '2019-09-18 13:25:52', 0, '2020-10-13 10:41:59');
INSERT INTO `tb_newbee_mall_goods_info` VALUES (10264, 'APPLE苹果 MacBook Air13.3英寸轻薄笔记本电脑2017款', '官方标配【购套餐版送大礼包】 i5+8GB内存+128GB闪存【D32】', 0, '/s/fb08ec83-2960-47f7-8679-8b78896c30d5.jpg', '/s/fb08ec83-2960-47f7-8679-8b78896c30d5.jpg', '<p>商品介绍加载中...</p>', 6188, 5488, 1000, '', 0, 0, '2019-09-18 13:25:52', 0, '2020-10-13 10:41:59');
INSERT INTO `tb_newbee_mall_goods_info` VALUES (10265, 'Apple 2019款 MacBook Air 13.3 ', 'Retina屏 八代i5 8G 128G SSD 金色 笔记本电脑 轻薄本 MVFM2CH/A', 0, '/s/50748763-c0d6-4e73-80e5-864818fa3246.jpg', '/s/50748763-c0d6-4e73-80e5-864818fa3246.jpg', '<p>商品介紹頁面素材由Apple提供...</p>', 8899, 8499, 1000, '', 0, 0, '2019-09-18 13:25:52', 0, '2020-10-13 10:41:59');
INSERT INTO `tb_newbee_mall_goods_info` VALUES (10266, 'Apple 2019款 Macbook Pro 13.3', '【带触控栏】八代i5 8G 128G RP645显卡 深空灰 苹果笔记本电脑 MUHN2CH/A', 0, '/s/fe9e33a1-fbd0-4278-931f-825fef4ffb62.jpg', '/s/fe9e33a1-fbd0-4278-931f-825fef4ffb62.jpg', '<p>商品介紹頁面素材由Apple提供...</p>', 9999, 9499, 1000, '', 0, 0, '2019-09-18 13:25:52', 0, '2020-10-13 10:41:59');
INSERT INTO `tb_newbee_mall_goods_info` VALUES (10267, 'Apple MacBook Air 13.3 ', '定制升级 Core i7 8G 256G SSD硬盘 银色 笔记本电脑 轻薄本 Z0UU0004J', 0, '/s/0340d6b2-54bf-42a2-96f4-f35c5f47bb2d.jpg', '/s/0340d6b2-54bf-42a2-96f4-f35c5f47bb2d.jpg', '<p>商品介紹頁面素材由Apple提供...</p>', 9656, 8499, 1000, '', 0, 0, '2019-09-18 13:25:52', 0, '2020-10-13 10:41:59');
INSERT INTO `tb_newbee_mall_goods_info` VALUES (10268, 'Apple 2019新品 Macbook Pro 15.4', '【带触控栏】九代八核i9 16G 512G 深空灰 笔记本电脑 轻薄本 MV912CH/A', 0, '/s/33a29216-08d6-445b-b979-12d5de81d634.jpg', '/s/33a29216-08d6-445b-b979-12d5de81d634.jpg', '<p>商品介紹頁面素材由Apple提供...</p>', 21399, 20399, 1000, '', 0, 0, '2019-09-18 13:25:52', 0, '2020-10-13 10:41:59');
INSERT INTO `tb_newbee_mall_goods_info` VALUES (10269, 'Apple 2019新品 Macbook Pro 13.3', '【带触控栏】八代i5 8G 256G 银色 笔记本电脑 轻薄本 MV992CH/A', 0, '/s/a2afdb6c-69a7-4081-bd09-62174f9f5624.jpg', '/s/a2afdb6c-69a7-4081-bd09-62174f9f5624.jpg', '商品介紹頁面素材由Apple提供  ', 13899, 12999, 982, '', 0, 0, '2019-09-18 13:25:52', 0, '2020-10-13 10:41:59');
INSERT INTO `tb_newbee_mall_goods_info` VALUES (10270, 'Apple Macbook Pro 13.3', '【带触控栏】Core i5 8G 512G SSD 银色 笔记本电脑 轻薄本 MR9V2CH/A', 0, '/s/4da4fa5d-ee2d-4496-9950-e53b102f0e8e.jpg', '/s/4da4fa5d-ee2d-4496-9950-e53b102f0e8e.jpg', '<p>商品介绍加载中...</p>', 14999, 13068, 1000, '', 0, 0, '2019-09-18 13:25:52', 0, '2020-10-13 10:41:59');
INSERT INTO `tb_newbee_mall_goods_info` VALUES (10271, 'Apple 2019新品 Macbook Pro 15.4', '【带触控栏】全新九代六核i7 16G 256G 银色 笔记本电脑 轻薄本 MV922CH/A', 0, '/s/49c9f6f8-11c2-4f57-98b9-daf12715b938.jpg', '/s/49c9f6f8-11c2-4f57-98b9-daf12715b938.jpg', '<p>商品介紹頁面素材由Apple提供...</p>', 18199, 17099, 1000, '', 0, 0, '2019-09-18 13:25:52', 0, '2020-10-13 10:41:59');
INSERT INTO `tb_newbee_mall_goods_info` VALUES (10272, 'Apple 2019新品 Macbook Pro 13.3', '【带触控栏】八代i5 8G 512G 银色 笔记本电脑 轻薄本 MV9A2CH/A', 0, '/s/9dd28614-7a17-4876-8cdd-232caf4154bc.jpg', '/s/9dd28614-7a17-4876-8cdd-232caf4154bc.jpg', '<p>商品介紹頁面素材由Apple提供...</p>', 15499, 14499, 1000, '', 0, 0, '2019-09-18 13:25:52', 0, '2020-10-13 10:41:59');
INSERT INTO `tb_newbee_mall_goods_info` VALUES (10273, 'Apple 2019新品 Macbook Pro 15.4', '【带触控栏】九代八核i9 16G 512G 银色 笔记本电脑 轻薄本 MV932CH/A', 0, '/s/2dcd61b8-f434-40ee-928f-c6e4ae934db8.jpg', '/s/2dcd61b8-f434-40ee-928f-c6e4ae934db8.jpg', '<p>商品介紹頁面素材由Apple提供...</p>', 21399, 20399, 1000, '', 0, 0, '2019-09-18 13:25:52', 0, '2020-10-13 10:41:59');
INSERT INTO `tb_newbee_mall_goods_info` VALUES (10274, '【新品首发】苹果Apple MacBook Pro13.3英寸2019新款18/17苹果笔记本电脑', '19款灰色/256G/带bar/MUHP2CH/A', 0, '/s/4dbbfbf1-80c0-4389-a02e-ca19fbeb5340.jpg', '/s/4dbbfbf1-80c0-4389-a02e-ca19fbeb5340.jpg', '<p>商品介绍加载中...</p>', 12580, 10488, 1000, '', 0, 0, '2019-09-18 13:25:52', 0, '2020-10-13 10:41:59');
INSERT INTO `tb_newbee_mall_goods_info` VALUES (10275, '【新品首发】苹果Apple MacBook Pro13.3英寸2019新款18/17苹果笔记本电脑', '19款灰色/128G/带bar/MUHN2CH/A', 0, '/s/3b095a66-4001-4c69-9026-2e09139b5f11.jpg', '/s/3b095a66-4001-4c69-9026-2e09139b5f11.jpg', '<p>商品介绍加载中...</p>', 10100, 9088, 1000, '', 0, 0, '2019-09-18 13:25:52', 0, '2020-10-13 10:41:59');
INSERT INTO `tb_newbee_mall_goods_info` VALUES (10276, 'Apple 2019新品 Macbook Pro 13.3', '【带触控栏】八代i5 8G 512G 深空灰 苹果笔记本电脑 轻薄本 MV972CH/A', 0, '/s/82fb6b31-1afe-4bcb-a243-5205ed32d3ee.jpg', '/s/82fb6b31-1afe-4bcb-a243-5205ed32d3ee.jpg', '<p>商品介紹頁面素材由Apple提供...</p>', 15499, 14499, 1000, '', 0, 0, '2019-09-18 13:25:52', 0, '2020-10-13 10:41:59');
INSERT INTO `tb_newbee_mall_goods_info` VALUES (10277, 'Apple Macbook Pro 13.3', '【无触控栏】Core i5 8G 256G SSD 银色 笔记本电脑 轻薄本 MPXU2CH/A', 0, '/s/73a8c7e9-40af-4e0a-9826-5f6374361e61.jpg', '/s/73a8c7e9-40af-4e0a-9826-5f6374361e61.jpg', '<p>商品介绍加载中...</p>', 11299, 10199, 1000, '', 0, 0, '2019-09-18 13:25:52', 0, '2020-10-13 10:41:59');
INSERT INTO `tb_newbee_mall_goods_info` VALUES (10278, 'Apple iPhone 11 (A2223)', '64GB 黑色 移动联通电信4G手机 双卡双待', 47, '/s/4755f3e5-257c-424c-a5f4-63908061d6d9.jpg', 'http://localhost:28089/s/4755f3e5-257c-424c-a5f4-63908061d6d9.jpg', '<div id=\"activity_header\" style=\"margin:0px;padding:0px;color:#666666;font-family:tahoma, arial, \" background-color:#ffffff;\"=\"\">\n<div style=\"margin:0px;padding:0px;text-align:center;\">\n	<br />\n</div>\n	</div>\n<div id=\"J-detail-content\" style=\"margin:0px;padding:0px;color:#666666;font-family:tahoma, arial, \" background-color:#ffffff;\"=\"\">\n	<div style=\"margin:0px auto;padding:0px;\">\n		<img class=\"\" src=\"https://newbee-mall.oss-cn-beijing.aliyuncs.com/images/iphone-0.jpg\" /><img border=\"0\" class=\"\" src=\"https://newbee-mall.oss-cn-beijing.aliyuncs.com/images/iphone-11-1.png\" /><img border=\"0\" class=\"\" src=\"https://newbee-mall.oss-cn-beijing.aliyuncs.com/images/iphone-11-2.png\" /> \n	</div>\n</div>', 5499, 5499, 998, '2019 新品', 0, 0, '2019-09-18 13:27:13', 0, '2020-10-13 10:41:59');
INSERT INTO `tb_newbee_mall_goods_info` VALUES (10279, 'Apple iPhone 11 (A2223)', '128GB 白色 移动联通电信4G手机 双卡双待', 47, '/s/a0d09f94-9c46-4ee1-aaef-dfd132e7543e.jpg', '/s/a0d09f94-9c46-4ee1-aaef-dfd132e7543e.jpg', '<div id=\"activity_header\" style=\"margin:0px;padding:0px;color:#666666;font-family:tahoma, arial, \" background-color:#ffffff;\"=\"\">\n<div style=\"margin:0px;padding:0px;text-align:center;\">\n	<br />\n</div>\n	</div>\n<div id=\"J-detail-content\" style=\"margin:0px;padding:0px;color:#666666;font-family:tahoma, arial, \" background-color:#ffffff;\"=\"\">\n	<div style=\"margin:0px auto;padding:0px;\">\n		<img class=\"\" src=\"https://newbee-mall.oss-cn-beijing.aliyuncs.com/images/iphone-0.jpg\" /><img border=\"0\" class=\"\" src=\"https://newbee-mall.oss-cn-beijing.aliyuncs.com/images/iphone-11-1.png\" /><img border=\"0\" class=\"\" src=\"https://newbee-mall.oss-cn-beijing.aliyuncs.com/images/iphone-11-2.png\" /> \n	</div>\n</div>', 5999, 5999, 997, '2019 新品', 0, 0, '2019-09-18 13:27:13', 0, '2020-10-13 10:41:59');
INSERT INTO `tb_newbee_mall_goods_info` VALUES (10280, 'Apple iPhone 11 (A2223)', '128GB 紫色 移动联通电信4G手机 双卡双待', 47, '/s/8dfe8ea9-2279-4132-a72b-4f8a52d002a4.jpg', '/s/8dfe8ea9-2279-4132-a72b-4f8a52d002a4.jpg', '<div id=\"activity_header\" style=\"margin:0px;padding:0px;color:#666666;font-family:tahoma, arial, \" background-color:#ffffff;\"=\"\">\n<div style=\"margin:0px;padding:0px;text-align:center;\">\n	<br />\n</div>\n	</div>\n<div id=\"J-detail-content\" style=\"margin:0px;padding:0px;color:#666666;font-family:tahoma, arial, \" background-color:#ffffff;\"=\"\">\n	<div style=\"margin:0px auto;padding:0px;\">\n		<img class=\"\" src=\"https://newbee-mall.oss-cn-beijing.aliyuncs.com/images/iphone-0.jpg\" /><img border=\"0\" class=\"\" src=\"https://newbee-mall.oss-cn-beijing.aliyuncs.com/images/iphone-11-1.png\" /><img border=\"0\" class=\"\" src=\"https://newbee-mall.oss-cn-beijing.aliyuncs.com/images/iphone-11-2.png\" /> \n	</div>\n</div>', 5999, 5999, 1000, '', 0, 0, '2019-09-18 13:27:13', 0, '2020-10-13 10:41:59');
INSERT INTO `tb_newbee_mall_goods_info` VALUES (10281, 'Apple iPhone 11 (A2223)', '64GB 红色 移动联通电信4G手机 双卡双待', 47, '/s/7368f461-fd0a-4f37-bc8b-31d8ad3d6e95.jpg', '/s/7368f461-fd0a-4f37-bc8b-31d8ad3d6e95.jpg', '<div id=\"activity_header\" style=\"margin:0px;padding:0px;color:#666666;font-family:tahoma, arial, \" background-color:#ffffff;\"=\"\">\n<div style=\"margin:0px;padding:0px;text-align:center;\">\n	<br />\n</div>\n	</div>\n<div id=\"J-detail-content\" style=\"margin:0px;padding:0px;color:#666666;font-family:tahoma, arial, \" background-color:#ffffff;\"=\"\">\n	<div style=\"margin:0px auto;padding:0px;\">\n		<img class=\"\" src=\"https://newbee-mall.oss-cn-beijing.aliyuncs.com/images/iphone-0.jpg\" /><img border=\"0\" class=\"\" src=\"https://newbee-mall.oss-cn-beijing.aliyuncs.com/images/iphone-11-1.png\" /><img border=\"0\" class=\"\" src=\"https://newbee-mall.oss-cn-beijing.aliyuncs.com/images/iphone-11-2.png\" /> \n	</div>\n</div>', 5499, 5499, 1000, '', 0, 0, '2019-09-18 13:27:13', 0, '2020-10-13 10:41:59');
INSERT INTO `tb_newbee_mall_goods_info` VALUES (10282, 'Apple iPhone 11 (A2223)', '64GB 黄色 移动联通电信4G手机 双卡双待', 47, '/s/cea55d85-b11e-4639-88ab-9403b05ce1e8.jpg', '/s/cea55d85-b11e-4639-88ab-9403b05ce1e8.jpg', '<div id=\"activity_header\" style=\"margin:0px;padding:0px;color:#666666;font-family:tahoma, arial, \" background-color:#ffffff;\"=\"\">\n<div style=\"margin:0px;padding:0px;text-align:center;\">\n	<br />\n</div>\n	</div>\n<div id=\"J-detail-content\" style=\"margin:0px;padding:0px;color:#666666;font-family:tahoma, arial, \" background-color:#ffffff;\"=\"\">\n	<div style=\"margin:0px auto;padding:0px;\">\n		<img class=\"\" src=\"https://newbee-mall.oss-cn-beijing.aliyuncs.com/images/iphone-0.jpg\" /><img border=\"0\" class=\"\" src=\"https://newbee-mall.oss-cn-beijing.aliyuncs.com/images/iphone-11-1.png\" /><img border=\"0\" class=\"\" src=\"https://newbee-mall.oss-cn-beijing.aliyuncs.com/images/iphone-11-2.png\" /> \n	</div>\n</div>', 5499, 5499, 1000, '', 0, 0, '2019-09-18 13:27:13', 0, '2020-10-13 10:41:59');
INSERT INTO `tb_newbee_mall_goods_info` VALUES (10283, 'Apple iPhone 11 (A2223)', '256GB 绿色 移动联通电信4G手机 双卡双待', 47, '/s/075a188a-9045-45f0-9c67-1e42e0552aa2.jpg', '/s/075a188a-9045-45f0-9c67-1e42e0552aa2.jpg', '<div id=\"activity_header\" style=\"margin:0px;padding:0px;color:#666666;font-family:tahoma, arial, \" background-color:#ffffff;\"=\"\">\n<div style=\"margin:0px;padding:0px;text-align:center;\">\n	<br />\n</div>\n	</div>\n<div id=\"J-detail-content\" style=\"margin:0px;padding:0px;color:#666666;font-family:tahoma, arial, \" background-color:#ffffff;\"=\"\">\n	<div style=\"margin:0px auto;padding:0px;\">\n		<img class=\"\" src=\"https://newbee-mall.oss-cn-beijing.aliyuncs.com/images/iphone-0.jpg\" /><img border=\"0\" class=\"\" src=\"https://newbee-mall.oss-cn-beijing.aliyuncs.com/images/iphone-11-1.png\" /><img border=\"0\" class=\"\" src=\"https://newbee-mall.oss-cn-beijing.aliyuncs.com/images/iphone-11-2.png\" /> \n	</div>\n</div>', 6799, 6799, 990, '', 0, 0, '2019-09-18 13:27:13', 0, '2020-10-13 10:41:59');
INSERT INTO `tb_newbee_mall_goods_info` VALUES (10284, 'Apple iPhone XR (A2108)', '128GB 黑色 移动联通电信4G手机 双卡双待', 47, '/s/23ac3107-6309-40c8-bd28-164eb1186b62.jpg', '/s/23ac3107-6309-40c8-bd28-164eb1186b62.jpg', '<p>商品介绍加载中...</p>', 5599, 5099, 991, '', 0, 0, '2019-09-18 13:27:13', 0, '2020-10-13 10:41:59');
INSERT INTO `tb_newbee_mall_goods_info` VALUES (10285, 'Apple iPhone XR (A2108)', '128GB 白色 移动联通电信4G手机 双卡双待', 47, '/s/3f47c376-c603-43fc-bfe5-2daa985ff423.jpg', '/s/3f47c376-c603-43fc-bfe5-2daa985ff423.jpg', '<p>商品介绍加载中...</p>', 5599, 5099, 1000, '', 0, 0, '2019-09-18 13:27:13', 0, '2020-10-13 10:41:59');
INSERT INTO `tb_newbee_mall_goods_info` VALUES (10286, 'Apple iPhone XR (A2108)', '128GB 红色 移动联通电信4G手机 双卡双待', 47, '/s/56cef3d7-41e6-4aad-825d-a3d423e74dfd.jpg', '/s/56cef3d7-41e6-4aad-825d-a3d423e74dfd.jpg', '<p>商品介绍加载中...</p>', 5599, 5099, 1000, '', 0, 0, '2019-09-18 13:27:13', 0, '2020-10-13 10:41:59');
INSERT INTO `tb_newbee_mall_goods_info` VALUES (10287, 'Apple iPhone XR (A2108)', '128GB 珊瑚色 移动联通电信4G手机 双卡双待', 47, '/s/c2e3b2e4-1fc8-43f3-b133-6f4eae7faa5d.jpg', '/s/c2e3b2e4-1fc8-43f3-b133-6f4eae7faa5d.jpg', '<p>商品介绍加载中...</p>', 5599, 5199, 1000, '', 0, 0, '2019-09-18 13:27:13', 0, '2020-10-13 10:41:59');
INSERT INTO `tb_newbee_mall_goods_info` VALUES (10288, 'Apple iPhone XR (A2108)', '128GB 蓝色 移动联通电信4G手机 双卡双待', 47, '/s/2f5079e9-57f3-490a-8d3d-5fd64207939d.jpg', '/s/2f5079e9-57f3-490a-8d3d-5fd64207939d.jpg', '<p>商品介绍加载中...</p>', 5599, 5199, 1000, '', 0, 0, '2019-09-18 13:27:13', 0, '2020-10-13 10:41:59');
INSERT INTO `tb_newbee_mall_goods_info` VALUES (10289, 'Apple iPhone XR (A2108)', '128GB 黄色 移动联通电信4G手机 双卡双待', 47, '/s/b1259d73-7c5a-4eca-81eb-53a4e9bcc77e.jpg', '/s/b1259d73-7c5a-4eca-81eb-53a4e9bcc77e.jpg', '<p>商品介绍加载中...</p>', 5599, 5199, 1000, '', 0, 0, '2019-09-18 13:27:13', 0, '2020-10-13 10:41:59');
INSERT INTO `tb_newbee_mall_goods_info` VALUES (10290, 'Apple iPhone 11 Pro', 'Max (A2220) 64GB 暗夜绿色 移动联通电信4G手机 双卡双待', 47, '/s/0656b280-66d9-430b-9d0d-e48bf379d89a.jpg', '/s/0656b280-66d9-430b-9d0d-e48bf379d89a.jpg', '<div id=\"activity_header\" style=\"margin:0px;padding:0px;color:#666666;font-family:tahoma, arial, \" background-color:#ffffff;\"=\"\">\n<div style=\"margin:0px;padding:0px;text-align:center;\">\n	<br />\n</div>\n	</div>\n<div id=\"J-detail-content\" style=\"margin:0px;padding:0px;color:#666666;font-family:tahoma, arial, \" background-color:#ffffff;\"=\"\">\n	<div style=\"margin:0px auto;padding:0px;\">\n		<img class=\"\" src=\"https://newbee-mall.oss-cn-beijing.aliyuncs.com/images/iphone-0.jpg\" /><img border=\"0\" class=\"\" src=\"https://newbee-mall.oss-cn-beijing.aliyuncs.com/images/iphone-11-1.png\" /><img border=\"0\" class=\"\" src=\"https://newbee-mall.oss-cn-beijing.aliyuncs.com/images/iphone-11-2.png\" /> \n	</div>\n</div>', 9599, 9599, 1000, '', 0, 0, '2019-09-18 13:27:13', 0, '2020-10-13 10:41:59');
INSERT INTO `tb_newbee_mall_goods_info` VALUES (10291, 'Apple iPhone 11 Pro', 'Max (A2220) 256GB 深空灰色 移动联通电信4G手机 双卡双待', 47, '/s/77ce1f09-3900-4eff-8d97-e67fa8193a84.jpg', '/s/77ce1f09-3900-4eff-8d97-e67fa8193a84.jpg', '<div id=\"activity_header\" style=\"margin:0px;padding:0px;color:#666666;font-family:tahoma, arial, \" background-color:#ffffff;\"=\"\">\n<div style=\"margin:0px;padding:0px;text-align:center;\">\n	<br />\n</div>\n	</div>\n<div id=\"J-detail-content\" style=\"margin:0px;padding:0px;color:#666666;font-family:tahoma, arial, \" background-color:#ffffff;\"=\"\">\n	<div style=\"margin:0px auto;padding:0px;\">\n		<img class=\"\" src=\"https://newbee-mall.oss-cn-beijing.aliyuncs.com/images/iphone-0.jpg\" /><img border=\"0\" class=\"\" src=\"https://newbee-mall.oss-cn-beijing.aliyuncs.com/images/iphone-11-1.png\" /><img border=\"0\" class=\"\" src=\"https://newbee-mall.oss-cn-beijing.aliyuncs.com/images/iphone-11-2.png\" /> \n	</div>\n</div>', 10899, 10899, 1000, '', 0, 0, '2019-09-18 13:27:13', 0, '2020-10-13 10:41:59');
INSERT INTO `tb_newbee_mall_goods_info` VALUES (10292, 'Apple iPhone 11 Pro', 'Max (A2220) 64GB 金色 移动联通电信4G手机 双卡双待', 47, '/s/e45be404-d582-4c1e-80e8-48073327551e.jpg', '/s/e45be404-d582-4c1e-80e8-48073327551e.jpg', '<div id=\"activity_header\" style=\"margin:0px;padding:0px;color:#666666;font-family:tahoma, arial, \" background-color:#ffffff;\"=\"\">\n<div style=\"margin:0px;padding:0px;text-align:center;\">\n	<br />\n</div>\n	</div>\n<div id=\"J-detail-content\" style=\"margin:0px;padding:0px;color:#666666;font-family:tahoma, arial, \" background-color:#ffffff;\"=\"\">\n	<div style=\"margin:0px auto;padding:0px;\">\n		<img class=\"\" src=\"https://newbee-mall.oss-cn-beijing.aliyuncs.com/images/iphone-0.jpg\" /><img border=\"0\" class=\"\" src=\"https://newbee-mall.oss-cn-beijing.aliyuncs.com/images/iphone-11-1.png\" /><img border=\"0\" class=\"\" src=\"https://newbee-mall.oss-cn-beijing.aliyuncs.com/images/iphone-11-2.png\" /> \n	</div>\n</div>', 9599, 9599, 1000, '', 0, 0, '2019-09-18 13:27:13', 0, '2020-10-13 10:41:59');
INSERT INTO `tb_newbee_mall_goods_info` VALUES (10293, 'Apple iPhone 11 Pro', 'Max (A2220) 512GB 银色 移动联通电信4G手机 双卡双待', 47, '/s/76670f49-4556-40ae-b485-3b25dcdcb636.jpg', '/s/76670f49-4556-40ae-b485-3b25dcdcb636.jpg', '<div id=\"activity_header\" style=\"margin:0px;padding:0px;color:#666666;font-family:tahoma, arial, \" background-color:#ffffff;\"=\"\">\n<div style=\"margin:0px;padding:0px;text-align:center;\">\n	<br />\n</div>\n	</div>\n<div id=\"J-detail-content\" style=\"margin:0px;padding:0px;color:#666666;font-family:tahoma, arial, \" background-color:#ffffff;\"=\"\">\n	<div style=\"margin:0px auto;padding:0px;\">\n		<img class=\"\" src=\"https://newbee-mall.oss-cn-beijing.aliyuncs.com/images/iphone-0.jpg\" /><img border=\"0\" class=\"\" src=\"https://newbee-mall.oss-cn-beijing.aliyuncs.com/images/iphone-11-1.png\" /><img border=\"0\" class=\"\" src=\"https://newbee-mall.oss-cn-beijing.aliyuncs.com/images/iphone-11-2.png\" /> \n	</div>\n</div>', 12699, 12699, 1000, '', 0, 0, '2019-09-18 13:27:13', 0, '2020-10-13 10:41:59');
INSERT INTO `tb_newbee_mall_goods_info` VALUES (10294, 'Apple iPhone 7 (A1660)', '128G 黑色 移动联通电信4G手机', 47, '/s/101abd40-e9a2-4ab0-9f4e-16569c9dbf82.jpg', '/s/101abd40-e9a2-4ab0-9f4e-16569c9dbf82.jpg', '<p>商品介绍加载中...</p>', 3199, 2949, 1000, '', 0, 0, '2019-09-18 13:27:13', 0, '2020-10-13 10:41:59');
INSERT INTO `tb_newbee_mall_goods_info` VALUES (10295, 'Apple iPhone 7 (A1660)', '128G 玫瑰金色 移动联通电信4G手机', 47, '/s/6229468b-bcb7-4415-880a-aea3eef4eea2.jpg', '/s/6229468b-bcb7-4415-880a-aea3eef4eea2.jpg', '<p>商品介绍加载中...</p>', 3199, 2929, 1000, '', 0, 0, '2019-09-18 13:27:13', 0, '2020-10-13 10:41:59');
INSERT INTO `tb_newbee_mall_goods_info` VALUES (10296, 'Apple iPhone 7 (A1660)', '128G 金色 移动联通电信4G手机', 47, '/s/1f5bb955-fbe7-451a-b12c-3e2115c53020.jpg', '/s/1f5bb955-fbe7-451a-b12c-3e2115c53020.jpg', '<p>商品介绍加载中...</p>', 3199, 2929, 1000, '', 0, 0, '2019-09-18 13:27:13', 0, '2020-10-13 10:41:59');
INSERT INTO `tb_newbee_mall_goods_info` VALUES (10297, 'Apple iPhone 7 (A1660)', '128G 银色 移动联通电信4G手机', 47, '/s/9fc3c48f-c8e2-426b-915a-c32b0e72998d.jpg', '/s/9fc3c48f-c8e2-426b-915a-c32b0e72998d.jpg', '<p>商品介绍加载中...</p>', 3199, 2929, 1000, '', 0, 0, '2019-09-18 13:27:13', 0, '2020-10-13 10:41:59');
INSERT INTO `tb_newbee_mall_goods_info` VALUES (10298, 'Apple iPhone XS Max', '(A2104) 256GB 深空灰色 移动联通电信4G手机 双卡双待', 47, '/s/ec4af4a5-0a53-4246-bd88-919b0541a55c.jpg', '/s/ec4af4a5-0a53-4246-bd88-919b0541a55c.jpg', '<p>商品介绍加载中...</p>', 9599, 8999, 1000, '', 0, 0, '2019-09-18 13:27:13', 0, '2020-10-13 10:41:59');
INSERT INTO `tb_newbee_mall_goods_info` VALUES (10299, 'Apple iPhone XS Max', '(A2104) 256GB 金色 移动联通电信4G手机 双卡双待', 47, '/s/b7d2373a-5a8c-4be5-a4ce-57b408c6d9f2.jpg', '/s/b7d2373a-5a8c-4be5-a4ce-57b408c6d9f2.jpg', '<p>商品介绍加载中...</p>', 9599, 8999, 1000, '', 0, 0, '2019-09-18 13:27:13', 0, '2020-10-13 10:41:59');
INSERT INTO `tb_newbee_mall_goods_info` VALUES (10300, 'Apple iPhone XS Max', '(A2104) 256GB 银色 移动联通电信4G手机 双卡双待', 47, '/s/837aaf40-5797-4929-b162-a248bfe73b36.jpg', '/s/837aaf40-5797-4929-b162-a248bfe73b36.jpg', '<p>商品介绍加载中...</p>', 9599, 8999, 1000, '', 0, 0, '2019-09-18 13:27:13', 0, '2020-10-13 10:41:59');
INSERT INTO `tb_newbee_mall_goods_info` VALUES (10301, 'Apple iPhone 8 (A1863)', '64GB 深空灰色 移动联通电信4G手机', 47, '/s/8ab049d8-5b2e-4b69-bef0-013bec414598.jpg', '/s/8ab049d8-5b2e-4b69-bef0-013bec414598.jpg', '<p>商品介绍加载中...</p>', 3699, 3499, 1000, '', 0, 0, '2019-09-18 13:27:13', 0, '2020-10-13 10:41:59');
INSERT INTO `tb_newbee_mall_goods_info` VALUES (10302, 'Apple iPhone 8 (A1863)', '64GB 银色 移动联通电信4G手机', 47, '/s/eaeb6faf-2ead-4f5d-84d2-1629686a492c.jpg', '/s/eaeb6faf-2ead-4f5d-84d2-1629686a492c.jpg', '<p>商品介绍加载中...</p>', 3699, 3499, 1000, '', 0, 0, '2019-09-18 13:27:13', 0, '2020-10-13 10:41:59');
INSERT INTO `tb_newbee_mall_goods_info` VALUES (10303, 'Apple iPhone 8 (A1863)', '64GB 金色 移动联通电信4G手机', 47, '/s/0611528c-73c8-4114-a1d8-d9387e771284.jpg', '/s/0611528c-73c8-4114-a1d8-d9387e771284.jpg', '<p>商品介绍加载中...</p>', 3699, 3499, 1000, '', 0, 0, '2019-09-18 13:27:13', 0, '2020-10-13 10:41:59');
INSERT INTO `tb_newbee_mall_goods_info` VALUES (10304, 'Apple iPhone 7 Plus', '(A1661) 128G 黑色 移动联通电信4G手机', 47, '/s/dbafc182-23b7-442c-b9cb-0ea825a659a9.jpg', '/s/dbafc182-23b7-442c-b9cb-0ea825a659a9.jpg', '<p>商品介绍加载中...</p>', 4199, 3699, 1000, '', 0, 0, '2019-09-18 13:27:13', 0, '2020-10-13 10:41:59');
INSERT INTO `tb_newbee_mall_goods_info` VALUES (10305, 'Apple iPhone 7 Plus', '(A1661) 128G 玫瑰金色 移动联通电信4G手机', 47, '/s/c227df08-9a26-430a-88a5-72c1e4da5b6e.jpg', '/s/c227df08-9a26-430a-88a5-72c1e4da5b6e.jpg', '<p>商品介绍加载中...</p>', 4199, 3699, 1000, '', 0, 0, '2019-09-18 13:27:13', 0, '2020-10-13 10:41:59');
INSERT INTO `tb_newbee_mall_goods_info` VALUES (10306, 'Apple iPhone 7 Plus', '(A1661) 128G 金色 移动联通电信4G手机', 47, '/s/bf58f29f-75ed-411e-8255-3b9f802634f2.jpg', '/s/bf58f29f-75ed-411e-8255-3b9f802634f2.jpg', '<p>商品介绍加载中...</p>', 4199, 3699, 1000, '', 0, 0, '2019-09-18 13:27:13', 0, '2020-10-13 10:41:59');
INSERT INTO `tb_newbee_mall_goods_info` VALUES (10307, 'Apple iPhone 7 Plus', '(A1661) 128G 银色 移动联通电信4G手机', 47, '/s/dfab7fee-e787-423d-9771-67e05b03b358.jpg', '/s/dfab7fee-e787-423d-9771-67e05b03b358.jpg', '<p>商品介绍加载中...</p>', 4199, 3699, 1000, '', 0, 0, '2019-09-18 13:27:13', 0, '2020-10-13 10:41:59');
INSERT INTO `tb_newbee_mall_goods_info` VALUES (10308, 'Apple iPhone XS (A2099)', '64GB 金色 移动联通4G手机', 47, '/s/b3ff5475-9519-4d94-8f07-5840bb796e60.jpg', '/s/b3ff5475-9519-4d94-8f07-5840bb796e60.jpg', '<p>商品介绍加载中...</p>', 7299, 6299, 1000, '', 0, 0, '2019-09-18 13:27:13', 0, '2020-10-13 10:41:59');
INSERT INTO `tb_newbee_mall_goods_info` VALUES (10309, 'Apple iPhone XS (A2099)', '64GB 深空灰色 移动联通4G手机', 47, '/s/7cc8d012-cfaa-45c4-ba35-70ca46c8bd66.jpg', '/s/7cc8d012-cfaa-45c4-ba35-70ca46c8bd66.jpg', '<p>商品介绍加载中...</p>', 7299, 6299, 1000, '', 0, 0, '2019-09-18 13:27:13', 0, '2020-10-13 10:41:59');
INSERT INTO `tb_newbee_mall_goods_info` VALUES (10310, 'Apple iPhone XS (A2099)', '256GB 银色 移动联通4G手机', 47, '/s/776b459b-e981-434f-bbf7-635cafab7418.jpg', '/s/776b459b-e981-434f-bbf7-635cafab7418.jpg', '<p>商品介绍加载中...</p>', 10099, 7699, 1000, '', 0, 0, '2019-09-18 13:27:13', 0, '2020-10-13 10:41:59');
INSERT INTO `tb_newbee_mall_goods_info` VALUES (10311, 'Apple iPhone 8 Plus', '(A1899) 64GB 深空灰色 移动联通4G手机', 47, '/s/8eb2e38b-84e1-4f31-9dae-841800f68038.jpg', '/s/8eb2e38b-84e1-4f31-9dae-841800f68038.jpg', '<p>商品介绍加载中...</p>', 4599, 3999, 1000, '', 0, 0, '2019-09-18 13:27:13', 0, '2020-10-13 10:41:59');
INSERT INTO `tb_newbee_mall_goods_info` VALUES (10312, 'Apple iPhone 8 Plus', '(A1864) 64GB 金色 移动联通电信4G手机', 47, '/s/58c6a2c3-d3f7-4b0a-b4ae-e649b1032087.jpg', '/s/58c6a2c3-d3f7-4b0a-b4ae-e649b1032087.jpg', '<p>商品介绍加载中...</p>', 4799, 4399, 1000, '', 0, 0, '2019-09-18 13:27:13', 0, '2020-10-13 10:41:59');
INSERT INTO `tb_newbee_mall_goods_info` VALUES (10313, 'Apple iPhone 8 Plus', '(A1864) 64GB 银色 移动联通电信4G手机', 47, '/s/2839c451-3eaf-4820-8a15-1858ce339407.jpg', '/s/2839c451-3eaf-4820-8a15-1858ce339407.jpg', '<p>商品介绍加载中...</p>', 4799, 4399, 1000, '', 0, 0, '2019-09-18 13:27:13', 0, '2020-10-13 10:41:59');
INSERT INTO `tb_newbee_mall_goods_info` VALUES (10314, 'Apple 苹果 iPhone xr', '手机 双卡双待 黑色 全网通64G', 47, '/s/35bbe123-c822-457c-aaf0-fdcd861bc06d.jpg', '/s/35bbe123-c822-457c-aaf0-fdcd861bc06d.jpg', '<p>商品介绍加载中...</p>', 6199, 4598, 1000, '', 0, 0, '2019-09-18 13:27:13', 0, '2020-10-13 10:41:59');
INSERT INTO `tb_newbee_mall_goods_info` VALUES (10315, 'Apple 苹果 iPhone xr', '手机 双卡双待 白色 全网通64G', 47, '/s/0e565b23-554e-45d3-ac62-a2fb25be7f2c.jpg', '/s/0e565b23-554e-45d3-ac62-a2fb25be7f2c.jpg', '<p>商品介绍加载中...</p>', 6199, 4658, 1000, '', 0, 0, '2019-09-18 13:27:13', 0, '2020-10-13 10:41:59');
INSERT INTO `tb_newbee_mall_goods_info` VALUES (10316, 'Apple 苹果 iPhone xr', '手机 双卡双待 蓝色 全网通64G', 47, '/s/c08b6ddc-735f-4d2c-b47f-1f0e7f62a9b1.jpg', '/s/c08b6ddc-735f-4d2c-b47f-1f0e7f62a9b1.jpg', '<p>商品介绍加载中...</p>', 6199, 4698, 1000, '', 0, 0, '2019-09-18 13:27:13', 0, '2020-10-13 10:41:59');
INSERT INTO `tb_newbee_mall_goods_info` VALUES (10317, 'Apple 苹果 iPhone xr', '手机 双卡双待 黄色 全网通64G', 47, '/s/c09636de-93b1-444e-b00e-668506676443.jpg', '/s/c09636de-93b1-444e-b00e-668506676443.jpg', '<p>商品介绍加载中...</p>', 6199, 4698, 1000, '', 0, 0, '2019-09-18 13:27:13', 0, '2020-10-13 10:41:59');
INSERT INTO `tb_newbee_mall_goods_info` VALUES (10318, 'Apple 苹果 iPhone xr', '手机 双卡双待 红色 全网通128G', 47, '/s/b26d8460-7ab5-4006-ba5c-e212ee0f31bd.jpg', '/s/b26d8460-7ab5-4006-ba5c-e212ee0f31bd.jpg', '<p>商品介绍加载中...</p>', 6699, 5038, 1000, '', 0, 0, '2019-09-18 13:27:13', 0, '2020-10-13 10:41:59');
INSERT INTO `tb_newbee_mall_goods_info` VALUES (10319, 'Apple 苹果 iPhone xr', '手机 双卡双待 珊瑚色 全网通64G', 47, '/s/fab7cf40-9b7d-4141-8227-9ce7e02e8330.jpg', '/s/fab7cf40-9b7d-4141-8227-9ce7e02e8330.jpg', '<p>商品介绍加载中...</p>', 6199, 4698, 1000, '', 0, 0, '2019-09-18 13:27:13', 0, '2020-10-13 10:41:59');
INSERT INTO `tb_newbee_mall_goods_info` VALUES (10320, 'Apple iPhone 11 Pro', '(A2217) 256GB 暗夜绿色 移动联通电信4G手机 双卡双待', 47, '/s/0025ad55-e260-4a00-be79-fa5b8c5ac0de.jpg', '/s/0025ad55-e260-4a00-be79-fa5b8c5ac0de.jpg', '<div id=\"activity_header\" style=\"margin:0px;padding:0px;color:#666666;font-family:tahoma, arial, \" background-color:#ffffff;\"=\"\">\n<div style=\"margin:0px;padding:0px;text-align:center;\">\n	<br />\n</div>\n	</div>\n<div id=\"J-detail-content\" style=\"margin:0px;padding:0px;color:#666666;font-family:tahoma, arial, \" background-color:#ffffff;\"=\"\">\n	<div style=\"margin:0px auto;padding:0px;\">\n		<img class=\"\" src=\"https://newbee-mall.oss-cn-beijing.aliyuncs.com/images/iphone-0.jpg\" /><img border=\"0\" class=\"\" src=\"https://newbee-mall.oss-cn-beijing.aliyuncs.com/images/iphone-11-1.png\" /><img border=\"0\" class=\"\" src=\"https://newbee-mall.oss-cn-beijing.aliyuncs.com/images/iphone-11-2.png\" /> \n	</div>\n</div>', 9999, 9999, 995, '', 0, 0, '2019-09-18 13:27:13', 0, '2020-10-13 10:41:59');
INSERT INTO `tb_newbee_mall_goods_info` VALUES (10321, 'Apple iPhone 11 Pro', '(A2217) 64GB 深空灰色 移动联通电信4G手机 双卡双待', 47, '/s/d0abbd2a-19ca-4ae7-9b3c-1eb4eb77c565.jpg', '/s/d0abbd2a-19ca-4ae7-9b3c-1eb4eb77c565.jpg', '<div id=\"activity_header\" style=\"margin:0px;padding:0px;color:#666666;font-family:tahoma, arial, \" background-color:#ffffff;\"=\"\">\n<div style=\"margin:0px;padding:0px;text-align:center;\">\n	<br />\n</div>\n	</div>\n<div id=\"J-detail-content\" style=\"margin:0px;padding:0px;color:#666666;font-family:tahoma, arial, \" background-color:#ffffff;\"=\"\">\n	<div style=\"margin:0px auto;padding:0px;\">\n		<img class=\"\" src=\"https://newbee-mall.oss-cn-beijing.aliyuncs.com/images/iphone-0.jpg\" /><img border=\"0\" class=\"\" src=\"https://newbee-mall.oss-cn-beijing.aliyuncs.com/images/iphone-11-1.png\" /><img border=\"0\" class=\"\" src=\"https://newbee-mall.oss-cn-beijing.aliyuncs.com/images/iphone-11-2.png\" /> \n	</div>\n</div>', 8699, 8699, 1000, '', 0, 0, '2019-09-18 13:27:13', 0, '2020-10-13 10:41:59');
INSERT INTO `tb_newbee_mall_goods_info` VALUES (10322, 'Apple iPhone 11 Pro', '(A2217) 64GB 银色 移动联通电信4G手机 双卡双待', 47, '/s/7d192eff-938f-4e6d-8952-9d405707033e.jpg', '/s/7d192eff-938f-4e6d-8952-9d405707033e.jpg', '<div id=\"activity_header\" style=\"margin:0px;padding:0px;color:#666666;font-family:tahoma, arial, \" background-color:#ffffff;\"=\"\">\n<div style=\"margin:0px;padding:0px;text-align:center;\">\n	<br />\n</div>\n	</div>\n<div id=\"J-detail-content\" style=\"margin:0px;padding:0px;color:#666666;font-family:tahoma, arial, \" background-color:#ffffff;\"=\"\">\n	<div style=\"margin:0px auto;padding:0px;\">\n		<img class=\"\" src=\"https://newbee-mall.oss-cn-beijing.aliyuncs.com/images/iphone-0.jpg\" /><img border=\"0\" class=\"\" src=\"https://newbee-mall.oss-cn-beijing.aliyuncs.com/images/iphone-11-1.png\" /><img border=\"0\" class=\"\" src=\"https://newbee-mall.oss-cn-beijing.aliyuncs.com/images/iphone-11-2.png\" /> \n	</div>\n</div>', 8699, 8699, 1000, '', 0, 0, '2019-09-18 13:27:13', 0, '2020-10-13 10:41:59');
INSERT INTO `tb_newbee_mall_goods_info` VALUES (10323, '【换修无忧年付版】Apple iPhone 11 Pro', '(A2217) 512GB 金色 移动联通电信4G手机 双卡双待', 47, '/s/38b3f3a9-7056-45a3-b183-ad46dc71f493.jpg', '/s/38b3f3a9-7056-45a3-b183-ad46dc71f493.jpg', '<div id=\"activity_header\" style=\"margin:0px;padding:0px;color:#666666;font-family:tahoma, arial, \" background-color:#ffffff;\"=\"\">\n<div style=\"margin:0px;padding:0px;text-align:center;\">\n	<br />\n</div>\n	</div>\n<div id=\"J-detail-content\" style=\"margin:0px;padding:0px;color:#666666;font-family:tahoma, arial, \" background-color:#ffffff;\"=\"\">\n	<div style=\"margin:0px auto;padding:0px;\">\n		<img class=\"\" src=\"https://newbee-mall.oss-cn-beijing.aliyuncs.com/images/iphone-0.jpg\" /><img border=\"0\" class=\"\" src=\"https://newbee-mall.oss-cn-beijing.aliyuncs.com/images/iphone-11-1.png\" /><img border=\"0\" class=\"\" src=\"https://newbee-mall.oss-cn-beijing.aliyuncs.com/images/iphone-11-2.png\" /> \n	</div>\n</div>', 12598, 12598, 1000, '', 0, 0, '2019-09-18 13:27:13', 0, '2020-10-13 10:41:59');
INSERT INTO `tb_newbee_mall_goods_info` VALUES (10324, 'Apple 苹果 iPhone 6s', 'Plus 4G手机 金色 全网通 128G', 47, '/s/22febff2-db52-4f7a-8d16-414e755e788b.jpg', '/s/22febff2-db52-4f7a-8d16-414e755e788b.jpg', '<p>商品介绍加载中...</p>', 3599, 2918, 1000, '', 0, 0, '2019-09-18 13:27:13', 0, '2020-10-13 10:41:59');
INSERT INTO `tb_newbee_mall_goods_info` VALUES (10325, 'Apple 苹果 iPhone 6s', 'Plus 4G手机 玫瑰金 全网通 128G', 47, '/s/dfb0d434-4d59-4fda-896a-1ebd9e4d9ece.jpg', '/s/dfb0d434-4d59-4fda-896a-1ebd9e4d9ece.jpg', '<p>商品介绍加载中...</p>', 3599, 2918, 1000, '', 0, 0, '2019-09-18 13:27:13', 0, '2020-10-13 10:41:59');
INSERT INTO `tb_newbee_mall_goods_info` VALUES (10326, 'Apple 苹果 iPhone 6s', 'Plus 4G手机 深空灰 全网通 128G', 47, '/s/d3a4b902-8010-4619-89e4-96cb88e6d4e4.jpg', '/s/d3a4b902-8010-4619-89e4-96cb88e6d4e4.jpg', '<p>商品介绍加载中...</p>', 3599, 2888, 1000, '', 0, 0, '2019-09-18 13:27:13', 0, '2020-10-13 10:41:59');
INSERT INTO `tb_newbee_mall_goods_info` VALUES (10327, 'Apple 苹果 iPhone 6s', 'Plus 4G手机 银色 全网通 128G', 47, '/s/b4b7e7d3-b7ba-4917-a1f9-70c52f28df9d.jpg', '/s/b4b7e7d3-b7ba-4917-a1f9-70c52f28df9d.jpg', '<p>商品介绍加载中...</p>', 3599, 2988, 1000, '', 0, 0, '2019-09-18 13:27:13', 0, '2020-10-13 10:41:59');
INSERT INTO `tb_newbee_mall_goods_info` VALUES (10328, '【二手9成新】Apple iPhone XSmax 苹果XSmax', '国行二手手机 XS Max 深空灰 64G', 47, '/s/0514e529-6b3e-40d5-9183-84088ddb55e1.jpg', '/s/0514e529-6b3e-40d5-9183-84088ddb55e1.jpg', '<p>商品介绍加载中...</p>', 7766, 6088, 1000, '', 0, 0, '2019-09-18 13:27:13', 0, '2020-10-13 10:41:59');
INSERT INTO `tb_newbee_mall_goods_info` VALUES (10329, '【二手9成新】Apple iPhone XSmax 苹果XSmax', '国行二手手机 XS Max 金色 64G', 47, '/s/a0dfd1ad-61ed-43ee-add4-74bdfea1d6c1.jpg', '/s/a0dfd1ad-61ed-43ee-add4-74bdfea1d6c1.jpg', '<p>商品介绍加载中...</p>', 14999, 6088, 1000, '', 0, 0, '2019-09-18 13:27:13', 0, '2020-10-13 10:41:59');
INSERT INTO `tb_newbee_mall_goods_info` VALUES (10330, '【二手9成新】Apple iPhone XSmax 苹果XSmax', '国行二手手机 XS Max 银色 256G', 47, '/s/87b66719-fc17-4c97-a954-de8a78b42a09.jpg', '/s/87b66719-fc17-4c97-a954-de8a78b42a09.jpg', '<p>商品介绍加载中...</p>', 14999, 6938, 1000, '', 0, 0, '2019-09-18 13:27:13', 0, '2020-10-13 10:41:59');
INSERT INTO `tb_newbee_mall_goods_info` VALUES (10331, '【二手9成新】Apple iPhone 6s Plus', '苹果6sPlus 二手手机（送一年碎屏险） 玫瑰金色 64G 全网通', 47, '/s/5b132b57-24e4-4d65-9cb8-3299dc0e9ed6.png', '/s/5b132b57-24e4-4d65-9cb8-3299dc0e9ed6.png', '<p>商品介绍加载中...</p>', 1799, 1468, 1000, '', 0, 0, '2019-09-18 13:27:13', 0, '2020-10-13 10:41:59');
INSERT INTO `tb_newbee_mall_goods_info` VALUES (10332, '【二手9成新】Apple iPhone 6s Plus', '苹果6sPlus 二手手机（送一年碎屏险） 金色 64G 全网通', 47, '/s/f289ec14-e0e2-481e-a703-39eec00a1b15.png', '/s/f289ec14-e0e2-481e-a703-39eec00a1b15.png', '<p>商品介绍加载中...</p>', 1799, 1499, 1000, '', 0, 0, '2019-09-18 13:27:13', 0, '2020-10-13 10:41:59');
INSERT INTO `tb_newbee_mall_goods_info` VALUES (10333, '【二手9成新】Apple iPhone 6s Plus', '苹果6sPlus 二手手机（送一年碎屏险） 银色 64G 全网通', 47, '/s/084208d0-4dc2-4f1a-aff4-4114616dfae1.png', '/s/084208d0-4dc2-4f1a-aff4-4114616dfae1.png', '<p>商品介绍加载中...</p>', 1799, 1599, 1000, '', 0, 0, '2019-09-18 13:27:13', 0, '2020-10-13 10:41:59');
INSERT INTO `tb_newbee_mall_goods_info` VALUES (10334, '【二手9成新】Apple iPhone 6s Plus', '苹果6sPlus 二手手机（送一年碎屏险） 深空灰色 64G 全网通', 47, '/s/8a598420-0052-4551-b00a-b288b6c22a48.png', '/s/8a598420-0052-4551-b00a-b288b6c22a48.png', '<p>商品介绍加载中...</p>', 1799, 1638, 1000, '', 0, 0, '2019-09-18 13:27:13', 0, '2020-10-13 10:41:59');
INSERT INTO `tb_newbee_mall_goods_info` VALUES (10335, 'Apple 苹果 iPhone xr', '手机 双卡双待 白色 全网通 64G', 47, '/s/6110a187-511f-45d0-8b59-ea2a75546a45.jpg', '/s/6110a187-511f-45d0-8b59-ea2a75546a45.jpg', '<p>商品介绍加载中...</p>', 5499, 4699, 1000, '', 0, 0, '2019-09-18 13:27:13', 0, '2020-10-13 10:41:59');
INSERT INTO `tb_newbee_mall_goods_info` VALUES (10336, 'Apple 苹果 iPhone xr', '手机 双卡双待 黑色 全网通 128G', 47, '/s/41b10e86-857c-435c-b86d-d822e35450ab.jpg', '/s/41b10e86-857c-435c-b86d-d822e35450ab.jpg', '<p>商品介绍加载中...</p>', 5699, 5079, 1000, '', 0, 0, '2019-09-18 13:27:13', 0, '2020-10-13 10:41:59');
INSERT INTO `tb_newbee_mall_goods_info` VALUES (10337, 'Apple 苹果 iPhone xr', '手机 双卡双待 蓝色 全网通 64G', 47, '/s/d38bcaab-7a0a-4f86-ad75-60ac74a308e6.jpg', '/s/d38bcaab-7a0a-4f86-ad75-60ac74a308e6.jpg', '<p>商品介绍加载中...</p>', 5499, 4699, 1000, '', 0, 0, '2019-09-18 13:27:13', 0, '2020-10-13 10:41:59');
INSERT INTO `tb_newbee_mall_goods_info` VALUES (10338, 'Apple 苹果 iPhone xr', '手机 双卡双待 黄色 全网通 128G', 47, '/s/73fc7cb9-5b43-4bce-a2b3-a82516773de0.jpg', '/s/73fc7cb9-5b43-4bce-a2b3-a82516773de0.jpg', '<p>商品介绍加载中...</p>', 5699, 5079, 1000, '', 0, 0, '2019-09-18 13:27:13', 0, '2020-10-13 10:41:59');
INSERT INTO `tb_newbee_mall_goods_info` VALUES (10339, 'Apple 苹果 iPhone xr', '手机 双卡双待 珊瑚色 全网通 64G', 47, '/s/00e53d76-db08-4ae2-864f-ca1cd7c8c32b.jpg', '/s/00e53d76-db08-4ae2-864f-ca1cd7c8c32b.jpg', '<p>商品介绍加载中...</p>', 5499, 4699, 1000, '', 0, 0, '2019-09-18 13:27:13', 0, '2020-10-13 10:41:59');
INSERT INTO `tb_newbee_mall_goods_info` VALUES (10340, '【二手95新】Apple iPhonex XSmax苹果x xsmax', '国行 二手手机 XS max金色 64G 全网通', 47, '/s/5b9acfd4-7808-4b3b-bf5c-4b367667418c.jpg', '/s/5b9acfd4-7808-4b3b-bf5c-4b367667418c.jpg', '<p>商品介绍加载中...</p>', 12999, 6088, 1000, '', 0, 0, '2019-09-18 13:27:13', 0, '2020-10-13 10:41:59');
INSERT INTO `tb_newbee_mall_goods_info` VALUES (10341, '【二手95新】Apple iPhonex XSmax苹果x xsmax', '国行 二手手机 XS 金色 64G 全网通', 47, '/s/cd2b481d-a4a2-4bc0-a4e1-784a28c37ef9.jpg', '/s/cd2b481d-a4a2-4bc0-a4e1-784a28c37ef9.jpg', '<p>商品介绍加载中...</p>', 12999, 5299, 1000, '', 0, 0, '2019-09-18 13:27:13', 0, '2020-10-13 10:41:59');
INSERT INTO `tb_newbee_mall_goods_info` VALUES (10342, '【二手95新】Apple iPhonex XSmax苹果x xsmax', '国行 二手手机 XS max灰色 256G 全网通', 47, '/s/1d866674-4e57-483a-955f-5fd1a4f5d921.jpg', '/s/1d866674-4e57-483a-955f-5fd1a4f5d921.jpg', '<p>商品介绍加载中...</p>', 12999, 6938, 1000, '', 0, 0, '2019-09-18 13:27:13', 0, '2020-10-13 10:41:59');
INSERT INTO `tb_newbee_mall_goods_info` VALUES (10343, '【二手95新】Apple iPhonex XSmax苹果x xsmax', '国行 二手手机 XS max银色 64G 全网通', 47, '/s/3f3e086e-e4be-464f-9c20-760430cab2df.jpg', '/s/3f3e086e-e4be-464f-9c20-760430cab2df.jpg', '<p>商品介绍加载中...</p>', 12999, 6088, 1000, '', 0, 0, '2019-09-18 13:27:13', 0, '2020-10-13 10:41:59');
INSERT INTO `tb_newbee_mall_goods_info` VALUES (10344, '【二手95新】Apple iPhonex XSmax苹果x xsmax', '国行 二手手机 XS 灰色 64G 全网通', 47, '/s/4a4a0820-aad5-47d4-a926-f040fd090c96.jpg', '/s/4a4a0820-aad5-47d4-a926-f040fd090c96.jpg', '<p>商品介绍加载中...</p>', 12999, 5299, 1000, '', 0, 0, '2019-09-18 13:27:13', 0, '2020-10-13 10:41:59');
INSERT INTO `tb_newbee_mall_goods_info` VALUES (10345, '【二手95新】Apple iPhonex XSmax苹果x xsmax', '国行 二手手机 XS 银色 64G 全网通', 47, '/s/a6b87d83-5ba7-4683-be17-43ab9aa043e3.jpg', '/s/a6b87d83-5ba7-4683-be17-43ab9aa043e3.jpg', '<p>商品介绍加载中...</p>', 12999, 5299, 1000, '', 0, 0, '2019-09-18 13:27:13', 0, '2020-10-13 10:41:59');
INSERT INTO `tb_newbee_mall_goods_info` VALUES (10346, '【二手9成新】Apple iPhone X 苹果X', '二手手机 深空灰色 64G 全网通', 47, '/s/3cd13e20-2a00-4049-8768-0ba662df7e40.jpg', '/s/3cd13e20-2a00-4049-8768-0ba662df7e40.jpg', '<p>商品介绍加载中...</p>', 3989, 3989, 1000, '', 0, 0, '2019-09-18 13:27:13', 0, '2020-10-13 10:41:59');
INSERT INTO `tb_newbee_mall_goods_info` VALUES (10347, '【二手9成新】Apple iPhone X 苹果X', '二手手机 银色 64G 全网通', 47, '/s/fc3db752-e0dc-4ae7-bac3-fd60ab8a1e17.jpg', '/s/fc3db752-e0dc-4ae7-bac3-fd60ab8a1e17.jpg', '<p>商品介绍加载中...</p>', 4008, 4008, 1000, '', 0, 0, '2019-09-18 13:27:13', 0, '2020-10-13 10:41:59');
INSERT INTO `tb_newbee_mall_goods_info` VALUES (10348, '【二手9成新】苹果7Plus手机 Apple iPhone7Plus 苹果7P', '二手手机 磨砂黑 128G 全网通', 47, '/s/24b442e2-1bdd-4350-bbab-4e4d3d3445f1.jpg', '/s/24b442e2-1bdd-4350-bbab-4e4d3d3445f1.jpg', '<p>商品介绍加载中...</p>', 2899, 2399, 1000, '', 0, 0, '2019-09-18 13:27:13', 0, '2020-10-13 10:41:59');
INSERT INTO `tb_newbee_mall_goods_info` VALUES (10349, '【二手9成新】苹果7Plus手机 Apple iPhone7Plus 苹果7P', '二手手机 亮黑色 128G 全网通', 47, '/s/7601e13f-de8e-449c-84be-65fbc7280cfc.png', '/s/7601e13f-de8e-449c-84be-65fbc7280cfc.png', '<p>商品介绍加载中...</p>', 2899, 2399, 1000, '', 0, 0, '2019-09-18 13:27:13', 0, '2020-10-13 10:41:59');
INSERT INTO `tb_newbee_mall_goods_info` VALUES (10350, '【二手9成新】苹果7Plus手机 Apple iPhone7Plus 苹果7P', '二手手机 玫瑰金 128G 全网通', 47, '/s/771bc653-485b-4c5d-bca3-c84d3e90020d.jpg', '/s/771bc653-485b-4c5d-bca3-c84d3e90020d.jpg', '<p>商品介绍加载中...</p>', 2666, 2399, 1000, '', 0, 0, '2019-09-18 13:27:13', 0, '2020-10-13 10:41:59');
INSERT INTO `tb_newbee_mall_goods_info` VALUES (10351, '【二手9成新】苹果7Plus手机 Apple iPhone7Plus 苹果7P', '二手手机 金色 128G 全网通', 47, '/s/5a170339-acb4-4890-bd08-bb109864e853.jpg', '/s/5a170339-acb4-4890-bd08-bb109864e853.jpg', '<p>商品介绍加载中...</p>', 2739, 2399, 1000, '', 0, 0, '2019-09-18 13:27:13', 0, '2020-10-13 10:41:59');
INSERT INTO `tb_newbee_mall_goods_info` VALUES (10352, '【二手9成新】苹果7Plus手机 Apple iPhone7Plus 苹果7P', '二手手机 银色 128G 全网通', 47, '/s/a419ebb4-18a5-4295-9404-0593dd215ad0.jpg', '/s/a419ebb4-18a5-4295-9404-0593dd215ad0.jpg', '<p>商品介绍加载中...</p>', 2699, 2466, 1000, '', 0, 0, '2019-09-18 13:27:13', 0, '2020-10-13 10:41:59');
INSERT INTO `tb_newbee_mall_goods_info` VALUES (10353, '【二手9成新】Apple iPhone X 苹果X', '二手手机 全网通 深空灰 64G', 47, '/s/4f666eee-c2c7-459c-934e-b32714d1e1c4.png', '/s/4f666eee-c2c7-459c-934e-b32714d1e1c4.png', '<p>商品介绍加载中...</p>', 5188, 3956, 1000, '', 0, 0, '2019-09-18 13:27:13', 0, '2020-10-13 10:41:59');
INSERT INTO `tb_newbee_mall_goods_info` VALUES (10354, '【二手9成新】苹果8Plus手机 Apple iPhone 8Plus', '苹果8P 二手手机 深空灰 64G 全网通', 47, '/s/ada8e547-dca3-47fc-8aab-35884575090a.jpg', '/s/ada8e547-dca3-47fc-8aab-35884575090a.jpg', '<p>商品介绍加载中...</p>', 3888, 3199, 1000, '', 0, 0, '2019-09-18 13:27:13', 0, '2020-10-13 10:41:59');
INSERT INTO `tb_newbee_mall_goods_info` VALUES (10355, '【二手9成新】苹果8Plus手机 Apple iPhone 8Plus', '苹果8P 二手手机 金色 64G 全网通', 47, '/s/76a2e417-2f15-412f-ab73-3a5eb2a7d2d1.jpg', '/s/76a2e417-2f15-412f-ab73-3a5eb2a7d2d1.jpg', '<p>商品介绍加载中...</p>', 3550, 3199, 1000, '', 0, 0, '2019-09-18 13:27:13', 0, '2020-10-13 10:41:59');
INSERT INTO `tb_newbee_mall_goods_info` VALUES (10356, '【二手9成新】苹果8Plus手机 Apple iPhone 8Plus', '苹果8P 二手手机 银色 64G 全网通', 47, '/s/5bfb8955-0b1c-4652-b162-a9b91b71211a.jpg', '/s/5bfb8955-0b1c-4652-b162-a9b91b71211a.jpg', '<p>商品介绍加载中...</p>', 3499, 3238, 1000, '', 0, 0, '2019-09-18 13:27:13', 0, '2020-10-13 10:41:59');
INSERT INTO `tb_newbee_mall_goods_info` VALUES (10357, '【二手9成新】苹果8Plus手机 Apple iPhone 8Plus', '苹果8P 二手手机 中国红 64G 全网通', 47, '/s/d31193ee-04c1-4bac-8a91-1a4690a396be.jpg', '/s/d31193ee-04c1-4bac-8a91-1a4690a396be.jpg', '<p>商品介绍加载中...</p>', 3438, 3299, 1000, '', 0, 0, '2019-09-18 13:27:13', 0, '2020-10-13 10:41:59');
INSERT INTO `tb_newbee_mall_goods_info` VALUES (10358, '【二手9成新】Apple iPhoneX 苹果X 二手苹果x手机', '深空灰 64G全网通', 47, '/s/b9264842-cd50-4d6f-a4a5-e8cc9dd483a4.png', '/s/b9264842-cd50-4d6f-a4a5-e8cc9dd483a4.png', '<p>商品介绍加载中...</p>', 4799, 3989, 1000, '', 0, 0, '2019-09-18 13:27:13', 0, '2020-10-13 10:41:59');
INSERT INTO `tb_newbee_mall_goods_info` VALUES (10359, '【二手9成新】Apple iPhoneX 苹果X 二手苹果x手机', '银色 64G全网通', 47, '/s/58e9a125-61c1-416b-b17f-99cda431a202.png', '/s/58e9a125-61c1-416b-b17f-99cda431a202.png', '<p>商品介绍加载中...</p>', 4799, 4016, 1000, '', 0, 0, '2019-09-18 13:27:13', 0, '2020-10-13 10:41:59');
INSERT INTO `tb_newbee_mall_goods_info` VALUES (10360, '【二手95新】Apple iPhone XS 苹果xs', '国行全网通二手手机 银色 全网通 64G', 47, '/s/5a732ada-1fdb-48f1-b106-666159565a94.jpg', '/s/5a732ada-1fdb-48f1-b106-666159565a94.jpg', '<p>商品介绍加载中...</p>', 9999, 5299, 1000, '', 0, 0, '2019-09-18 13:27:13', 0, '2020-10-13 10:41:59');
INSERT INTO `tb_newbee_mall_goods_info` VALUES (10361, '【二手95新】Apple iPhone XS 苹果xs', '国行全网通二手手机 金色 全网通 256G', 47, '/s/f9e9b321-4b25-40c5-af6d-d9f3fe74a053.jpg', '/s/f9e9b321-4b25-40c5-af6d-d9f3fe74a053.jpg', '<p>商品介绍加载中...</p>', 9999, 6008, 1000, '', 0, 0, '2019-09-18 13:27:13', 0, '2020-10-13 10:41:59');
INSERT INTO `tb_newbee_mall_goods_info` VALUES (10362, '【二手9成新】Apple iPhone X 苹果x', '二手手机 X 银色 256G 全网通', 47, '/s/8da60128-fcc7-46ed-98b6-0066c69624c0.png', '/s/8da60128-fcc7-46ed-98b6-0066c69624c0.png', '<p>商品介绍加载中...</p>', 5058, 4639, 1000, '', 0, 0, '2019-09-18 13:27:13', 0, '2020-10-13 10:41:59');
INSERT INTO `tb_newbee_mall_goods_info` VALUES (10363, '【二手9成新】Apple iPhone X 苹果x', '国行全网通二手手机 X 灰色 64G 全网通', 47, '/s/8aca87a3-65dd-4c42-91c7-bbbd10fcf7a6.jpg', '/s/8aca87a3-65dd-4c42-91c7-bbbd10fcf7a6.jpg', '<p>商品介绍加载中...</p>', 6999, 3999, 1000, '', 0, 0, '2019-09-18 13:27:13', 0, '2020-10-13 10:41:59');
INSERT INTO `tb_newbee_mall_goods_info` VALUES (10364, '【二手9成新】Apple iPhone X 苹果x', '国行全网通二手手机 X 银色 64G 全网通', 47, '/s/fdec1b37-9a2f-46ea-af03-5091d83e546a.jpg', '/s/fdec1b37-9a2f-46ea-af03-5091d83e546a.jpg', '<p>商品介绍加载中...</p>', 6999, 4078, 1000, '', 0, 0, '2019-09-18 13:27:13', 0, '2020-10-13 10:41:59');
INSERT INTO `tb_newbee_mall_goods_info` VALUES (10365, '【二手9成新】Apple iPhone XR 苹果xr', '二手手机双卡双待 白色 128G 全网通', 47, '/s/9834bb8d-fe1c-4218-a624-4a25aecb0676.jpg', '/s/9834bb8d-fe1c-4218-a624-4a25aecb0676.jpg', '<p>商品介绍加载中...</p>', 5888, 4299, 1000, '', 0, 0, '2019-09-18 13:27:13', 0, '2020-10-13 10:41:59');
INSERT INTO `tb_newbee_mall_goods_info` VALUES (10366, '【二手9成新】Apple iPhone XR 苹果xr', '二手手机双卡双待 蓝色 128G 全网通', 47, '/s/3993feaa-0365-4d7e-9cc5-dcf583243ca3.jpg', '/s/3993feaa-0365-4d7e-9cc5-dcf583243ca3.jpg', '<p>商品介绍加载中...</p>', 5888, 4399, 1000, '', 0, 0, '2019-09-18 13:27:13', 0, '2020-10-13 10:41:59');
INSERT INTO `tb_newbee_mall_goods_info` VALUES (10367, '【二手9成新】Apple iPhone XR 苹果xr', '二手手机双卡双待 黑色 64G 全网通', 47, '/s/ba9cf789-60a8-48db-8329-97c3fc13a061.jpg', '/s/ba9cf789-60a8-48db-8329-97c3fc13a061.jpg', '<p>商品介绍加载中...</p>', 5888, 4055, 1000, '', 0, 0, '2019-09-18 13:27:13', 0, '2020-10-13 10:41:59');
INSERT INTO `tb_newbee_mall_goods_info` VALUES (10689, '荣耀Play3 6.39英寸魅眼全视屏 4000mAh大电池 真4800万AI三摄', '麒麟710F自研芯片 全网通4GB+64GB 幻夜黑', 45, '/s/9aa34959-cd60-418f-b42e-aa7243b6869c.jpg', '/s/9aa34959-cd60-418f-b42e-aa7243b6869c.jpg', '<p>商品介绍加载中...</p>', 999, 999, 1000, '', 0, 0, '2019-09-18 13:37:44', 0, '2020-10-13 10:41:59');
INSERT INTO `tb_newbee_mall_goods_info` VALUES (10690, '华为 HUAWEI 畅享10 Plus', '超高清全视屏前置悬浮式镜头4800万超广角AI三摄 4GB+128GB幻夜黑全网通双4G手机', 46, '/s/2613a582-460c-4c2b-bbc0-6c7dbf501bd2.jpg', '/s/2613a582-460c-4c2b-bbc0-6c7dbf501bd2.jpg', '<p>商品介绍加载中...</p>', 1499, 1499, 1000, '', 0, 0, '2019-09-18 13:37:44', 0, '2020-10-13 10:41:59');
INSERT INTO `tb_newbee_mall_goods_info` VALUES (10691, '华为 HUAWEI 畅享10 Plus', '超高清全视屏前置悬浮式镜头4800万超广角AI三摄 4GB+128GB翡冷翠全网通双4G手机', 46, '/s/21b0751b-f6ae-4a57-8fb8-61e007395c43.jpg', '/s/21b0751b-f6ae-4a57-8fb8-61e007395c43.jpg', '<p>商品介绍加载中...</p>', 1499, 1499, 1000, '', 0, 0, '2019-09-18 13:37:44', 0, '2020-10-13 10:41:59');
INSERT INTO `tb_newbee_mall_goods_info` VALUES (10692, '华为 HUAWEI 畅享10 Plus', '超高清全视屏前置悬浮式镜头4800万超广角AI三摄 6GB+128GB天空之境全网通双4G手机', 46, '/s/3f68538f-3b56-4e98-9676-99139857428c.jpg', '/s/3f68538f-3b56-4e98-9676-99139857428c.jpg', '<p>商品介绍加载中...</p>', 1799, 1799, 999, '', 0, 0, '2019-09-18 13:37:44', 0, '2020-10-13 10:41:59');
INSERT INTO `tb_newbee_mall_goods_info` VALUES (10693, '荣耀10青春版 幻彩渐变 2400万AI自拍 全网通版4GB+64GB', '渐变蓝 移动联通电信4G全面屏手机 双卡双待', 45, '/s/f8ab28c3-8e04-49a0-ba05-2e6a3ae7211f.jpg', '/s/f8ab28c3-8e04-49a0-ba05-2e6a3ae7211f.jpg', '<p>商品介绍加载中...</p>', 1099, 999, 1000, '', 0, 0, '2019-09-18 13:37:44', 0, '2020-10-13 10:41:59');
INSERT INTO `tb_newbee_mall_goods_info` VALUES (10694, '荣耀10青春版 幻彩渐变 2400万AI自拍 全网通版4GB+64GB', '幻夜黑 移动联通电信4G全面屏手机 双卡双待', 45, '/s/de654f42-d58d-4336-8edd-da01c3523449.jpg', '/s/de654f42-d58d-4336-8edd-da01c3523449.jpg', '<p>商品介绍加载中...</p>', 1099, 999, 999, '', 0, 0, '2019-09-18 13:37:44', 0, '2020-10-13 10:41:59');
INSERT INTO `tb_newbee_mall_goods_info` VALUES (10695, '荣耀10青春版 幻彩渐变 2400万AI自拍 全网通版4GB+64GB', '渐变红 移动联通电信4G全面屏手机 双卡双待', 45, '/s/87254a42-9fdf-4e68-a11e-e8e2eef28d2c.jpg', '/s/87254a42-9fdf-4e68-a11e-e8e2eef28d2c.jpg', '<p>商品介绍加载中...</p>', 1099, 999, 997, '', 0, 0, '2019-09-18 13:37:44', 0, '2020-10-13 10:41:59');
INSERT INTO `tb_newbee_mall_goods_info` VALUES (10696, '荣耀10青春版 幻彩渐变 2400万AI自拍 全网通版4GB+64GB', '铃兰白 移动联通电信4G全面屏手机 双卡双待', 45, '/s/81b7060a-7274-4bff-86c0-72d5fc7ff383.jpg', '/s/81b7060a-7274-4bff-86c0-72d5fc7ff383.jpg', '<p>商品介绍加载中...</p>', 1099, 999, 1000, '', 0, 0, '2019-09-18 13:37:44', 0, '2020-10-13 10:41:59');
INSERT INTO `tb_newbee_mall_goods_info` VALUES (10697, '荣耀8X 千元屏霸 91%屏占比 2000万AI双摄', '4GB+64GB 幻夜黑 移动联通电信4G全面屏手机 双卡双待', 45, '/s/d7f74e8f-5c52-422b-ac99-a8d691830494.jpg', '/s/d7f74e8f-5c52-422b-ac99-a8d691830494.jpg', '<p>商品介绍加载中...</p>', 1399, 999, 1000, '', 0, 0, '2019-09-18 13:37:44', 0, '2020-10-13 10:41:59');
INSERT INTO `tb_newbee_mall_goods_info` VALUES (10698, '荣耀8X 千元屏霸 91%屏占比 2000万AI双摄', '4GB+64GB 幻影蓝 移动联通电信4G全面屏手机 双卡双待', 45, '/s/7031c07e-a70f-4f6d-9e2d-d0af31e3393a.jpg', '/s/7031c07e-a70f-4f6d-9e2d-d0af31e3393a.jpg', '<p>商品介绍加载中...</p>', 1399, 999, 1000, '', 0, 0, '2019-09-18 13:37:44', 0, '2020-10-13 10:41:59');
INSERT INTO `tb_newbee_mall_goods_info` VALUES (10699, '荣耀8X 千元屏霸 91%屏占比 2000万AI双摄', '4GB+64GB 魅海蓝 移动联通电信4G全面屏手机 双卡双待', 45, '/s/b7bfcc28-98c2-4cb4-8ce3-afe4c482b674.jpg', '/s/b7bfcc28-98c2-4cb4-8ce3-afe4c482b674.jpg', '<p>商品介绍加载中...</p>', 1399, 999, 1000, '', 0, 0, '2019-09-18 13:37:44', 0, '2020-10-13 10:41:59');
INSERT INTO `tb_newbee_mall_goods_info` VALUES (10700, '荣耀8X 千元屏霸 91%屏占比 2000万AI双摄', '4GB+64GB 魅焰红 移动联通电信4G全面屏手机 双卡双待', 45, '/s/6a160b96-9b4a-4844-b335-feb31b1f5d8c.jpg', '/s/6a160b96-9b4a-4844-b335-feb31b1f5d8c.jpg', '<p>商品介绍加载中...</p>', 1399, 999, 1000, '', 0, 0, '2019-09-18 13:37:44', 0, '2020-10-13 10:41:59');
INSERT INTO `tb_newbee_mall_goods_info` VALUES (10701, '荣耀8X 千元屏霸 91%屏占比 2000万AI双摄', '4GB+64GB 梦幻紫 移动联通电信4G全面屏手机 双卡双待', 45, '/s/8ccc13ec-96fe-4488-a604-526601548c9e.jpg', '/s/8ccc13ec-96fe-4488-a604-526601548c9e.jpg', '<p>商品介绍加载中...</p>', 1399, 999, 1000, '', 0, 0, '2019-09-18 13:37:44', 0, '2020-10-13 10:41:59');
INSERT INTO `tb_newbee_mall_goods_info` VALUES (10702, '华为 HUAWEI P30 超感光徕卡三摄麒麟980AI智能芯片全面屏屏内指纹版手机8GB+128GB天空之境全网通双4G手机', '新蜂精选', 46, '/s/edb7e8ef-7785-418b-a75e-dfed2aa74e39.jpg', '/s/edb7e8ef-7785-418b-a75e-dfed2aa74e39.jpg', '<p>商品介绍加载中...</p>', 4288, 3988, 1000, '', 0, 0, '2019-09-18 13:37:44', 0, '2020-10-13 10:41:59');
INSERT INTO `tb_newbee_mall_goods_info` VALUES (10703, '华为 HUAWEI P30 超感光徕卡三摄麒麟980AI智能芯片全面屏屏内指纹版手机8GB+128GB亮黑色全网通双4G手机', '新蜂精选', 46, '/s/e13294f7-9ab0-42dc-afb1-9f41c59436cf.jpg', '/s/e13294f7-9ab0-42dc-afb1-9f41c59436cf.jpg', '<p>商品介绍加载中...</p>', 4288, 3988, 1000, '', 0, 0, '2019-09-18 13:37:44', 0, '2020-10-13 10:41:59');
INSERT INTO `tb_newbee_mall_goods_info` VALUES (10704, '华为 HUAWEI P30 超感光徕卡三摄麒麟980AI智能芯片全面屏屏内指纹版手机8GB+128GB珠光贝母全网通双4G手机', '新蜂精选', 46, '/s/b9e6d770-06dd-40f4-9ae5-31103cec6e5f.jpg', '/s/b9e6d770-06dd-40f4-9ae5-31103cec6e5f.jpg', '<p>商品介绍加载中...</p>', 4288, 3988, 998, '', 0, 0, '2019-09-18 13:37:44', 0, '2020-10-13 10:41:59');
INSERT INTO `tb_newbee_mall_goods_info` VALUES (10705, '华为 HUAWEI P30 超感光徕卡三摄麒麟980AI智能芯片全面屏屏内指纹版手机8GB+128GB极光色全网通双4G手机', '新蜂精选', 46, '/s/20312f4e-da4f-49b9-8150-ab54f0302915.jpg', '/s/20312f4e-da4f-49b9-8150-ab54f0302915.jpg', '<p>商品介绍加载中...</p>', 4288, 3988, 997, '', 0, 0, '2019-09-18 13:37:44', 0, '2020-10-13 10:41:59');
INSERT INTO `tb_newbee_mall_goods_info` VALUES (10706, '华为 HUAWEI P30 超感光徕卡三摄麒麟980AI智能芯片全面屏屏内指纹版手机8GB+128GB赤茶橘全网通双4G手机', '新蜂精选', 46, '/s/192b1727-bcab-4bdf-8494-182f8ec5b2e6.jpg', '/s/192b1727-bcab-4bdf-8494-182f8ec5b2e6.jpg', '<p>商品介绍加载中...</p>', 4288, 3988, 987, '', 0, 0, '2019-09-18 13:37:44', 0, '2020-10-13 10:41:59');
INSERT INTO `tb_newbee_mall_goods_info` VALUES (10707, '荣耀20i 3200万AI自拍 超广角三摄 全网通版6GB+64GB', '渐变蓝 移动联通电信4G全面屏手机 双卡双待', 45, '/s/74146e03-42d1-453c-843d-b02d8bcc24f4.jpg', '/s/74146e03-42d1-453c-843d-b02d8bcc24f4.jpg', '<p>商品介绍加载中...</p>', 1399, 1299, 996, '', 0, 0, '2019-09-18 13:37:44', 0, '2020-10-13 10:41:59');
INSERT INTO `tb_newbee_mall_goods_info` VALUES (10708, '荣耀20i 3200万AI自拍 超广角三摄 全网通版6GB+64GB', '渐变红 移动联通电信4G全面屏手机 双卡双待', 45, '/s/4c066fc2-3a58-44df-9dc6-8465b25f92ef.jpg', '/s/4c066fc2-3a58-44df-9dc6-8465b25f92ef.jpg', '<p>商品介绍加载中...</p>', 1399, 1299, 1000, '', 0, 0, '2019-09-18 13:37:44', 0, '2020-10-13 10:41:59');
INSERT INTO `tb_newbee_mall_goods_info` VALUES (10709, '荣耀20i 3200万AI自拍 超广角三摄 全网通版6GB+64GB', '幻夜黑 移动联通电信4G全面屏手机 双卡双待', 45, '/s/525bdd6e-848b-4e02-b19f-1a08fdb87faa.jpg', '/s/525bdd6e-848b-4e02-b19f-1a08fdb87faa.jpg', '<p>商品介绍加载中...</p>', 1399, 1299, 1000, '', 0, 0, '2019-09-18 13:37:44', 0, '2020-10-13 10:41:59');
INSERT INTO `tb_newbee_mall_goods_info` VALUES (10710, '荣耀9X 麒麟810 4000mAh超强续航 4800万超清夜拍', '6.59英寸升降全面屏 全网通6GB+64GB 魅海蓝', 45, '/s/7b8b7da7-f154-453e-a6a6-ea2f5e7d8b4a.jpg', '/s/7b8b7da7-f154-453e-a6a6-ea2f5e7d8b4a.jpg', '<p>商品介绍加载中...</p>', 1599, 1599, 1000, '', 0, 0, '2019-09-18 13:37:44', 0, '2020-10-13 10:41:59');
INSERT INTO `tb_newbee_mall_goods_info` VALUES (10711, '荣耀9X 麒麟810 4000mAh超强续航 4800万超清夜拍', '6.59英寸升降全面屏 全网通6GB+64GB 幻夜黑', 45, '/s/d30f7986-bc0f-4ea8-8fbb-94c6bae248f5.jpg', '/s/d30f7986-bc0f-4ea8-8fbb-94c6bae248f5.jpg', '<p>商品介绍加载中...</p>', 1599, 1599, 975, '', 0, 0, '2019-09-18 13:37:44', 0, '2020-10-13 10:41:59');
INSERT INTO `tb_newbee_mall_goods_info` VALUES (10712, '荣耀9X 麒麟810 4000mAh超强续航 4800万超清夜拍', '6.59英寸升降全面屏 全网通4GB+64GB 魅焰红', 45, '/s/95b5df3b-cfec-40bb-8ead-35e0fe7fb7b2.jpg', '/s/95b5df3b-cfec-40bb-8ead-35e0fe7fb7b2.jpg', '<p>商品介绍加载中...</p>', 1399, 1399, 1000, '', 0, 0, '2019-09-18 13:37:44', 0, '2020-10-13 10:41:59');
INSERT INTO `tb_newbee_mall_goods_info` VALUES (10713, '荣耀20 李现同款 4800万超广角AI四摄 3200W美颜自拍', '麒麟Kirin980全网通版8GB+128GB 蓝水翡翠 全面屏手机', 45, '/s/2469b8fa-8117-4409-a8d6-3b52a33b3e51.jpg', '/s/2469b8fa-8117-4409-a8d6-3b52a33b3e51.jpg', '<p>商品介绍加载中...</p>', 2699, 2499, 1000, '', 0, 0, '2019-09-18 13:37:44', 0, '2020-10-13 10:41:59');
INSERT INTO `tb_newbee_mall_goods_info` VALUES (10714, '荣耀20 李现同款 4800万超广角AI四摄 3200W美颜自拍', '麒麟Kirin980全网通版8GB+128GB 幻夜黑 全面屏手机', 45, '/s/474e2ef0-2321-4363-ab31-7a838546f172.jpg', '/s/474e2ef0-2321-4363-ab31-7a838546f172.jpg', '<p>商品介绍加载中...</p>', 2699, 2499, 1000, '', 0, 0, '2019-09-18 13:37:44', 0, '2020-10-13 10:41:59');
INSERT INTO `tb_newbee_mall_goods_info` VALUES (10715, '荣耀20 李现同款 4800万超广角AI四摄 3200W美颜自拍', '麒麟Kirin980全网通版8GB+128GB 冰岛白 全面屏手机', 45, '/s/77d87d20-4fc7-441c-82a8-baf9089fc3ad.jpg', '/s/77d87d20-4fc7-441c-82a8-baf9089fc3ad.jpg', '<p>商品介绍加载中...</p>', 2699, 2499, 994, '', 0, 0, '2019-09-18 13:37:44', 0, '2020-10-13 10:41:59');
INSERT INTO `tb_newbee_mall_goods_info` VALUES (10716, '荣耀20 李现同款 4800万超广角AI四摄 3200W美颜自拍', '麒麟Kirin980全网通版8GB+128GB 幻影蓝 全面屏手机', 45, '/s/1a200710-8c41-4411-8edf-a49575807a08.jpg', '/s/1a200710-8c41-4411-8edf-a49575807a08.jpg', '<p>商品介绍加载中...</p>', 2699, 2499, 1000, '', 0, 0, '2019-09-18 13:37:44', 0, '2020-10-13 10:41:59');
INSERT INTO `tb_newbee_mall_goods_info` VALUES (10717, '荣耀20 PRO 李现同款 4800万全焦段AI四摄', '双光学防抖 麒麟980 全网通4G 8GB+128GB 冰岛幻境 拍照手机', 45, '/s/391cd4e6-6071-41ea-a6fc-d983b30a5470.jpg', '/s/391cd4e6-6071-41ea-a6fc-d983b30a5470.jpg', '<p>商品介绍加载中...</p>', 3199, 2899, 1000, '', 0, 0, '2019-09-18 13:37:44', 0, '2020-10-13 10:41:59');
INSERT INTO `tb_newbee_mall_goods_info` VALUES (10718, '荣耀20 PRO 李现同款 4800万全焦段AI四摄', '双光学防抖 麒麟980 全网通4G 8GB+128GB 蓝水翡翠 拍照手机', 45, '/s/5d7ee18f-ca20-4d72-a803-dc5b03bd80e2.jpg', '/s/5d7ee18f-ca20-4d72-a803-dc5b03bd80e2.jpg', '<p>商品介绍加载中...</p>', 3199, 2899, 1000, '', 0, 0, '2019-09-18 13:37:44', 0, '2020-10-13 10:41:59');
INSERT INTO `tb_newbee_mall_goods_info` VALUES (10719, '荣耀20 PRO 李现同款 4800万全焦段AI四摄', '双光学防抖 麒麟980 全网通4G 8GB+128GB 幻夜星河 拍照手机', 45, '/s/e1505375-d00d-4cd8-a090-a13490b430d5.jpg', '/s/e1505375-d00d-4cd8-a090-a13490b430d5.jpg', '<p>商品介绍加载中...</p>', 3199, 2899, 1000, '', 0, 0, '2019-09-18 13:37:44', 0, '2020-10-13 10:41:59');
INSERT INTO `tb_newbee_mall_goods_info` VALUES (10720, '荣耀20 PRO × MOSCHINO联名版', '4800万全焦段AI四摄 双光学防抖 麒麟980 8GB+256GB 黑色', 45, '/s/0ae89667-8a69-4efc-b8d8-c0ebaf56753a.jpg', '/s/0ae89667-8a69-4efc-b8d8-c0ebaf56753a.jpg', '<p>商品介绍加载中...</p>', 3799, 3799, 997, '', 0, 0, '2019-09-18 13:37:44', 0, '2020-10-13 10:41:59');
INSERT INTO `tb_newbee_mall_goods_info` VALUES (10721, '华为 HUAWEI 畅享 9S', '6GB+64GB 幻夜黑 全网通 2400万超广角三摄珍珠屏大存储 移动联通电信4G手机 双卡双待', 46, '/s/1b96ae9b-8c56-465e-9e82-ff712305e2d9.jpg', '/s/1b96ae9b-8c56-465e-9e82-ff712305e2d9.jpg', '<p>商品介绍加载中...</p>', 1499, 1199, 989, '', 0, 0, '2019-09-18 13:37:44', 0, '2020-10-13 10:41:59');
INSERT INTO `tb_newbee_mall_goods_info` VALUES (10722, '华为 HUAWEI 畅享 9S', '6GB+64GB 极光蓝 全网通 2400万超广角三摄珍珠屏大存储 移动联通电信4G手机 双卡双待', 46, '/s/b49530f5-fe13-42b3-9ca9-6f1367e0f8f8.jpg', '/s/b49530f5-fe13-42b3-9ca9-6f1367e0f8f8.jpg', '<p>商品介绍加载中...</p>', 1499, 1199, 989, '', 0, 0, '2019-09-18 13:37:44', 0, '2020-10-13 10:41:59');
INSERT INTO `tb_newbee_mall_goods_info` VALUES (10723, '华为 HUAWEI 畅享 9S', '6GB+64GB 珊瑚红 全网通 2400万超广角三摄珍珠屏大存储 移动联通电信4G手机 双卡双待', 46, '/s/84397a4c-ff06-4f08-bad5-bd4d5f8e23ff.jpg', '/s/84397a4c-ff06-4f08-bad5-bd4d5f8e23ff.jpg', '<p>商品介绍加载中...</p>', 1499, 1199, 1000, '', 0, 0, '2019-09-18 13:37:44', 0, '2020-10-13 10:41:59');
INSERT INTO `tb_newbee_mall_goods_info` VALUES (10724, '荣耀V20 游戏手机 麒麟980芯片 魅眼全视屏', '4800万深感相机 6GB+128GB 幻夜黑 移动联通电信4G全面屏手机', 45, '/s/7a58b5b2-0101-4a55-9872-d7765f08cf19.jpg', '/s/7a58b5b2-0101-4a55-9872-d7765f08cf19.jpg', '<p>商品介绍加载中...</p>', 2199, 2099, 1000, '', 0, 0, '2019-09-18 13:37:44', 0, '2020-10-13 10:41:59');
INSERT INTO `tb_newbee_mall_goods_info` VALUES (10725, '荣耀V20 游戏手机 麒麟980芯片 魅眼全视屏', '4800万深感相机 6GB+128GB 魅海蓝 移动联通电信4G全面屏手机', 45, '/s/5dd6b4de-0b39-48fc-9285-7356c22edf7b.jpg', '/s/5dd6b4de-0b39-48fc-9285-7356c22edf7b.jpg', '<p>商品介绍加载中...</p>', 2199, 2099, 1000, '', 0, 0, '2019-09-18 13:37:44', 0, '2020-10-13 10:41:59');
INSERT INTO `tb_newbee_mall_goods_info` VALUES (10726, '荣耀V20 游戏手机 麒麟980芯片 魅眼全视屏', '4800万深感相机 6GB+128GB 幻影蓝 移动联通电信4G全面屏手机', 45, '/s/c5a6593b-ef49-42fd-b330-0be8021362d8.jpg', '/s/c5a6593b-ef49-42fd-b330-0be8021362d8.jpg', '<p>商品介绍加载中...</p>', 2199, 2099, 1000, '', 0, 0, '2019-09-18 13:37:44', 0, '2020-10-13 10:41:59');
INSERT INTO `tb_newbee_mall_goods_info` VALUES (10727, '荣耀V20 游戏手机 麒麟980芯片 魅眼全视屏', '4800万深感相机 6GB+128GB 魅丽红 移动联通电信4G全面屏手机', 45, '/s/b57f705a-ef7f-4a9f-a244-3fc980e17555.jpg', '/s/b57f705a-ef7f-4a9f-a244-3fc980e17555.jpg', '<p>商品介绍加载中...</p>', 2199, 2099, 1000, '', 0, 0, '2019-09-18 13:37:44', 0, '2020-10-13 10:41:59');
INSERT INTO `tb_newbee_mall_goods_info` VALUES (10728, '荣耀V20 游戏手机 麒麟980芯片 魅眼全视屏', '4800万深感相机 6GB+128GB 幻影红 移动联通电信4G全面屏手机', 45, '/s/3dd91f7d-8f89-4e8a-a808-fa556ee1ceb3.jpg', '/s/3dd91f7d-8f89-4e8a-a808-fa556ee1ceb3.jpg', '<p>商品介绍加载中...</p>', 2199, 2099, 1000, '', 0, 0, '2019-09-18 13:37:44', 0, '2020-10-13 10:41:59');
INSERT INTO `tb_newbee_mall_goods_info` VALUES (10729, '华为 HUAWEI P20 AI智慧徕卡双摄全面屏游戏手机', '6GB+128GB 亮黑色 全网通移动联通电信4G手机 双卡双待', 46, '/s/f8edc81a-8fbd-425b-8ed7-d6b4c14ec6a1.jpg', '/s/f8edc81a-8fbd-425b-8ed7-d6b4c14ec6a1.jpg', '<p>商品介绍加载中...</p>', 3088, 2799, 1000, '', 0, 0, '2019-09-18 13:37:44', 0, '2020-10-13 10:41:59');
INSERT INTO `tb_newbee_mall_goods_info` VALUES (10730, '华为 HUAWEI P20 AI智慧徕卡双摄全面屏游戏手机', '6GB+64GB 极光色 全网通移动联通电信4G手机 双卡双待', 46, '/s/c17c5292-2c20-4196-88e3-7ea813530db5.jpg', '/s/c17c5292-2c20-4196-88e3-7ea813530db5.jpg', '<p>商品介绍加载中...</p>', 2788, 2679, 997, '', 0, 0, '2019-09-18 13:37:44', 0, '2020-10-13 10:41:59');
INSERT INTO `tb_newbee_mall_goods_info` VALUES (10731, '华为 HUAWEI P20 AI智慧徕卡双摄全面屏游戏手机', '6GB+64GB 宝石蓝 全网通移动联通电信4G手机 双卡双待', 46, '/s/b43bcd55-3709-4c32-b3a2-5b59c80f3610.jpg', '/s/b43bcd55-3709-4c32-b3a2-5b59c80f3610.jpg', '<p>商品介绍加载中...</p>', 2788, 2699, 999, '', 0, 0, '2019-09-18 13:37:44', 0, '2020-10-13 10:41:59');
INSERT INTO `tb_newbee_mall_goods_info` VALUES (10732, '华为 HUAWEI P20 AI智慧全面屏', '6GB+64GB 极光闪蝶色 全网通版 移动联通电信4G手机 双卡双待', 46, '/s/3b183d9a-ac01-4bed-a7bb-1ddeba6ad416.jpg', '/s/3b183d9a-ac01-4bed-a7bb-1ddeba6ad416.jpg', '<p>商品介绍加载中...</p>', 2788, 2679, 998, '', 0, 0, '2019-09-18 13:37:44', 0, '2020-10-13 10:41:59');
INSERT INTO `tb_newbee_mall_goods_info` VALUES (10733, '华为 HUAWEI P20 AI智慧全面屏', '6GB+64GB 珠光贝母色 全网通版 移动联通电信4G手机 双卡双待', 46, '/s/28e94d5d-9ccc-4843-a296-2747530037ce.jpg', '/s/28e94d5d-9ccc-4843-a296-2747530037ce.jpg', '<p>商品介绍加载中...</p>', 3388, 2988, 1000, '', 0, 0, '2019-09-18 13:37:44', 0, '2020-10-13 10:41:59');
INSERT INTO `tb_newbee_mall_goods_info` VALUES (10734, '华为 HUAWEI P20 AI智慧徕卡双摄全面屏游戏手机', '6GB+128GB 香槟金 全网通移动联通电信4G手机 双卡双待', 46, '/s/0b11241e-4d6b-44ea-afb0-e029d1b5a54d.jpg', '/s/0b11241e-4d6b-44ea-afb0-e029d1b5a54d.jpg', '<p>商品介绍加载中...</p>', 3888, 3888, 1000, '', 0, 0, '2019-09-18 13:37:44', 0, '2020-10-13 10:41:59');
INSERT INTO `tb_newbee_mall_goods_info` VALUES (10735, '荣耀20S 李现同款 3200万人像超级夜景 4800万超广角AI三摄', '麒麟810旗舰级芯片 全网通版6GB+128GB 蝶羽蓝', 45, '/s/8883043d-bef3-442c-9ccf-af9c03510c5d.jpg', '/s/8883043d-bef3-442c-9ccf-af9c03510c5d.jpg', '<p>商品介绍加载中...</p>', 1899, 1899, 1000, '', 0, 0, '2019-09-18 13:37:44', 0, '2020-10-13 10:41:59');
INSERT INTO `tb_newbee_mall_goods_info` VALUES (10736, '华为 HUAWEI 畅享MAX 4GB+64GB', '幻夜黑 全网通版 珍珠屏杜比全景声大电池 移动联通电信4G手机 双卡双待', 46, '/s/522ed5b9-bcae-401f-9933-d2e957bb3384.jpg', '/s/522ed5b9-bcae-401f-9933-d2e957bb3384.jpg', '<p>商品介绍加载中...</p>', 1199, 999, 1000, '', 0, 0, '2019-09-18 13:37:44', 0, '2020-10-13 10:41:59');
INSERT INTO `tb_newbee_mall_goods_info` VALUES (10737, '华为 HUAWEI 畅享MAX 4GB+64GB', '琥珀棕 全网通版 珍珠屏杜比全景声大电池 移动联通电信4G手机 双卡双待', 46, '/s/36bdfdb9-21b1-46d5-9534-8b3873c9b6d9.jpg', '/s/36bdfdb9-21b1-46d5-9534-8b3873c9b6d9.jpg', '<p>商品介绍加载中...</p>', 1199, 999, 1000, '', 0, 0, '2019-09-18 13:37:44', 0, '2020-10-13 10:41:59');
INSERT INTO `tb_newbee_mall_goods_info` VALUES (10738, '华为 HUAWEI 畅享MAX 4GB+128GB', '天际白 全网通版 珍珠屏杜比全景声大电池 移动联通电信4G手机 双卡双待', 46, '/s/51fa04cf-1c05-49ee-8dea-0c1757ff32c4.jpg', '/s/51fa04cf-1c05-49ee-8dea-0c1757ff32c4.jpg', '<p>商品介绍加载中...</p>', 1899, 1399, 1000, '', 0, 0, '2019-09-18 13:37:44', 0, '2020-10-13 10:41:59');
INSERT INTO `tb_newbee_mall_goods_info` VALUES (10739, '华为 HUAWEI P30 Pro', '超感光徕卡四摄10倍混合变焦麒麟980芯片屏内指纹 8GB+128GB极光色全网通版双4G手机', 46, '/s/65c8e729-aeca-4780-977b-4d0d39d4aa2e.jpg', '/s/65c8e729-aeca-4780-977b-4d0d39d4aa2e.jpg', '<p>商品介绍加载中...</p>', 5488, 4988, 998, '', 0, 0, '2019-09-18 13:37:44', 0, '2020-10-13 10:41:59');
INSERT INTO `tb_newbee_mall_goods_info` VALUES (10740, '华为 HUAWEI P30 Pro', '超感光徕卡四摄10倍混合变焦麒麟980芯片屏内指纹 8GB+128GB亮黑色全网通版双4G手机', 46, '/s/bc90bb1e-494a-44d4-b180-42a994ec80fc.jpg', '/s/bc90bb1e-494a-44d4-b180-42a994ec80fc.jpg', '<p>商品介绍加载中...</p>', 5488, 4988, 1000, '', 0, 0, '2019-09-18 13:37:44', 0, '2020-10-13 10:41:59');
INSERT INTO `tb_newbee_mall_goods_info` VALUES (10741, '华为 HUAWEI P30 Pro', '超感光徕卡四摄10倍混合变焦麒麟980芯片屏内指纹 8GB+128GB珠光贝母全网通版双4G手机', 46, '/s/a6f309b7-765a-4407-be71-bbd5b764d448.jpg', '/s/a6f309b7-765a-4407-be71-bbd5b764d448.jpg', '<p>商品介绍加载中...</p>', 5488, 4988, 1000, '', 0, 0, '2019-09-18 13:37:44', 0, '2020-10-13 10:41:59');
INSERT INTO `tb_newbee_mall_goods_info` VALUES (10742, '华为 HUAWEI P30 Pro', '超感光徕卡四摄10倍混合变焦麒麟980芯片屏内指纹 8GB+256GB天空之境全网通版双4G手机', 46, '/s/dda1d575-cdac-4eb4-a118-3834490166f7.jpg', '/s/dda1d575-cdac-4eb4-a118-3834490166f7.jpg', '<p>商品介绍加载中...</p>', 5988, 5488, 949, '', 0, 0, '2019-09-18 13:37:44', 0, '2020-10-13 10:41:59');
INSERT INTO `tb_newbee_mall_goods_info` VALUES (10743, '华为 HUAWEI P30 Pro', '超感光徕卡四摄10倍混合变焦麒麟980芯片屏内指纹 8GB+256GB墨玉蓝全网通版双4G手机', 46, '/s/8755a735-baa1-4f17-a9bd-30c4f4f1451b.jpg', '/s/8755a735-baa1-4f17-a9bd-30c4f4f1451b.jpg', '<p>商品介绍加载中...</p>', 5988, 5488, 1000, '', 0, 0, '2019-09-18 13:37:44', 0, '2020-10-13 10:41:59');
INSERT INTO `tb_newbee_mall_goods_info` VALUES (10744, '华为 HUAWEI P30 Pro', '超感光徕卡四摄10倍混合变焦麒麟980芯片屏内指纹 8GB+128GB赤茶橘全网通版双4G手机', 46, '/s/44e78820-86f3-429d-94af-64f6af308846.jpg', '/s/44e78820-86f3-429d-94af-64f6af308846.jpg', '<p>商品介绍加载中...</p>', 5488, 4988, 1000, '', 0, 0, '2019-09-18 13:37:44', 0, '2020-10-13 10:41:59');
INSERT INTO `tb_newbee_mall_goods_info` VALUES (10745, '华为 HUAWEI P30 Pro', '超感光徕卡四摄10倍混合变焦麒麟980芯片屏内指纹 8GB+128GB嫣紫色全网通版双4G手机', 46, '/admin/dist/img/no-img.png', '/admin/dist/img/no-img.png', '<p>商品介绍加载中...</p>', 5488, 4988, 1000, '', 0, 0, '2019-09-18 13:37:44', 0, '2020-10-13 10:41:59');
INSERT INTO `tb_newbee_mall_goods_info` VALUES (10746, '华为 HUAWEI nova 5', 'Pro 前置3200万人像超级夜景4800万AI四摄麒麟980芯片8GB+128GB绮境森林全网通双4G手机', 46, '/s/2948815e-043a-4f47-896f-7f6ccf916369.jpg', '/s/2948815e-043a-4f47-896f-7f6ccf916369.jpg', '<p>商品介绍加载中...</p>', 2999, 2999, 1000, '', 0, 0, '2019-09-18 13:37:44', 0, '2020-10-13 10:41:59');
INSERT INTO `tb_newbee_mall_goods_info` VALUES (10747, '华为 HUAWEI nova 5', 'Pro 前置3200万人像超级夜景4800万AI四摄麒麟980芯片8GB+128GB亮黑色全网通双4G手机', 46, '/s/df1bea42-9172-4cd5-9fc5-f35bb736108f.jpg', '/s/df1bea42-9172-4cd5-9fc5-f35bb736108f.jpg', '<p>商品介绍加载中...</p>', 2999, 2999, 1000, '', 0, 0, '2019-09-18 13:37:44', 0, '2020-10-13 10:41:59');
INSERT INTO `tb_newbee_mall_goods_info` VALUES (10748, '华为 HUAWEI nova 5', 'Pro 前置3200万人像超级夜景4800万AI四摄麒麟980芯片 8GB+128GB仲夏紫全网通双4G手机', 46, '/s/ab6f8463-794f-4f40-87b8-d01e6260ff1c.jpg', '/s/ab6f8463-794f-4f40-87b8-d01e6260ff1c.jpg', '<p>商品介绍加载中...</p>', 2999, 2999, 1000, '', 0, 0, '2019-09-18 13:37:44', 0, '2020-10-13 10:41:59');
INSERT INTO `tb_newbee_mall_goods_info` VALUES (10749, '华为 HUAWEI nova 5', 'Pro 前置3200万人像超级夜景4800万AI四摄麒麟980芯片8GB+128GB苏音蓝全网通双4G手机', 46, '/s/98e90b6e-2a5d-462d-8cd1-44699144a0b5.jpg', '/s/98e90b6e-2a5d-462d-8cd1-44699144a0b5.jpg', '<p>商品介绍加载中...</p>', 2999, 2999, 1000, '', 0, 0, '2019-09-18 13:37:44', 0, '2020-10-13 10:41:59');
INSERT INTO `tb_newbee_mall_goods_info` VALUES (10750, '华为 HUAWEI nova 5', 'Pro 前置3200万人像超级夜景4800万AI四摄麒麟980芯片8GB+128GB珊瑚橙全网通双4G手机', 46, '/s/ec0bafed-d651-4be7-b2aa-13e84248219a.jpg', '/s/ec0bafed-d651-4be7-b2aa-13e84248219a.jpg', '<p>商品介绍加载中...</p>', 2999, 2999, 1000, '', 0, 0, '2019-09-18 13:37:44', 0, '2020-10-13 10:41:59');
INSERT INTO `tb_newbee_mall_goods_info` VALUES (10751, '华为 HUAWEI nova 5', 'Pro 前置3200万人像超级夜景4800万AI四摄麒麟980芯片8GB+256GB仲夏紫星耀礼盒版全网通', 46, '/s/83f39052-5a1c-4769-a7db-cf2bd53d2a29.jpg', '/s/83f39052-5a1c-4769-a7db-cf2bd53d2a29.jpg', '<p>商品介绍加载中...</p>', 3799, 3599, 1000, '', 0, 0, '2019-09-18 13:37:44', 0, '2020-10-13 10:41:59');
INSERT INTO `tb_newbee_mall_goods_info` VALUES (10752, '华为 HUAWEI nova 5i', '后置AI四摄 极点全面屏 前置2400万高清摄像头 8GB+128GB 苏音蓝 全网通双卡双待', 46, '/s/4b2bffff-ec0b-42e0-8152-ada9a121ad31.jpg', '/s/4b2bffff-ec0b-42e0-8152-ada9a121ad31.jpg', '<p>商品介绍加载中...</p>', 2199, 2199, 1000, '', 0, 0, '2019-09-18 13:37:44', 0, '2020-10-13 10:41:59');
INSERT INTO `tb_newbee_mall_goods_info` VALUES (10753, '华为 HUAWEI nova 5i', '后置AI四摄 极点全面屏 前置2400万高清摄像头 8GB+128GB 幻夜黑 全网通双卡双待', 46, '/s/04dce482-ff0e-483c-b324-dfc030b6cdd1.jpg', '/s/04dce482-ff0e-483c-b324-dfc030b6cdd1.jpg', '<p>商品介绍加载中...</p>', 2199, 2199, 1000, '', 0, 0, '2019-09-18 13:37:44', 0, '2020-10-13 10:41:59');
INSERT INTO `tb_newbee_mall_goods_info` VALUES (10754, '华为 HUAWEI nova 5i', '后置AI四摄 极点全面屏 前置2400万高清摄像头 8GB+128GB 蜜语红 全网通双卡双待', 46, '/s/b5e139d3-ea6b-4874-9ccc-c18aca44a8bc.jpg', '/s/b5e139d3-ea6b-4874-9ccc-c18aca44a8bc.jpg', '<p>商品介绍加载中...</p>', 2199, 2199, 996, '', 0, 0, '2019-09-18 13:37:44', 0, '2020-10-13 10:41:59');
INSERT INTO `tb_newbee_mall_goods_info` VALUES (10755, '荣耀9X PRO 麒麟810液冷散热 4000mAh超强续航', '4800万超广角夜拍三摄 6.59英寸全网通8GB+128GB 幻影紫', 45, '/s/86bd80cd-140b-474c-8277-3747332f61b3.jpg', '/s/86bd80cd-140b-474c-8277-3747332f61b3.jpg', '<p>商品介绍加载中...</p>', 2199, 2199, 1000, '', 0, 0, '2019-09-18 13:37:44', 0, '2020-10-13 10:41:59');
INSERT INTO `tb_newbee_mall_goods_info` VALUES (10756, '荣耀9X PRO 麒麟810液冷散热 4000mAh超强续航', '4800万超广角夜拍三摄 6.59英寸全网通8GB+128GB 幻夜黑', 45, '/s/3b008be9-e906-4364-8aa0-0df2e670dbd2.jpg', '/s/3b008be9-e906-4364-8aa0-0df2e670dbd2.jpg', '<p>商品介绍加载中...</p>', 2199, 2199, 1000, '', 0, 0, '2019-09-18 13:37:44', 0, '2020-10-13 10:41:59');
INSERT INTO `tb_newbee_mall_goods_info` VALUES (10757, '荣耀畅玩8C两天一充 莱茵护眼 刘海屏 全网通版4GB+32GB', '极光蓝 移动联通电信4G全面屏手机 双卡双待', 45, '/s/7f7d2343-6743-490b-baec-3e0a76d061e5.jpg', '/s/7f7d2343-6743-490b-baec-3e0a76d061e5.jpg', '<p>商品介绍加载中...</p>', 899, 799, 1000, '', 0, 0, '2019-09-18 13:37:44', 0, '2020-10-13 10:41:59');
INSERT INTO `tb_newbee_mall_goods_info` VALUES (10758, '荣耀畅玩8C两天一充 莱茵护眼 刘海屏 全网通版4GB+32GB', '铂光金 移动联通电信4G全面屏手机 双卡双待', 45, '/s/b163ca1b-7deb-4b15-818a-dc765c852305.jpg', '/s/b163ca1b-7deb-4b15-818a-dc765c852305.jpg', '<p>商品介绍加载中...</p>', 899, 799, 1000, '', 0, 0, '2019-09-18 13:37:44', 0, '2020-10-13 10:41:59');
INSERT INTO `tb_newbee_mall_goods_info` VALUES (10759, '荣耀畅玩8C两天一充 莱茵护眼 刘海屏 全网通版4GB+32GB', '星云紫 移动联通电信4G全面屏手机 双卡双待', 45, '/s/f949289a-4c51-4159-a754-871da347e1e5.jpg', '/s/f949289a-4c51-4159-a754-871da347e1e5.jpg', '<p>商品介绍加载中...</p>', 899, 799, 1000, '', 0, 0, '2019-09-18 13:37:44', 0, '2020-10-13 10:41:59');
INSERT INTO `tb_newbee_mall_goods_info` VALUES (10760, '荣耀畅玩8C两天一充 莱茵护眼 刘海屏 全网通版4GB+64GB', '幻夜黑 移动联通电信4G全面屏手机 双卡双待', 45, '/s/27c3c018-95c5-429f-9ad7-be0fedd78329.jpg', '/s/27c3c018-95c5-429f-9ad7-be0fedd78329.jpg', '<p>商品介绍加载中...</p>', 1399, 1099, 1000, '', 0, 0, '2019-09-18 13:37:44', 0, '2020-10-13 10:41:59');
INSERT INTO `tb_newbee_mall_goods_info` VALUES (10761, '荣耀畅玩8C两天一充 莱茵护眼 刘海屏 全网通版4GB+64GB', '幻影蓝 移动联通电信4G全面屏手机 双卡双待', 45, '/s/61224f59-e11a-4005-84dc-cadfdd4162f6.jpg', '/s/61224f59-e11a-4005-84dc-cadfdd4162f6.jpg', '<p>商品介绍加载中...</p>', 1399, 1099, 1000, '', 0, 0, '2019-09-18 13:37:44', 0, '2020-10-13 10:41:59');
INSERT INTO `tb_newbee_mall_goods_info` VALUES (10762, '华为 HUAWEI 畅享8e 青春版', '2GB+32GB全面屏 金色 全网通版 移动联通电信4G手机 双卡双待', 46, '/s/af23223e-56fa-4aa7-b832-c55c713fa604.jpg', '/s/af23223e-56fa-4aa7-b832-c55c713fa604.jpg', '<p>商品介绍加载中...</p>', 699, 549, 1000, '', 0, 0, '2019-09-18 13:37:44', 0, '2020-10-13 10:41:59');
INSERT INTO `tb_newbee_mall_goods_info` VALUES (10763, '华为 HUAWEI 畅享8e青春 2GB+32GB全面屏', '黑色 全网通版 移动联通电信4G手机 双卡双待', 46, '/s/bf64e22d-1cd3-40b0-9ce1-cc944e35d2d4.jpg', '/s/bf64e22d-1cd3-40b0-9ce1-cc944e35d2d4.jpg', '<p>商品介绍加载中...</p>', 699, 549, 1000, '', 0, 0, '2019-09-18 13:37:44', 0, '2020-10-13 10:41:59');
INSERT INTO `tb_newbee_mall_goods_info` VALUES (10764, '华为 HUAWEI 畅享8e青春 2GB+32GB全面屏', '蓝色 全网通版 移动联通电信4G手机 双卡双待', 46, '/s/70f9ecf9-4859-45de-8f67-5afbdba6735c.jpg', '/s/70f9ecf9-4859-45de-8f67-5afbdba6735c.jpg', '<p>商品介绍加载中...</p>', 699, 549, 1000, '', 0, 0, '2019-09-18 13:37:44', 0, '2020-10-13 10:41:59');
INSERT INTO `tb_newbee_mall_goods_info` VALUES (10765, '华为 HUAWEI nova 4e', '3200万立体美颜AI超广角三摄珍珠屏6GB+128GB雀翎蓝全网通版双4G手机', 46, '/s/55b997f9-fa22-40b0-8b33-429760c2af49.jpg', '/s/55b997f9-fa22-40b0-8b33-429760c2af49.jpg', '<p>商品介绍加载中...</p>', 1999, 1799, 1000, '', 0, 0, '2019-09-18 13:37:44', 0, '2020-10-13 10:41:59');
INSERT INTO `tb_newbee_mall_goods_info` VALUES (10766, '华为 HUAWEI nova 4e', '3200万立体美颜AI超广角三摄珍珠屏6GB+128GB幻夜黑全网通版双4G手机', 46, '/s/8d675ec6-efe0-4ca6-8f83-193820b07256.jpg', '/s/8d675ec6-efe0-4ca6-8f83-193820b07256.jpg', '<p>商品介绍加载中...</p>', 1999, 1799, 1000, '', 0, 0, '2019-09-18 13:37:44', 0, '2020-10-13 10:41:59');
INSERT INTO `tb_newbee_mall_goods_info` VALUES (10767, '华为 HUAWEI nova 4e', '3200万立体美颜AI超广角三摄珍珠屏6GB+128GB珍珠白全网通版双4G手机', 46, '/s/c8ce9a44-7b40-48b2-91cb-2a1607561b4a.jpg', '/s/c8ce9a44-7b40-48b2-91cb-2a1607561b4a.jpg', '<p>商品介绍加载中...</p>', 1999, 1799, 1000, '', 0, 0, '2019-09-18 13:37:44', 0, '2020-10-13 10:41:59');
INSERT INTO `tb_newbee_mall_goods_info` VALUES (10768, '华为 HUAWEI 畅享9 Plus', '4GB+64GB 极光紫 全网通 四摄超清全面屏大电池 移动联通电信4G手机 双卡双待', 46, '/s/5ea16713-f6ae-4fa7-a53d-1700c29cb3d3.jpg', '/s/5ea16713-f6ae-4fa7-a53d-1700c29cb3d3.jpg', '<p>商品介绍加载中...</p>', 1299, 1199, 1000, '', 0, 0, '2019-09-18 13:37:44', 0, '2020-10-13 10:41:59');
INSERT INTO `tb_newbee_mall_goods_info` VALUES (10769, '华为 HUAWEI 畅享9 Plus', '4GB+64GB 幻夜黑 全网通 四摄超清全面屏大电池 移动联通电信4G手机 双卡双待', 46, '/s/39e4b0c8-c4c5-4162-8a32-3bb9bb483503.jpg', '/s/39e4b0c8-c4c5-4162-8a32-3bb9bb483503.jpg', '<p>商品介绍加载中...</p>', 1299, 1199, 1000, '', 0, 0, '2019-09-18 13:37:44', 0, '2020-10-13 10:41:59');
INSERT INTO `tb_newbee_mall_goods_info` VALUES (10770, '华为 HUAWEI 畅享9 Plus', '4GB+64GB 宝石蓝 全网通 四摄超清全面屏大电池 移动联通电信4G手机 双卡双待', 46, '/s/ca2bb115-c75e-475b-93ab-c2436f31aa16.jpg', '/s/ca2bb115-c75e-475b-93ab-c2436f31aa16.jpg', '<p>商品介绍加载中...</p>', 1299, 1199, 1000, '', 0, 0, '2019-09-18 13:37:44', 0, '2020-10-13 10:41:59');
INSERT INTO `tb_newbee_mall_goods_info` VALUES (10771, '华为 HUAWEI 畅享9 Plus', '4GB+64GB 樱语粉 全网通 四摄超清全面屏大电池 移动联通电信4G手机 双卡双待', 46, '/s/65e953c4-1d29-423a-b7d7-4276c4d42aaa.jpg', '/s/65e953c4-1d29-423a-b7d7-4276c4d42aaa.jpg', '<p>商品介绍加载中...</p>', 1299, 1199, 1000, '', 0, 0, '2019-09-18 13:37:44', 0, '2020-10-13 10:41:59');
INSERT INTO `tb_newbee_mall_goods_info` VALUES (10772, '华为 HUAWEI nova 3i', '全面屏高清四摄游戏手机4GB+128GB 亮黑色 移动4G+ 移动联通电信4G手机双卡双待', 46, '/s/2252c604-ced3-4e92-b58b-15402ae7be2c.jpg', '/s/2252c604-ced3-4e92-b58b-15402ae7be2c.jpg', '<p>商品介绍加载中...</p>', 1399, 1299, 1000, '', 0, 0, '2019-09-18 13:37:44', 0, '2020-10-13 10:41:59');
INSERT INTO `tb_newbee_mall_goods_info` VALUES (10773, '华为 HUAWEI nova 3i', '全面屏高清四摄游戏手机4GB+128GB 蓝楹紫 移动4G+ 移动联通电信4G手机双卡双待', 46, '/s/a17dc2b3-17dc-4be7-a04d-12a3fa62de31.jpg', '/s/a17dc2b3-17dc-4be7-a04d-12a3fa62de31.jpg', '<p>商品介绍加载中...</p>', 1399, 1299, 1000, '', 0, 0, '2019-09-18 13:37:44', 0, '2020-10-13 10:41:59');
INSERT INTO `tb_newbee_mall_goods_info` VALUES (10774, '华为 HUAWEI nova 5i', 'Pro 前置3200万人像超级夜景4800万AI四摄极点全面屏6GB+128GB翡冷翠全网通双4G手机', 46, '/s/e3f32e21-1208-481d-bfcd-8447de78043b.jpg', '/s/e3f32e21-1208-481d-bfcd-8447de78043b.jpg', '<p>商品介绍加载中...</p>', 2199, 2149, 1000, '', 0, 0, '2019-09-18 13:37:44', 0, '2020-10-13 10:41:59');
INSERT INTO `tb_newbee_mall_goods_info` VALUES (10775, '华为 HUAWEI nova 5i', 'Pro 前置3200万人像超级夜景4800万AI四摄极点全面屏6GB+128GB幻夜黑全网通双4G手机', 46, '/s/1eb1e40c-7f38-47ed-a839-d43c1d0b79a8.jpg', '/s/1eb1e40c-7f38-47ed-a839-d43c1d0b79a8.jpg', '<p>商品介绍加载中...</p>', 2199, 2149, 1000, '', 0, 0, '2019-09-18 13:37:44', 0, '2020-10-13 10:41:59');
INSERT INTO `tb_newbee_mall_goods_info` VALUES (10776, '华为 HUAWEI nova 5i', 'Pro 前置3200万人像超级夜景4800万AI四摄极点全面屏6GB+128GB极光色全网通双4G手机', 46, '/s/80f05e0d-0d06-4aa8-bca5-0d39a2365b4b.jpg', '/s/80f05e0d-0d06-4aa8-bca5-0d39a2365b4b.jpg', '<p>商品介绍加载中...</p>', 2199, 2149, 1000, '', 0, 0, '2019-09-18 13:37:44', 0, '2020-10-13 10:41:59');
INSERT INTO `tb_newbee_mall_goods_info` VALUES (10777, '华为 HUAWEI Mate 20', '麒麟980AI智能芯片全面屏超微距影像超大广角徕卡三摄6GB+128GB亮黑色全网通版双4G手机', 46, '/s/9024ab8a-be67-4459-8414-8d84225851a7.jpg', '/s/9024ab8a-be67-4459-8414-8d84225851a7.jpg', '<p>商品介绍加载中...</p>', 3799, 3699, 1000, '', 0, 0, '2019-09-18 13:37:44', 0, '2020-10-13 10:41:59');
INSERT INTO `tb_newbee_mall_goods_info` VALUES (10778, '华为 HUAWEI Mate 20', '麒麟980AI智能芯片全面屏超微距影像超大广角徕卡三摄6GB+128GB极光色全网通版双4G手机', 46, '/s/940a6c56-9f7b-4008-8679-c7ef5a44d695.jpg', '/s/940a6c56-9f7b-4008-8679-c7ef5a44d695.jpg', '<p>商品介绍加载中...</p>', 3799, 3699, 1000, '', 0, 0, '2019-09-18 13:37:44', 0, '2020-10-13 10:41:59');
INSERT INTO `tb_newbee_mall_goods_info` VALUES (10779, '华为 HUAWEI Mate 20', '麒麟980AI智能芯片全面屏超微距影像超大广角徕卡三摄6GB+64GB翡冷翠全网通版双4G手机', 46, '/s/08f9a912-f049-4cf8-a839-115fc6582398.jpg', '/s/08f9a912-f049-4cf8-a839-115fc6582398.jpg', '<p>商品介绍加载中...</p>', 3299, 3199, 994, '', 0, 0, '2019-09-18 13:37:44', 0, '2020-10-13 10:41:59');
INSERT INTO `tb_newbee_mall_goods_info` VALUES (10780, '华为 HUAWEI Mate 20', '麒麟980AI智能芯片全面屏超微距影像超大广角徕卡三摄6GB+128GB宝石蓝全网通版双4G手机', 46, '/s/5d57e0ba-1bc7-45a7-9677-f501e0384442.jpg', '/s/5d57e0ba-1bc7-45a7-9677-f501e0384442.jpg', '<p>商品介绍加载中...</p>', 3799, 3699, 1000, '', 0, 0, '2019-09-18 13:37:44', 0, '2020-10-13 10:41:59');
INSERT INTO `tb_newbee_mall_goods_info` VALUES (10781, '华为 HUAWEI 麦芒 8', '超广角AI三摄 高清珍珠屏 大存储 6GB+128GB 极光蓝 全网通双4G手机', 46, '/s/bde7fc16-fb6b-42b0-8950-13ff287c3cd3.jpg', '/s/bde7fc16-fb6b-42b0-8950-13ff287c3cd3.jpg', '<p>商品介绍加载中...</p>', 1899, 1699, 1000, '', 0, 0, '2019-09-18 13:37:44', 0, '2020-10-13 10:41:59');
INSERT INTO `tb_newbee_mall_goods_info` VALUES (10782, '华为 HUAWEI 麦芒 8', '超广角AI三摄 高清珍珠屏 大存储 6GB+128GB 幻夜黑 全网通双4G手机', 46, '/s/e299773e-14e4-4168-adab-514f6c6d35ed.jpg', '/s/e299773e-14e4-4168-adab-514f6c6d35ed.jpg', '<p>商品介绍加载中...</p>', 1899, 1699, 1000, '', 0, 0, '2019-09-18 13:37:44', 0, '2020-10-13 10:41:59');
INSERT INTO `tb_newbee_mall_goods_info` VALUES (10783, '华为 HUAWEI 麦芒 8', '超广角AI三摄 高清珍珠屏 大存储 6GB+128GB 宝石蓝 全网通双4G手机', 46, '/s/2a3fb7d2-cb76-47b2-88c6-db0f869b5718.jpg', '/s/2a3fb7d2-cb76-47b2-88c6-db0f869b5718.jpg', '<p>商品介绍加载中...</p>', 1899, 1699, 1000, '', 0, 0, '2019-09-18 13:37:44', 0, '2020-10-13 10:41:59');
INSERT INTO `tb_newbee_mall_goods_info` VALUES (10784, '荣耀8X Max 骁龙660 7.12英寸90%屏占比珍珠屏', '6GB+64GB 魅海蓝 移动联通电信4G全面屏手机 双卡双待', 45, '/s/c0763005-4e67-4861-98f2-e6a550ec4d87.jpg', '/s/c0763005-4e67-4861-98f2-e6a550ec4d87.jpg', '<p>商品介绍加载中...</p>', 1799, 1199, 1000, '', 0, 0, '2019-09-18 13:37:44', 0, '2020-10-13 10:41:59');
INSERT INTO `tb_newbee_mall_goods_info` VALUES (10785, '荣耀8X Max 骁龙660 7.12英寸90%屏占比珍珠屏', '6GB+64GB 幻夜黑 移动联通电信4G全面屏手机 双卡双待', 45, '/s/aea7760b-d950-4f64-8db9-ef055f15d234.jpg', '/s/aea7760b-d950-4f64-8db9-ef055f15d234.jpg', '<p>商品介绍加载中...</p>', 1799, 1199, 1000, '', 0, 0, '2019-09-18 13:37:44', 0, '2020-10-13 10:41:59');
INSERT INTO `tb_newbee_mall_goods_info` VALUES (10786, '荣耀8X Max 骁龙660 7.12英寸90%屏占比珍珠屏', '6GB+64GB 魅焰红 移动联通电信4G全面屏手机 双卡双待', 45, '/s/f5e2d2e7-541a-44fa-ad5c-4f15f48ebfc9.jpg', '/s/f5e2d2e7-541a-44fa-ad5c-4f15f48ebfc9.jpg', '<p>商品介绍加载中...</p>', 1799, 1199, 1000, '', 0, 0, '2019-09-18 13:37:44', 0, '2020-10-13 10:41:59');
INSERT INTO `tb_newbee_mall_goods_info` VALUES (10787, '华为 HUAWEI Mate 10', '4GB+64GB 亮黑色 移动4G+手机 双卡双待', 46, '/s/b67a4ac6-7766-4995-8110-1bd442ec0797.jpg', '/s/b67a4ac6-7766-4995-8110-1bd442ec0797.jpg', '<p>商品介绍加载中...</p>', 1799, 1799, 1000, '', 0, 0, '2019-09-18 13:37:44', 0, '2020-10-13 10:41:59');
INSERT INTO `tb_newbee_mall_goods_info` VALUES (10788, '华为 HUAWEI 畅享9 3GB+32GB', '极光蓝 高清珍珠屏 AI长续航 全网通标配版 移动联通电信4G手机', 46, '/s/bd8b2d93-c251-46b8-9990-77baaf3075f3.jpg', '/s/bd8b2d93-c251-46b8-9990-77baaf3075f3.jpg', '<p>商品介绍加载中...</p>', 999, 799, 1000, '', 0, 0, '2019-09-18 13:37:44', 0, '2020-10-13 10:41:59');
INSERT INTO `tb_newbee_mall_goods_info` VALUES (10789, '华为 HUAWEI 畅享9 3GB+32GB', '幻夜黑 高清珍珠屏 AI长续航 全网通标配版 移动联通电信4G手机', 46, '/s/71ae1ce8-38e8-4da3-8fa1-5e8157a12685.jpg', '/s/71ae1ce8-38e8-4da3-8fa1-5e8157a12685.jpg', '<p>商品介绍加载中...</p>', 999, 799, 1000, '', 0, 0, '2019-09-18 13:37:44', 0, '2020-10-13 10:41:59');
INSERT INTO `tb_newbee_mall_goods_info` VALUES (10790, '华为 HUAWEI 畅享9 4GB+64GB', '极光紫 高清珍珠屏 AI长续航 全网通高配版 移动联通电信4G手机', 46, '/s/371386b8-ddf4-4fc1-985e-ef0e1a076710.jpg', '/s/371386b8-ddf4-4fc1-985e-ef0e1a076710.jpg', '<p>商品介绍加载中...</p>', 1099, 1099, 1000, '', 0, 0, '2019-09-18 13:37:44', 0, '2020-10-13 10:41:59');
INSERT INTO `tb_newbee_mall_goods_info` VALUES (10791, '华为 HUAWEI 畅享9 4GB+64GB', '珊瑚红 高清珍珠屏 AI长续航 全网通高配版 移动联通电信4G手机', 46, '/s/60392ae1-d076-47b5-a00d-b2278e01ccb5.jpg', '/s/60392ae1-d076-47b5-a00d-b2278e01ccb5.jpg', '<p>商品介绍加载中...</p>', 1099, 1099, 1000, '', 0, 0, '2019-09-18 13:37:44', 0, '2020-10-13 10:41:59');
INSERT INTO `tb_newbee_mall_goods_info` VALUES (10792, '荣耀畅玩8A 6.09英寸珍珠全面屏 震撼大音量 3GB+32GB', '幻夜黑 移动联通电信4G全面屏手机 双卡双待', 45, '/s/0a592388-1535-4f9f-8201-ecb78c48bb3d.jpg', '/s/0a592388-1535-4f9f-8201-ecb78c48bb3d.jpg', '<p>商品介绍加载中...</p>', 799, 649, 1000, '', 0, 0, '2019-09-18 13:37:44', 0, '2020-10-13 10:41:59');
INSERT INTO `tb_newbee_mall_goods_info` VALUES (10793, '荣耀畅玩8A 6.09英寸珍珠全面屏 震撼大音量 3GB+32GB', '极光蓝 移动联通电信4G全面屏手机 双卡双待', 45, '/s/fd218943-8f6f-4fb8-91a4-d6216cc5afdc.jpg', '/s/fd218943-8f6f-4fb8-91a4-d6216cc5afdc.jpg', '<p>商品介绍加载中...</p>', 799, 649, 1000, '', 0, 0, '2019-09-18 13:37:44', 0, '2020-10-13 10:41:59');
INSERT INTO `tb_newbee_mall_goods_info` VALUES (10794, '荣耀畅玩8A 6.09英寸珍珠全面屏 震撼大音量 3GB+32GB', '魅焰红 移动联通电信4G全面屏手机 双卡双待', 45, '/s/54641753-d8e7-45da-8c6c-81192552cf15.jpg', '/s/54641753-d8e7-45da-8c6c-81192552cf15.jpg', '<p>商品介绍加载中...</p>', 799, 649, 1000, '', 0, 0, '2019-09-18 13:37:44', 0, '2020-10-13 10:41:59');
INSERT INTO `tb_newbee_mall_goods_info` VALUES (10795, '荣耀畅玩8A 6.09英寸珍珠全面屏 震撼大音量 3GB+32GB', '铂光金 移动联通电信4G全面屏手机 双卡双待', 45, '/s/7b65ad3d-74a4-4322-8653-6bda47a8b4eb.jpg', '/s/7b65ad3d-74a4-4322-8653-6bda47a8b4eb.jpg', '<p>商品介绍加载中...</p>', 799, 649, 1000, '', 0, 0, '2019-09-18 13:37:44', 0, '2020-10-13 10:41:59');
INSERT INTO `tb_newbee_mall_goods_info` VALUES (10796, 'Redmi K20Pro 骁龙855 索尼4800万超广角三摄', 'AMOLED弹出式全面屏 8GB+256GB 碳纤黑 游戏智能手机 小米 红米', 0, '/s/2a05cc6a-3eea-42f9-ab97-2e2529a72099.jpg', '/s/2a05cc6a-3eea-42f9-ab97-2e2529a72099.jpg', '<p>商品介绍加载中...</p>', 2999, 2699, 1000, '', 0, 0, '2019-09-18 13:38:32', 0, '2020-10-13 10:41:59');
INSERT INTO `tb_newbee_mall_goods_info` VALUES (10797, '小米9 Pro 5G 全面屏游戏拍照新品手机', '新蜂精选', 51, '/s/d5fc8bec-0add-48d3-b73b-349a0375e8dc.jpg', '/s/d5fc8bec-0add-48d3-b73b-349a0375e8dc.jpg', '<p>商品介绍加载中...</p>', 9999, 9999, 1000, '', 0, 0, '2019-09-18 13:38:32', 0, '2020-10-13 10:41:59');
INSERT INTO `tb_newbee_mall_goods_info` VALUES (10798, '【新品抢购】Redmi Note8 4800万全场景四摄 4000mAh长续航', '高通骁龙665 18W快充 小金刚品质保证 4GB+64GB 梦幻蓝 游戏智能手机 小米 红米', 0, '/s/e4e4c543-6d9a-4b19-bedf-3f40024cb710.jpg', '/s/e4e4c543-6d9a-4b19-bedf-3f40024cb710.jpg', '<p>商品介绍加载中...</p>', 999, 999, 1000, '', 0, 0, '2019-09-18 13:38:32', 0, '2020-10-13 10:41:59');
INSERT INTO `tb_newbee_mall_goods_info` VALUES (10799, '【新品抢购】Redmi Note8 4800万全场景四摄 4000mAh长续航', '高通骁龙665 18W快充 小金刚品质保证 4GB+64GB 皓月白 游戏智能手机 小米 红米', 0, '/s/87e0f6ab-45ef-4710-a5f4-e57a470b6b26.jpg', '/s/87e0f6ab-45ef-4710-a5f4-e57a470b6b26.jpg', '<p>商品介绍加载中...</p>', 999, 999, 1000, '', 0, 0, '2019-09-18 13:38:32', 0, '2020-10-13 10:41:59');
INSERT INTO `tb_newbee_mall_goods_info` VALUES (10800, '【新品抢购】Redmi Note8 4800万全场景四摄 4000mAh长续航', '高通骁龙665 18W快充 小金刚品质保证 4GB+64GB 曜石黑 游戏智能手机 小米 红米', 0, '/s/4a5c5b20-2dd3-4343-a6d1-31195c9edea4.jpg', '/s/4a5c5b20-2dd3-4343-a6d1-31195c9edea4.jpg', '<p>商品介绍加载中...</p>', 999, 999, 1000, '', 0, 0, '2019-09-18 13:38:32', 0, '2020-10-13 10:41:59');
INSERT INTO `tb_newbee_mall_goods_info` VALUES (10801, 'Redmi Note7 4800万双摄千元机 满血骁龙660', '18个月超长质保 4000mAh超长续航 6GB+64GB 镜花水月 游戏智能手机 小米 红米', 0, '/s/30ef1f51-f958-486f-8d79-f48f6d8293dd.jpg', '/s/30ef1f51-f958-486f-8d79-f48f6d8293dd.jpg', '<p>商品介绍加载中...</p>', 1199, 1099, 1000, '', 0, 0, '2019-09-18 13:38:32', 0, '2020-10-13 10:41:59');
INSERT INTO `tb_newbee_mall_goods_info` VALUES (10802, 'Redmi Note7 4800万双摄千元机 满血骁龙660', '18个月超长质保 4000mAh超长续航 6GB+64GB 亮黑色 游戏智能手机 小米 红米', 20, '/s/92beacb0-f692-42ff-a20f-8fecd2b0c046.jpg', '/s/92beacb0-f692-42ff-a20f-8fecd2b0c046.jpg', '<p>*相机默认1200w，如何设置4800w？ 打开相机&nbsp;—&nbsp;右滑切换到“专业”模式&nbsp;—&nbsp;点击屏幕左上方的“48MP”，打开4800万超清。&nbsp;</p><p>*如何设置全面屏模式？ 点击设置&nbsp;—&nbsp;点击全面屏&nbsp;—&nbsp;进入全面屏设置会出现两个选项，可以选择经典导航也可以选择全面屏手势。选择全面屏手势，可进行手势学习，使用全面屏模式进行操作&nbsp;</p><p>*是否支持OTG功能？ 支持。&nbsp;</p><p>*红米Note7出厂预装版本是Andriod&nbsp;9.0吗？ 该商品首批出厂操作系统：MIUI&nbsp;10&nbsp;(Andriod&nbsp;9.0)。&nbsp;</p><p>*有呼吸灯吗？是否支持NFC？&nbsp;是否支持收音机？ 有呼吸灯，不支持NFC，支持收音机。</p><p>*4800万模式是否支持AI场景识别，能否有快速切换方式介绍？ 4800万模式下不支持AI场景识别，普通相机模式下可支持AI识别。</p><p><span style=\"font-family: &quot;Source Sans Pro&quot;, -apple-system, BlinkMacSystemFont, &quot;Segoe UI&quot;, Roboto, &quot;Helvetica Neue&quot;, Arial, sans-serif, &quot;Apple Color Emoji&quot;, &quot;Segoe UI Emoji&quot;, &quot;Segoe UI Symbol&quot;; font-size: 1rem;\">*是否支持王者荣耀Vulkan&nbsp;模式？ 目前暂不支持王者荣耀Vulkan模式。 &nbsp;&nbsp;&nbsp;&nbsp;&nbsp;Redmi&nbsp;红米Note&nbsp;7&nbsp;常见问题</span></p>', 1199, 1099, 1000, '手机', 0, 0, '2019-09-18 13:38:32', 0, '2020-10-13 10:41:59');
INSERT INTO `tb_newbee_mall_goods_info` VALUES (10803, 'Redmi Note7 4800万双摄千元机 满血骁龙660', '18个月超长质保 4000mAh超长续航 6GB+64GB 暮光金 游戏智能手机 小米 红米', 0, '/s/0cf95c37-2665-4894-bd42-5f8de06c6d94.jpg', '/s/0cf95c37-2665-4894-bd42-5f8de06c6d94.jpg', '<p>*相机默认1200w，如何设置4800w？ 打开相机&nbsp;—&nbsp;右滑切换到“专业”模式&nbsp;—&nbsp;点击屏幕左上方的“48MP”，打开4800万超清。&nbsp;</p><p>*如何设置全面屏模式？ 点击设置&nbsp;—&nbsp;点击全面屏&nbsp;—&nbsp;进入全面屏设置会出现两个选项，可以选择经典导航也可以选择全面屏手势。选择全面屏手势，可进行手势学习，使用全面屏模式进行操作&nbsp;</p><p>*是否支持OTG功能？ 支持。&nbsp;</p><p>*红米Note7出厂预装版本是Andriod&nbsp;9.0吗？ 该商品首批出厂操作系统：MIUI&nbsp;10&nbsp;(Andriod&nbsp;9.0)。&nbsp;</p><p>*有呼吸灯吗？是否支持NFC？&nbsp;是否支持收音机？ 有呼吸灯，不支持NFC，支持收音机。</p><p>*4800万模式是否支持AI场景识别，能否有快速切换方式介绍？ 4800万模式下不支持AI场景识别，普通相机模式下可支持AI识别。</p><p><span style=\"font-family: &quot;Source Sans Pro&quot;, -apple-system, BlinkMacSystemFont, &quot;Segoe UI&quot;, Roboto, &quot;Helvetica Neue&quot;, Arial, sans-serif, &quot;Apple Color Emoji&quot;, &quot;Segoe UI Emoji&quot;, &quot;Segoe UI Symbol&quot;; font-size: 1rem;\">*是否支持王者荣耀Vulkan&nbsp;模式？ 目前暂不支持王者荣耀Vulkan模式。 &nbsp;&nbsp;&nbsp;&nbsp;&nbsp;Redmi&nbsp;红米Note&nbsp;7&nbsp;常见问题</span></p>', 1199, 1099, 1000, '', 0, 0, '2019-09-18 13:38:32', 0, '2020-10-13 10:41:59');
INSERT INTO `tb_newbee_mall_goods_info` VALUES (10804, 'Redmi Note7 4800万双摄千元机 满血骁龙660', '4000mAh超长续航 6GB+64GB 梦幻蓝 游戏智能手机 小米 红米', 0, '/s/f6c46245-b957-41ed-b235-133c17cba7f9.jpg', '/s/f6c46245-b957-41ed-b235-133c17cba7f9.jpg', '<p>*相机默认1200w，如何设置4800w？ 打开相机&nbsp;—&nbsp;右滑切换到“专业”模式&nbsp;—&nbsp;点击屏幕左上方的“48MP”，打开4800万超清。&nbsp;</p><p>*如何设置全面屏模式？ 点击设置&nbsp;—&nbsp;点击全面屏&nbsp;—&nbsp;进入全面屏设置会出现两个选项，可以选择经典导航也可以选择全面屏手势。选择全面屏手势，可进行手势学习，使用全面屏模式进行操作&nbsp;</p><p>*是否支持OTG功能？ 支持。&nbsp;</p><p>*红米Note7出厂预装版本是Andriod&nbsp;9.0吗？ 该商品首批出厂操作系统：MIUI&nbsp;10&nbsp;(Andriod&nbsp;9.0)。&nbsp;</p><p>*有呼吸灯吗？是否支持NFC？&nbsp;是否支持收音机？ 有呼吸灯，不支持NFC，支持收音机。</p><p>*4800万模式是否支持AI场景识别，能否有快速切换方式介绍？ 4800万模式下不支持AI场景识别，普通相机模式下可支持AI识别。</p><p><span style=\"font-family: &quot;Source Sans Pro&quot;, -apple-system, BlinkMacSystemFont, &quot;Segoe UI&quot;, Roboto, &quot;Helvetica Neue&quot;, Arial, sans-serif, &quot;Apple Color Emoji&quot;, &quot;Segoe UI Emoji&quot;, &quot;Segoe UI Symbol&quot;; font-size: 1rem;\">*是否支持王者荣耀Vulkan&nbsp;模式？ 目前暂不支持王者荣耀Vulkan模式。 &nbsp;&nbsp;&nbsp;&nbsp;&nbsp;Redmi&nbsp;红米Note&nbsp;7&nbsp;常见问题</span></p>', 1199, 1099, 1000, '', 0, 0, '2019-09-18 13:38:32', 0, '2020-10-13 10:41:59');
INSERT INTO `tb_newbee_mall_goods_info` VALUES (10805, '【新品抢购】Redmi Note8Pro 6400万全场景四摄 液冷游戏芯', '4500mAh长续航 NFC 18W快充 红外遥控 6GB+64GB 贝母白 游戏智能手机 小米 红米', 0, '/s/54985ce7-1df6-442f-9a28-0ff0bab924bd.jpg', '/s/54985ce7-1df6-442f-9a28-0ff0bab924bd.jpg', '<p>商品介绍加载中...</p>', 1399, 1399, 1000, '', 0, 0, '2019-09-18 13:38:32', 0, '2020-10-13 10:41:59');
INSERT INTO `tb_newbee_mall_goods_info` VALUES (10806, '【新品抢购】Redmi Note8Pro 6400万全场景四摄 液冷游戏芯', '4500mAh长续航 NFC 18W快充 红外遥控 6GB+128GB 冰翡翠 游戏智能手机 小米 红米', 0, '/s/e3de1717-e373-4544-9f1e-057a91fd2595.jpg', '/s/e3de1717-e373-4544-9f1e-057a91fd2595.jpg', '<p>商品介绍加载中...</p>', 1599, 1599, 1000, '', 0, 0, '2019-09-18 13:38:32', 0, '2020-10-13 10:41:59');
INSERT INTO `tb_newbee_mall_goods_info` VALUES (10807, '【新品抢购】Redmi Note8Pro 6400万全场景四摄 液冷游戏芯', '4500mAh长续航 NFC 18W快充 红外遥控 6GB+64GB 电光灰 游戏智能手机 小米 红米', 0, '/s/a1552f03-58ab-4b05-91ec-7df52af18a66.jpg', '/s/a1552f03-58ab-4b05-91ec-7df52af18a66.jpg', '<p>商品介绍加载中...</p>', 1399, 1399, 1000, '', 0, 0, '2019-09-18 13:38:32', 0, '2020-10-13 10:41:59');
INSERT INTO `tb_newbee_mall_goods_info` VALUES (10808, 'Redmi Note7Pro 索尼4800万超清双摄 骁龙675', '18个月超长质保 4000mAh超长续航 6GB+128GB 亮黑色 游戏智能手机 小米 红米', 0, '/s/647470fa-85b1-4626-99d0-d5b7512c8f23.jpg', '/s/647470fa-85b1-4626-99d0-d5b7512c8f23.jpg', '<p>商品介绍加载中...</p>', 1399, 1399, 1000, '', 0, 0, '2019-09-18 13:38:32', 0, '2020-10-13 10:41:59');
INSERT INTO `tb_newbee_mall_goods_info` VALUES (10809, 'Redmi Note7pro 索尼4800万超清双摄 骁龙675', '18个月超长质保 4000mAh超长续航 6GB+128GB 镜花水月 游戏智能手机 小米 红米', 0, '/s/edb8a694-84a5-47da-9bae-30f7a69d2c63.jpg', '/s/edb8a694-84a5-47da-9bae-30f7a69d2c63.jpg', '<p>商品介绍加载中...</p>', 1399, 1399, 1000, '', 0, 0, '2019-09-18 13:38:32', 0, '2020-10-13 10:41:59');
INSERT INTO `tb_newbee_mall_goods_info` VALUES (10810, 'Redmi Note7Pro 索尼4800万超清双摄 骁龙675', '18个月超长质保 4000mAh超长续航 6GB+128GB 梦幻蓝 游戏智能手机 小米 红米', 0, '/s/c76edfa6-c16e-45b9-9119-46d300739112.jpg', '/s/c76edfa6-c16e-45b9-9119-46d300739112.jpg', '<p>商品介绍加载中...</p>', 1399, 1399, 1000, '', 0, 0, '2019-09-18 13:38:32', 0, '2020-10-13 10:41:59');
INSERT INTO `tb_newbee_mall_goods_info` VALUES (10811, 'Redmi Note7Pro 索尼4800万超清双摄 骁龙675', '18个月超长质保 4000mAh超长续航 6GB+128GB 暮光金 游戏智能手机 小米 红米', 0, '/s/bf0c2d17-3630-4709-af38-d7bd14a76f22.jpg', '/s/bf0c2d17-3630-4709-af38-d7bd14a76f22.jpg', '<p>商品介绍加载中...</p>', 1399, 1399, 1000, '', 0, 0, '2019-09-18 13:38:32', 0, '2020-10-13 10:41:59');
INSERT INTO `tb_newbee_mall_goods_info` VALUES (10812, 'Redmi 7A 4000mAh超长续航 AI人脸解锁', '骁龙8核 标配10W充电器 整机防泼溅 3GB+32GB 磨砂黑 游戏智能手机 小米 红米', 0, '/s/28c56015-cb20-44cb-86fb-246ad509e828.jpg', '/s/28c56015-cb20-44cb-86fb-246ad509e828.jpg', '<p>商品介绍加载中...</p>', 699, 599, 1000, '', 0, 0, '2019-09-18 13:38:32', 0, '2020-10-13 10:41:59');
INSERT INTO `tb_newbee_mall_goods_info` VALUES (10813, 'Redmi 7A 4000mAh超长续航 AI人脸解锁', '骁龙8核 标配10W充电器 整机防泼溅 3GB+32GB 晨曦蓝 游戏智能手机 小米 红米', 0, '/s/d845c984-f749-4f22-86a5-558677b1322c.jpg', '/s/d845c984-f749-4f22-86a5-558677b1322c.jpg', '<p>商品介绍加载中...</p>', 699, 599, 1000, '', 0, 0, '2019-09-18 13:38:32', 0, '2020-10-13 10:41:59');
INSERT INTO `tb_newbee_mall_goods_info` VALUES (10814, 'Redmi 7A 4000mAh超长续航 AI人脸解锁', '骁龙8核 标配10W充电器 整机防泼溅 3GB+32GB 雾光金 游戏智能手机 小米 红米', 0, '/s/56ac4c58-8742-40c8-b130-83b4d2925a8c.jpg', '/s/56ac4c58-8742-40c8-b130-83b4d2925a8c.jpg', '<p>商品介绍加载中...</p>', 599, 599, 1000, '', 0, 0, '2019-09-18 13:38:32', 0, '2020-10-13 10:41:59');
INSERT INTO `tb_newbee_mall_goods_info` VALUES (10815, 'Redmi 7 4000mAh超长续航 骁龙632', '1200万AI双摄 18个月超长质保 AI人脸解锁 3GB+32GB 亮黑色 游戏智能手机 小米 红米', 0, '/s/0647d1b4-d19a-4424-b6ac-68344addacb4.jpg', '/s/0647d1b4-d19a-4424-b6ac-68344addacb4.jpg', '<p>商品介绍加载中...</p>', 699, 699, 1000, '', 0, 0, '2019-09-18 13:38:32', 0, '2020-10-13 10:41:59');
INSERT INTO `tb_newbee_mall_goods_info` VALUES (10816, 'Redmi 7 4000mAh超长续航 骁龙632', '1200万AI双摄 18个月超长质保 AI人脸解锁 3GB+32GB 魅夜红 游戏智能手机 小米 红米', 0, '/s/711c54f0-f9d0-472e-b61b-94e25c628599.jpg', '/s/711c54f0-f9d0-472e-b61b-94e25c628599.jpg', '<p>商品介绍加载中...</p>', 699, 699, 1000, '', 0, 0, '2019-09-18 13:38:32', 0, '2020-10-13 10:41:59');
INSERT INTO `tb_newbee_mall_goods_info` VALUES (10817, 'Redmi 7 4000mAh超长续航 骁龙632', '1200万AI双摄 18个月超长质保 AI人脸解锁 3GB+32GB 梦幻蓝 游戏智能手机 小米 红米', 0, '/s/c8c97b68-3ba6-4f97-8940-d04c9e7c7302.jpg', '/s/c8c97b68-3ba6-4f97-8940-d04c9e7c7302.jpg', '<p>商品介绍加载中...</p>', 699, 699, 1000, '', 0, 0, '2019-09-18 13:38:32', 0, '2020-10-13 10:41:59');
INSERT INTO `tb_newbee_mall_goods_info` VALUES (10818, '小米MIX2S 骁龙845 AI感光双摄 四曲面陶瓷全面屏', '白色 多功能 NFC 6GB+128GB 游戏智能拍照手机', 51, '/s/d423bb5c-60c8-4b66-bd72-3490b5d6461b.jpg', '/s/d423bb5c-60c8-4b66-bd72-3490b5d6461b.jpg', '<p>商品介绍加载中...</p>', 2099, 1799, 1000, '', 0, 0, '2019-09-18 13:38:32', 0, '2020-10-13 10:41:59');
INSERT INTO `tb_newbee_mall_goods_info` VALUES (10819, '小米MIX2S 骁龙845 AI感光双摄 四曲面陶瓷全面屏', '黑色 多功能 NFC 6GB+128GB 游戏智能拍照手机', 51, '/s/9a554cae-5bec-4964-992f-e2f4de192e2c.jpg', '/s/9a554cae-5bec-4964-992f-e2f4de192e2c.jpg', '<p>商品介绍加载中...</p>', 2099, 1799, 1000, '', 0, 0, '2019-09-18 13:38:32', 0, '2020-10-13 10:41:59');
INSERT INTO `tb_newbee_mall_goods_info` VALUES (10820, '小米9 4800万超广角三摄 6GB+128GB全息幻彩蓝 骁龙855', '全网通4G 双卡双待 水滴全面屏拍照智能游戏手机', 51, '/s/55a6dc67-1ed9-421a-9782-acdfa9c123e1.jpg', '/s/55a6dc67-1ed9-421a-9782-acdfa9c123e1.jpg', '<p>商品介绍加载中...</p>', 2799, 2599, 1000, '', 0, 0, '2019-09-18 13:38:32', 0, '2020-10-13 10:41:59');
INSERT INTO `tb_newbee_mall_goods_info` VALUES (10821, '小米9 4800万超广角三摄 8GB+256GB 透明版', '骁龙855 全网通4G 双卡双待 水滴全面屏拍照智能游戏手机', 51, '/s/54249648-d37b-4b22-80dc-243e58ed56a1.jpg', '/s/54249648-d37b-4b22-80dc-243e58ed56a1.jpg', '<p>商品介绍加载中...</p>', 3699, 3699, 1000, '', 0, 0, '2019-09-18 13:38:32', 0, '2020-10-13 10:41:59');
INSERT INTO `tb_newbee_mall_goods_info` VALUES (10822, '小米9 4800万超广角三摄 8GB+128GB 深空灰', '骁龙855 全网通4G 双卡双待 水滴全面屏拍照智能游戏手机', 51, '/s/e8087861-89fd-43af-b64d-290864b0fe35.jpg', '/s/e8087861-89fd-43af-b64d-290864b0fe35.jpg', '<p>商品介绍加载中...</p>', 2999, 2799, 1000, '', 0, 0, '2019-09-18 13:38:32', 0, '2020-10-13 10:41:59');
INSERT INTO `tb_newbee_mall_goods_info` VALUES (10823, '小米9 4800万超广角三摄 8GB+128GB 全息幻彩紫', '骁龙855 全网通4G 双卡双待 水滴全面屏拍照智能游戏手机', 51, '/s/7a406989-061b-4f69-baa1-6fa499aa091d.jpg', '/s/7a406989-061b-4f69-baa1-6fa499aa091d.jpg', '<p>商品介绍加载中...</p>', 2999, 2799, 1000, '', 0, 0, '2019-09-18 13:38:32', 0, '2020-10-13 10:41:59');
INSERT INTO `tb_newbee_mall_goods_info` VALUES (10824, '小米CC9e 索尼4800万旗舰相机 3200万美颜自拍 4030mAh', '屏幕指纹 白色恋人 6GB+64GB 游戏智能拍照手机', 51, '/s/8fc9776e-9393-421d-998c-e516b3877dba.jpg', '/s/8fc9776e-9393-421d-998c-e516b3877dba.jpg', '<p>商品介绍加载中...</p>', 1399, 1299, 1000, '', 0, 0, '2019-09-18 13:38:32', 0, '2020-10-13 10:41:59');
INSERT INTO `tb_newbee_mall_goods_info` VALUES (10825, '小米CC9e 索尼4800万旗舰相机 3200万美颜自拍 4030mAh', '屏幕指纹 暗夜王子 6GB+64GB 游戏智能拍照手机', 51, '/s/033685d7-bf11-4389-9e52-ef5a51182306.jpg', '/s/033685d7-bf11-4389-9e52-ef5a51182306.jpg', '<p>商品介绍加载中...</p>', 1399, 1299, 1000, '', 0, 0, '2019-09-18 13:38:32', 0, '2020-10-13 10:41:59');
INSERT INTO `tb_newbee_mall_goods_info` VALUES (10826, '小米CC9e 索尼4800万旗舰相机 3200万美颜自拍 4030mAh', '屏幕指纹 深蓝星球 6GB+64GB 游戏智能拍照手机', 51, '/s/e8dba692-7fda-4f42-b0ee-6f51ca7dc77d.jpg', '/s/e8dba692-7fda-4f42-b0ee-6f51ca7dc77d.jpg', '<p>商品介绍加载中...</p>', 1399, 1299, 1000, '', 0, 0, '2019-09-18 13:38:32', 0, '2020-10-13 10:41:59');
INSERT INTO `tb_newbee_mall_goods_info` VALUES (10827, '小米CC9 3200万美颜自拍 索尼4800万超清三摄 多功能NFC', '4030mAh 深蓝星球 6GB+64GB 游戏智能拍照手机', 51, '/s/387afca1-a14a-4ab8-9d99-120b7095029c.jpg', '/s/387afca1-a14a-4ab8-9d99-120b7095029c.jpg', '<p>商品介绍加载中...</p>', 1799, 1799, 1000, '', 0, 0, '2019-09-18 13:38:32', 0, '2020-10-13 10:41:59');
INSERT INTO `tb_newbee_mall_goods_info` VALUES (10828, '小米CC9 3200万美颜自拍 索尼4800万超清三摄 多功能NFC', '4030mAh 白色恋人 6GB+64GB 游戏智能拍照手机', 51, '/s/f96f376e-8341-4bad-ad2a-b3f12486958a.jpg', '/s/f96f376e-8341-4bad-ad2a-b3f12486958a.jpg', '<p>商品介绍加载中...</p>', 1799, 1799, 1000, '', 0, 0, '2019-09-18 13:38:32', 0, '2020-10-13 10:41:59');
INSERT INTO `tb_newbee_mall_goods_info` VALUES (10829, '小米CC9 3200万美颜自拍 索尼4800万超清三摄 多功能NFC', '4030mAh 暗夜王子 6GB+128GB 游戏智能拍照手机', 51, '/s/4c148e8e-7e26-4c74-a3d3-f5f37ae9248d.jpg', '/s/4c148e8e-7e26-4c74-a3d3-f5f37ae9248d.jpg', '<p>商品介绍加载中...</p>', 1999, 1999, 1000, '', 0, 0, '2019-09-18 13:38:32', 0, '2020-10-13 10:41:59');
INSERT INTO `tb_newbee_mall_goods_info` VALUES (10830, '小米CC9美图定制版 索尼4800万AI三摄 3200万美颜自拍 全身美型', '多功能NFC 8GB+256GB 游戏智能拍照手机', 51, '/s/92482741-3637-4cd3-91ff-cc5aeb0d3316.jpg', '/s/92482741-3637-4cd3-91ff-cc5aeb0d3316.jpg', '<p>商品介绍加载中...</p>', 2599, 2599, 1000, '', 0, 0, '2019-09-18 13:38:32', 0, '2020-10-13 10:41:59');
INSERT INTO `tb_newbee_mall_goods_info` VALUES (10831, '小米Play 流光渐变AI双摄 6GB+128GB 梦幻蓝', '移动4G+ 双卡双待 小水滴全面屏拍照游戏智能手机', 51, '/s/f0b19f6c-6a8b-4128-8e5d-2e4953331c46.jpg', '/s/f0b19f6c-6a8b-4128-8e5d-2e4953331c46.jpg', '<p>商品介绍加载中...</p>', 999, 999, 1000, '', 0, 0, '2019-09-18 13:38:32', 0, '2020-10-13 10:41:59');
INSERT INTO `tb_newbee_mall_goods_info` VALUES (10832, '小米Play 流光渐变AI双摄 6GB+128GB 黑色', '移动4G+ 双卡双待 小水滴全面屏拍照游戏智能手机', 51, '/s/e39da33d-1b55-4e97-b8e6-824ac2cd1062.jpg', '/s/e39da33d-1b55-4e97-b8e6-824ac2cd1062.jpg', '<p>商品介绍加载中...</p>', 999, 999, 1000, '', 0, 0, '2019-09-18 13:38:32', 0, '2020-10-13 10:41:59');
INSERT INTO `tb_newbee_mall_goods_info` VALUES (10833, '小米Play 流光渐变AI双摄 6GB+64GB 暮光金', '全网通4G 双卡双待 小水滴全面屏拍照游戏智能手机', 51, '/s/2a93185a-8d3b-4908-af8c-c17db78e2fb0.jpg', '/s/2a93185a-8d3b-4908-af8c-c17db78e2fb0.jpg', '<p>商品介绍加载中...</p>', 899, 899, 1000, '', 0, 0, '2019-09-18 13:38:32', 0, '2020-10-13 10:41:59');
INSERT INTO `tb_newbee_mall_goods_info` VALUES (10834, '小米9SE 骁龙712 索尼4800万超广角三摄 5.97英寸舒适握感', '全息幻彩蓝 8GB+128GB 游戏智能拍照手机', 51, '/s/b28f3eac-0091-442f-90f3-68914bf947c7.jpg', '/s/b28f3eac-0091-442f-90f3-68914bf947c7.jpg', '<p>商品介绍加载中...</p>', 2099, 1899, 1000, '', 0, 0, '2019-09-18 13:38:32', 0, '2020-10-13 10:41:59');
INSERT INTO `tb_newbee_mall_goods_info` VALUES (10835, '小米9 SE 4800万超广角三摄 骁龙712', '水滴全面屏 游戏智能拍照手机 6GB+64GB 深空灰 全网通4G 双卡双待', 51, '/s/ef8370c4-ed8e-497f-9e10-185de4d01fe9.jpg', '/s/ef8370c4-ed8e-497f-9e10-185de4d01fe9.jpg', '<p>商品介绍加载中...</p>', 1799, 1599, 1000, '', 0, 0, '2019-09-18 13:38:32', 0, '2020-10-13 10:41:59');
INSERT INTO `tb_newbee_mall_goods_info` VALUES (10836, '小米9SE 骁龙712 索尼4800万超广角三摄 5.97英寸舒适握感', '全息幻彩紫 8GB+128GB 游戏智能拍照手机', 51, '/s/f436d00b-2253-4dcc-8b4a-d82e99af275a.jpg', '/s/f436d00b-2253-4dcc-8b4a-d82e99af275a.jpg', '<p>商品介绍加载中...</p>', 2099, 1999, 1000, '', 0, 0, '2019-09-18 13:38:32', 0, '2020-10-13 10:41:59');
INSERT INTO `tb_newbee_mall_goods_info` VALUES (10837, '小米MIX3 骁龙845AIE AI 双摄', '磁动力滑盖全面屏 三星 AMOLED屏幕 黑色 8GB+128GB 游戏智能拍照手机', 51, '/s/3bfc7c72-b56a-4088-8acf-e01e830ce72a.jpg', '/s/3bfc7c72-b56a-4088-8acf-e01e830ce72a.jpg', '<p>商品介绍加载中...</p>', 2599, 2599, 1000, '', 0, 0, '2019-09-18 13:38:32', 0, '2020-10-13 10:41:59');
INSERT INTO `tb_newbee_mall_goods_info` VALUES (10838, 'Redmi K20 索尼4800万超广角三摄 AMOLED弹出式全面屏', '第七代屏下指纹 6GB+128GB 冰川蓝 游戏智能手机 小米 红米', 0, '/s/ed860c53-955b-4cfd-b605-a8b4bb959e2f.jpg', '/s/ed860c53-955b-4cfd-b605-a8b4bb959e2f.jpg', '<p>商品介绍加载中...</p>', 1999, 1799, 1000, '', 0, 0, '2019-09-18 13:38:32', 0, '2020-10-13 10:41:59');
INSERT INTO `tb_newbee_mall_goods_info` VALUES (10839, 'Redmi K20 索尼4800万超广角三摄 AMOLED弹出式全面屏', '第七代屏下指纹 6GB+128GB 火焰红 游戏智能手机 小米 红米', 0, '/s/8e64ea39-5477-482c-a200-2c12fdeff004.jpg', '/s/8e64ea39-5477-482c-a200-2c12fdeff004.jpg', '<p>商品介绍加载中...</p>', 1999, 1799, 1000, '', 0, 0, '2019-09-18 13:38:32', 0, '2020-10-13 10:41:59');
INSERT INTO `tb_newbee_mall_goods_info` VALUES (10840, 'Redmi K20 索尼4800万超广角三摄 AMOLED弹出式全面屏', '第七代屏下指纹 6GB+128GB 碳纤黑 游戏智能手机 小米 红米', 0, '/s/38a69084-0bc4-479e-a5ba-aed135dee974.jpg', '/s/38a69084-0bc4-479e-a5ba-aed135dee974.jpg', '<p>商品介绍加载中...</p>', 1999, 1799, 1000, '', 0, 0, '2019-09-18 13:38:32', 0, '2020-10-13 10:41:59');
INSERT INTO `tb_newbee_mall_goods_info` VALUES (10841, '红米6A 1300万高清相机 AI人脸解锁 12nm高性能处理器', '3GB+32GB 流沙金 游戏智能手机 小米', 0, '/s/6c77e8f9-11d8-42c3-925e-4396d0d3709f.jpg', '/s/6c77e8f9-11d8-42c3-925e-4396d0d3709f.jpg', '<p>商品介绍加载中...</p>', 649, 599, 1000, '', 0, 0, '2019-09-18 13:38:32', 0, '2020-10-13 10:41:59');
INSERT INTO `tb_newbee_mall_goods_info` VALUES (10842, '红米6A 1300万高清相机 AI人脸解锁 12nm高性能处理器', '3GB+32GB 铂银灰 游戏智能手机 小米', 0, '/s/17b2eb9f-7289-45f8-b26a-114ec29ceb3c.jpg', '/s/17b2eb9f-7289-45f8-b26a-114ec29ceb3c.jpg', '<p>商品介绍加载中...</p>', 649, 599, 1000, '', 0, 0, '2019-09-18 13:38:32', 0, '2020-10-13 10:41:59');
INSERT INTO `tb_newbee_mall_goods_info` VALUES (10843, '小米 红米6A 全网通版 2GB内存', '樱花粉 16GB 移动联通电信4G手机 双卡双待', 51, '/s/1ba819c2-dc89-41d9-86a9-4649418972da.jpg', '/s/1ba819c2-dc89-41d9-86a9-4649418972da.jpg', '<p>商品介绍加载中...</p>', 549, 549, 1000, '', 0, 0, '2019-09-18 13:38:32', 0, '2020-10-13 10:41:59');
INSERT INTO `tb_newbee_mall_goods_info` VALUES (10844, '红米6A 1300万高清相机 AI人脸解锁 12nm高性能处理器', '3GB+32GB 巴厘蓝 游戏智能手机 小米', 0, '/s/1ef84d7e-d804-4064-9140-a53607aa8df2.jpg', '/s/1ef84d7e-d804-4064-9140-a53607aa8df2.jpg', '<p>商品介绍加载中...</p>', 649, 599, 1000, '', 0, 0, '2019-09-18 13:38:32', 0, '2020-10-13 10:41:59');
INSERT INTO `tb_newbee_mall_goods_info` VALUES (10845, '小米Max3 5500mAh充电宝级电量 AI双摄 全金属机身', '骁龙八核处理器 蓝色 6GB+128GB 游戏智能拍照手机', 51, '/s/b6c3eea7-9d34-4ac0-ba66-2fde6f26253b.jpg', '/s/b6c3eea7-9d34-4ac0-ba66-2fde6f26253b.jpg', '<p>商品介绍加载中...</p>', 1599, 1499, 1000, '', 0, 0, '2019-09-18 13:38:32', 0, '2020-10-13 10:41:59');
INSERT INTO `tb_newbee_mall_goods_info` VALUES (10846, '小米Max3 5500mAh充电宝级电量 AI双摄 全金属机身', '骁龙八核处理器 黑色 6GB+128GB 游戏智能拍照手机', 51, '/s/30574476-f5bc-4f3c-80f6-4da22ea48f48.jpg', '/s/30574476-f5bc-4f3c-80f6-4da22ea48f48.jpg', '<p>商品介绍加载中...</p>', 1599, 1499, 1000, '', 0, 0, '2019-09-18 13:38:32', 0, '2020-10-13 10:41:59');
INSERT INTO `tb_newbee_mall_goods_info` VALUES (10847, '小米Max3 5500mAh充电宝级电量 AI双摄 全金属机身', '骁龙八核处理器 金色 6GB+128GB 游戏智能拍照手机', 51, '/s/114e92f8-bf78-481e-8d8a-9936d026d9d4.jpg', '/s/114e92f8-bf78-481e-8d8a-9936d026d9d4.jpg', '<p>商品介绍加载中...</p>', 1599, 1499, 1000, '', 0, 0, '2019-09-18 13:38:32', 0, '2020-10-13 10:41:59');
INSERT INTO `tb_newbee_mall_goods_info` VALUES (10848, 'Redmi Note8 4800万全场景四摄 4000mAh长续航', '高通骁龙665 18W快充 小金刚品质保证 4GB+64GB 梦幻蓝 游戏智能手机 小米 红米', 0, '/s/8d3ebf2d-8da7-478c-bd6c-e7a869fdde97.jpg', '/s/8d3ebf2d-8da7-478c-bd6c-e7a869fdde97.jpg', '<p>商品介绍加载中...</p>', 999, 999, 1000, '', 0, 0, '2019-09-18 13:38:32', 0, '2020-10-13 10:41:59');
INSERT INTO `tb_newbee_mall_goods_info` VALUES (10849, 'Redmi Note8 4800万全场景四摄 4000mAh长续航', '高通骁龙665 18W快充 小金刚品质保证 4GB+64GB 皓月白 游戏智能手机 小米 红米', 0, '/s/b4ff98bc-ad00-48f7-ac64-0d52780d4c48.jpg', '/s/b4ff98bc-ad00-48f7-ac64-0d52780d4c48.jpg', '<p>商品介绍加载中...</p>', 999, 999, 1000, '', 0, 0, '2019-09-18 13:38:32', 0, '2020-10-13 10:41:59');
INSERT INTO `tb_newbee_mall_goods_info` VALUES (10850, 'Redmi Note8 4800万全场景四摄 4000mAh长续航', '高通骁龙665 18W快充 小金刚品质保证 4GB+64GB 曜石黑 游戏智能手机 小米 红米', 0, '/s/b82cc8fd-075b-44d3-b211-8ea633fe2ffe.jpg', '/s/b82cc8fd-075b-44d3-b211-8ea633fe2ffe.jpg', '<p>商品介绍加载中...</p>', 999, 999, 1000, '', 0, 0, '2019-09-18 13:38:32', 0, '2020-10-13 10:41:59');
INSERT INTO `tb_newbee_mall_goods_info` VALUES (10851, '小米（MI） 小米8青春版 手机 深空灰', '全网通 6G+128G', 51, '/s/52425573-6311-4877-bad8-1c04bf01e9d3.jpg', '/s/52425573-6311-4877-bad8-1c04bf01e9d3.jpg', '<p>商品介绍加载中...</p>', 1599, 1168, 1000, '', 0, 0, '2019-09-18 13:38:32', 0, '2020-10-13 10:41:59');
INSERT INTO `tb_newbee_mall_goods_info` VALUES (10852, '小米（MI） 小米8青春版 手机 梦幻蓝', '全网通 4G+128G', 51, '/s/8c1c9fb2-26aa-4fa0-b9ce-cf278d827fa6.jpg', '/s/8c1c9fb2-26aa-4fa0-b9ce-cf278d827fa6.jpg', '<p>商品介绍加载中...</p>', 1599, 1599, 1000, '', 0, 0, '2019-09-18 13:38:32', 0, '2020-10-13 10:41:59');
INSERT INTO `tb_newbee_mall_goods_info` VALUES (10853, '小米（MI） 小米8青春版 手机 暮光金', '全网通 6G+64G', 51, '/s/bd94d7e0-f56f-4b7f-8653-b8a4e267bd15.jpg', '/s/bd94d7e0-f56f-4b7f-8653-b8a4e267bd15.jpg', '<p>商品介绍加载中...</p>', 1299, 1068, 1000, '', 0, 0, '2019-09-18 13:38:32', 0, '2020-10-13 10:41:59');
INSERT INTO `tb_newbee_mall_goods_info` VALUES (10854, '小米 红米Note8 pro 手机【6400万四摄', '液冷游戏芯】 冰翡翠 全网通6+128', 51, '/s/42913aa4-4a49-4121-9c80-3434c12d0ac9.jpg', '/s/42913aa4-4a49-4121-9c80-3434c12d0ac9.jpg', '<p>商品介绍加载中...</p>', 1799, 1599, 1000, '', 0, 0, '2019-09-18 13:38:32', 0, '2020-10-13 10:41:59');
INSERT INTO `tb_newbee_mall_goods_info` VALUES (10855, '小米 红米Note8 pro 手机【6400万四摄', '液冷游戏芯】 贝母白 全网通6+128', 51, '/s/777ebd38-965d-4c77-970e-f1e25022255f.jpg', '/s/777ebd38-965d-4c77-970e-f1e25022255f.jpg', '<p>商品介绍加载中...</p>', 1799, 1599, 1000, '', 0, 0, '2019-09-18 13:38:32', 0, '2020-10-13 10:41:59');
INSERT INTO `tb_newbee_mall_goods_info` VALUES (10856, '小米 红米Note8 pro 手机【6400万四摄', '液冷游戏芯】 电光灰 全网通6+128', 51, '/s/db21f41b-34ac-4bc7-a50f-1f812b1522d1.jpg', '/s/db21f41b-34ac-4bc7-a50f-1f812b1522d1.jpg', '<p>商品介绍加载中...</p>', 1799, 1599, 1000, '', 0, 0, '2019-09-18 13:38:32', 0, '2020-10-13 10:41:59');
INSERT INTO `tb_newbee_mall_goods_info` VALUES (10857, '小米（MI） 小米8 游戏手机 黑', '6GB+64GB', 51, '/s/63588dfb-f85f-41a2-8198-c7ae66aa0261.png', '/s/63588dfb-f85f-41a2-8198-c7ae66aa0261.png', '<p>商品介绍加载中...</p>', 1698, 1568, 1000, '', 0, 0, '2019-09-18 13:38:32', 0, '2020-10-13 10:41:59');
INSERT INTO `tb_newbee_mall_goods_info` VALUES (10858, '小米（MI） 小米8 游戏手机 白', '6GB+64GB', 51, '/s/d55d6e4a-99e7-4a3d-86a4-9b3899a63b42.png', '/s/d55d6e4a-99e7-4a3d-86a4-9b3899a63b42.png', '<p>商品介绍加载中...</p>', 1698, 1568, 1000, '', 0, 0, '2019-09-18 13:38:32', 0, '2020-10-13 10:41:59');
INSERT INTO `tb_newbee_mall_goods_info` VALUES (10859, '小米（MI） 小米8 游戏手机 蓝', '8GB+128GB', 51, '/s/5a2a90aa-fe2c-4bb0-8d8d-1ac1613f453a.png', '/s/5a2a90aa-fe2c-4bb0-8d8d-1ac1613f453a.png', '<p>商品介绍加载中...</p>', 1998, 1868, 1000, '', 0, 0, '2019-09-18 13:38:32', 0, '2020-10-13 10:41:59');
INSERT INTO `tb_newbee_mall_goods_info` VALUES (10860, '小米（MI） 小米8 游戏手机 金', '6GB+128GB', 51, '/s/c1cdb555-f605-4226-906a-022483612319.png', '/s/c1cdb555-f605-4226-906a-022483612319.png', '<p>商品介绍加载中...</p>', 1898, 1838, 1000, '', 1, 0, '2019-09-18 13:38:32', 0, '2021-01-24 07:01:40');
INSERT INTO `tb_newbee_mall_goods_info` VALUES (10861, '小米（MI） 小米8青春版 手机 深空灰', '全网通(6G+128G)', 51, '/s/fafda3af-7741-47f2-936e-c0d9030fbf5b.png', '/s/fafda3af-7741-47f2-936e-c0d9030fbf5b.png', '<p>商品介绍加载中...</p>', 1188, 1188, 1000, '', 1, 0, '2019-09-18 13:38:32', 0, '2021-01-24 07:01:40');
INSERT INTO `tb_newbee_mall_goods_info` VALUES (10862, '小米（MI） 小米8青春版 手机 梦幻蓝', '全网通(6G+64G)', 51, '/s/ef5ac8cb-5d4e-4dc6-bece-27c9ff5a2e1c.png', '/s/ef5ac8cb-5d4e-4dc6-bece-27c9ff5a2e1c.png', '<p>商品介绍加载中...</p>', 1388, 1388, 1000, '', 1, 0, '2019-09-18 13:38:32', 0, '2021-01-24 07:01:40');
INSERT INTO `tb_newbee_mall_goods_info` VALUES (10863, '小米（MI） 小米8青春版 手机 暮光金', '全网通(6G+128G)', 51, '/s/d8b30b9f-faa4-4a0d-84bc-53b9c4745977.png', '/s/d8b30b9f-faa4-4a0d-84bc-53b9c4745977.png', '<p>商品介绍加载中...</p>', 1578, 1578, 1000, '', 1, 0, '2019-09-18 13:38:32', 0, '2021-01-24 07:01:40');
INSERT INTO `tb_newbee_mall_goods_info` VALUES (10864, '小米 红米Redmi 7 全网通4G', '双卡双待 幻彩渐变AI双摄 水滴全面屏拍照游戏智能手机 梦幻蓝 4GB+64GB', 51, '/s/18ce5224-c98d-4a9c-a024-5ac5b6f9a2d7.jpg', '/s/18ce5224-c98d-4a9c-a024-5ac5b6f9a2d7.jpg', '<p>商品介绍加载中...</p>', 1200, 808, 1000, '', 1, 0, '2019-09-18 13:38:32', 0, '2021-01-24 07:01:40');
INSERT INTO `tb_newbee_mall_goods_info` VALUES (10865, '小米 红米Redmi 7 全网通4G', '双卡双待 幻彩渐变AI双摄 水滴全面屏拍照游戏智能手机 亮黑色 4GB+64GB', 51, '/s/f7a9a98d-9e3f-4443-b8a7-5612bcd7c1d0.jpg', '/s/f7a9a98d-9e3f-4443-b8a7-5612bcd7c1d0.jpg', '<p>商品介绍加载中...</p>', 1200, 818, 1000, '', 1, 0, '2019-09-18 13:38:32', 0, '2021-01-24 07:01:40');
INSERT INTO `tb_newbee_mall_goods_info` VALUES (10866, '小米 红米Redmi 7 全网通4G', '双卡双待 幻彩渐变AI双摄 水滴全面屏拍照游戏智能手机 魅夜红 4GB+64GB', 51, '/s/02523f49-742b-4c45-b59b-f550fe5a60ae.jpg', '/s/02523f49-742b-4c45-b59b-f550fe5a60ae.jpg', '<p>商品介绍加载中...</p>', 1200, 818, 1000, '', 1, 0, '2019-09-18 13:38:32', 0, '2021-01-24 07:01:40');
INSERT INTO `tb_newbee_mall_goods_info` VALUES (10867, '小米 小米8屏幕指纹版 手机 黑色', '全网通(6G + 128G )', 51, '/s/35b9c185-2ca6-4052-af40-2abd2157f200.png', '/s/35b9c185-2ca6-4052-af40-2abd2157f200.png', '产品信息Product Information', 2099, 1808, 1000, '', 1, 0, '2019-09-18 13:38:32', 0, '2021-01-24 07:01:40');
INSERT INTO `tb_newbee_mall_goods_info` VALUES (10868, '小米 小米8屏幕指纹版 手机 透明版', '全网通(8G + 128G)', 51, '/s/fcd1faf9-10b5-4318-b92b-36105be8752f.png', '/s/fcd1faf9-10b5-4318-b92b-36105be8752f.png', '产品信息Product Information', 2499, 2028, 1000, '', 1, 0, '2019-09-18 13:38:32', 0, '2021-01-24 07:01:40');
INSERT INTO `tb_newbee_mall_goods_info` VALUES (10869, '小米 小米8屏幕指纹版 手机 暮光金', '全网通(6G + 128G )', 51, '/s/e9818435-c510-4042-91e1-734a818a2577.png', '/s/e9818435-c510-4042-91e1-734a818a2577.png', '产品信息Product Information', 2099, 2099, 1000, '', 1, 0, '2019-09-18 13:38:32', 0, '2021-01-24 07:01:40');
INSERT INTO `tb_newbee_mall_goods_info` VALUES (10870, '小米 红米6 全网通版 3GB内存', '流沙金 32GB 移动联通电信4G手机 双卡双待', 51, '/s/515706fb-a5f8-4d72-a08e-7523cf4ea113.jpg', '/s/515706fb-a5f8-4d72-a08e-7523cf4ea113.jpg', '<p>商品介绍加载中...</p>', 699, 699, 1000, '', 1, 0, '2019-09-18 13:38:32', 0, '2021-01-24 07:01:40');
INSERT INTO `tb_newbee_mall_goods_info` VALUES (10871, '小米 红米6 3GB+32GB 铂银灰', '全网通4G手机 双卡双待 老人机 智能拍照手机', 51, '/s/bcec0048-e992-4e57-9aaf-ddbd9fe852ce.jpg', '/s/bcec0048-e992-4e57-9aaf-ddbd9fe852ce.jpg', '<p>商品介绍加载中...</p>', 699, 699, 1000, '', 1, 0, '2019-09-18 13:38:32', 0, '2021-01-24 07:01:40');
INSERT INTO `tb_newbee_mall_goods_info` VALUES (10872, '小米（MI） 小米8屏幕指纹版 全面屏游戏手机 曜石黑（屏幕指纹版）', '6G+128G', 51, '/s/e1c2b06f-fd06-4242-acb7-9ebd7179181b.png', '/s/e1c2b06f-fd06-4242-acb7-9ebd7179181b.png', '<p>商品介绍加载中...</p>', 2199, 1818, 1000, '', 1, 0, '2019-09-18 13:38:32', 0, '2021-01-24 07:01:40');
INSERT INTO `tb_newbee_mall_goods_info` VALUES (10873, '小米（MI） 小米8屏幕指纹版 全面屏游戏手机 透明版(屏幕指纹版)', '8G+128G', 51, '/s/314274fc-1ee0-474d-bbb5-b9c70a8a9573.png', '/s/314274fc-1ee0-474d-bbb5-b9c70a8a9573.png', '<p>商品介绍加载中...</p>', 2599, 2018, 1000, '', 1, 0, '2019-09-18 13:38:32', 0, '2021-01-24 07:01:40');
INSERT INTO `tb_newbee_mall_goods_info` VALUES (10874, '小米（MI） 小米8屏幕指纹版 全面屏游戏手机 暮光金(屏幕指纹版)', '8G+128G', 51, '/s/c2905bd8-bd68-4672-bada-b8a202a9327e.png', '/s/c2905bd8-bd68-4672-bada-b8a202a9327e.png', '<p>商品介绍加载中...</p>', 2599, 2058, 1000, '', 1, 0, '2019-09-18 13:38:32', 0, '2021-01-24 07:01:40');
INSERT INTO `tb_newbee_mall_goods_info` VALUES (10875, '小米8 游戏手机 全面屏 黑色', '全网通(6G+64G)', 51, '/s/5afd1749-a3bc-41c2-90b2-928ede8aedda.jpg', '/s/5afd1749-a3bc-41c2-90b2-928ede8aedda.jpg', '<p>商品介绍加载中...</p>', 1799, 1558, 1000, '', 1, 0, '2019-09-18 13:38:32', 0, '2021-01-24 07:01:40');
INSERT INTO `tb_newbee_mall_goods_info` VALUES (10876, '小米8 游戏手机 全面屏 白色', '全网通(6G+64G)', 51, '/s/a96dd5bc-2d74-4d57-9336-45a8ac09a363.jpg', '/s/a96dd5bc-2d74-4d57-9336-45a8ac09a363.jpg', '<p>商品介绍加载中...</p>', 1799, 1550, 1000, '', 1, 0, '2019-09-18 13:38:32', 0, '2021-01-24 07:01:40');
INSERT INTO `tb_newbee_mall_goods_info` VALUES (10877, '小米8 游戏手机 全面屏 白色', '全网通(6G+128G)', 51, '/s/25e44283-a440-4e64-bb27-1887370c3d2e.jpg', '/s/25e44283-a440-4e64-bb27-1887370c3d2e.jpg', '<p>商品介绍加载中...</p>', 1999, 1798, 1000, '', 1, 0, '2019-09-18 13:38:32', 0, '2021-01-24 07:01:40');
INSERT INTO `tb_newbee_mall_goods_info` VALUES (10878, '小米8 游戏手机 全面屏 金色', '全网通(6G+128G)', 51, '/s/6b5e5711-8ae6-4f66-bd22-30c9be85d3c6.jpg', '/s/6b5e5711-8ae6-4f66-bd22-30c9be85d3c6.jpg', '<p>商品介绍加载中...</p>', 1999, 1849, 1000, '', 1, 0, '2019-09-18 13:38:32', 0, '2021-01-24 07:01:40');
INSERT INTO `tb_newbee_mall_goods_info` VALUES (10879, '小米8 游戏手机 全面屏 黑色', '全网通(6G+128G)', 51, '/s/040a3aa6-1699-4eca-ac67-5021cc419979.jpg', '/s/040a3aa6-1699-4eca-ac67-5021cc419979.jpg', '<p>商品介绍加载中...</p>', 1999, 1849, 1000, '', 1, 0, '2019-09-18 13:38:32', 0, '2021-01-24 07:01:40');
INSERT INTO `tb_newbee_mall_goods_info` VALUES (10880, '小米8 游戏手机 全面屏 金色', '全网通(6G+64G)', 51, '/s/47c28778-88a4-42fd-bb4d-c93fe8df36b5.jpg', '/s/47c28778-88a4-42fd-bb4d-c93fe8df36b5.jpg', '<p>商品介绍加载中...</p>', 1799, 1598, 1000, '', 0, 0, '2019-09-18 13:38:32', 0, '2021-01-24 07:01:59');
INSERT INTO `tb_newbee_mall_goods_info` VALUES (10881, '小米8 游戏手机 全面屏 屏幕指纹版', '暮光金 全网通(8G+128G)', 51, 'http://localhost:28089/admin/dist/img/no-img.png', 'http://localhost:28089/admin/dist/img/no-img.png', '<p>商品介绍加载中...</p>', 3799, 2199, 1000, '1', 0, 0, '2019-09-18 13:38:32', 0, '2021-01-24 07:01:59');
INSERT INTO `tb_newbee_mall_goods_info` VALUES (10882, '小米8 游戏手机 全面屏 蓝色', '全网通(6G+64G)', 51, '/admin/dist/img/no-img.png', '/admin/dist/img/no-img.png', '<p>商品介绍加载中...</p>', 1799, 1598, 1000, '', 0, 0, '2019-09-18 13:38:32', 0, '2021-01-24 07:01:59');
INSERT INTO `tb_newbee_mall_goods_info` VALUES (10883, '小米8 游戏手机 全面屏 金色', '全网通(6G+256G)', 51, '/admin/dist/img/no-img.png', '/admin/dist/img/no-img.png', '<p>商品介绍加载中...</p>', 3199, 2158, 1000, '新品', 0, 0, '2019-09-18 13:38:32', 0, '2021-01-24 07:01:59');
INSERT INTO `tb_newbee_mall_goods_info` VALUES (10884, '小米8 游戏手机 全面屏 白色', '全网通(6G+256G)', 51, '/admin/dist/img/no-img.png', '/admin/dist/img/no-img.png', '<p>商品介绍加载中...</p>', 3199, 2158, 1000, '', 0, 0, '2019-09-18 13:38:32', 0, '2021-01-24 07:01:59');
INSERT INTO `tb_newbee_mall_goods_info` VALUES (10885, '小米8 游戏手机 全面屏 蓝色', '全网通(6G+256G)', 51, '/admin/dist/img/no-img.png', '/admin/dist/img/no-img.png', '<p>商品介绍加载中...</p>', 3199, 2158, 1000, '', 0, 0, '2019-09-18 13:38:32', 0, '2021-01-24 07:01:59');
INSERT INTO `tb_newbee_mall_goods_info` VALUES (10886, '小米8 游戏手机 全面屏 黑色', '全网通(6G+256G)', 51, '/admin/dist/img/no-img.png', '/admin/dist/img/no-img.png', '<p>商品介绍加载中...</p>', 3199, 3199, 1000, '', 0, 0, '2019-09-18 13:38:32', 0, '2021-01-24 07:01:59');
INSERT INTO `tb_newbee_mall_goods_info` VALUES (10887, '小米8 游戏手机 全面屏 透明探索版', '全网通(8G+128G)', 51, '/admin/dist/img/no-img.png', '/admin/dist/img/no-img.png', '<p>商品介绍加载中...</p>', 4299, 4299, 1000, '', 0, 0, '2019-09-18 13:38:32', 0, '2021-01-24 07:01:59');
INSERT INTO `tb_newbee_mall_goods_info` VALUES (10888, '小米8 游戏手机 全面屏 屏幕指纹版', '暮光金 全网通(6G+128G)', 51, '/admin/dist/img/no-img.png', '/admin/dist/img/no-img.png', '<p>商品介绍加载中...</p>', 3399, 3399, 1000, '', 0, 0, '2019-09-18 13:38:32', 0, '2021-01-24 07:01:59');
INSERT INTO `tb_newbee_mall_goods_info` VALUES (10889, '小米8 游戏手机 全面屏 蓝色', '全网通(6G+128G)', 51, 'http://localhost:28089/upload/20210126_17212365.jpg', 'http://localhost:28089/upload/20210126_17212365.jpg', '<p>商品介绍加载中...</p>', 1849, 1849, 999, '小米8', 0, 0, '2019-09-18 13:38:32', 0, '2021-02-04 05:15:00');
INSERT INTO `tb_newbee_mall_goods_info` VALUES (10890, '小米 红米7 手机 Redmi7', 'AI双摄 拍照游戏手机 全网通双卡双待 亮黑色 4G+64G 全网通', 51, '/s/b6084354-1841-4241-ba7b-7e97186a9076.jpg', '/s/b6084354-1841-4241-ba7b-7e97186a9076.jpg', '<p>商品介绍加载中...</p>', 1299, 808, 999, '', 0, 0, '2019-09-18 13:38:32', 0, '2021-01-24 07:01:59');
INSERT INTO `tb_newbee_mall_goods_info` VALUES (10891, '小米 红米7 手机 Redmi7', 'AI双摄 拍照游戏手机 全网通双卡双待 魅夜红 4G+64G 全网通', 51, '/s/7b4e03b1-eca7-42f5-8dda-14d02d3ab318.jpg', '/s/7b4e03b1-eca7-42f5-8dda-14d02d3ab318.jpg', '<p>商品介绍加载中...</p>', 1009, 818, 1000, '', 0, 0, '2019-09-18 13:38:32', 0, '2021-01-24 07:01:59');
INSERT INTO `tb_newbee_mall_goods_info` VALUES (10892, '小米 红米7 手机 Redmi7', 'AI双摄 拍照游戏手机 全网通双卡双待 梦幻蓝 3G+32G 全网通', 51, '/s/7bca8b59-35f3-480a-a95d-99efcbb8cfda.jpg', '/s/7bca8b59-35f3-480a-a95d-99efcbb8cfda.jpg', '<p>商品介绍加载中...</p>', 787, 715, 1000, '', 0, 0, '2019-09-18 13:38:32', 0, '2021-01-24 07:01:59');
INSERT INTO `tb_newbee_mall_goods_info` VALUES (10893, 'HUAWEI Mate 30 Pro 双4000万徕卡电影四摄', '超曲面OLED环幕屏 8GB+256GB 全网通4G版（星河银）', 46, '/s/mate30p2.png', '/s/mate30p2.png', '<div id=\"activity_header\" style=\"margin:0px;padding:0px;color:#666666;font-family:tahoma, arial, \" background-color:#ffffff;\"=\"\">\r\n<div style=\"margin:0px;padding:0px;text-align:center;\">\r\n	<br />\r\n</div>\r\n	</div>\r\n<div id=\"J-detail-content\" style=\"margin:0px;padding:0px;color:#666666;font-family:tahoma, arial, \" background-color:#ffffff;\"=\"\">\r\n	<div style=\"margin:0px auto;padding:0px;\">\r\n		<img class=\"\" src=\"https://newbee-mall.oss-cn-beijing.aliyuncs.com/images/huawei-1.jpg\" /><img border=\"0\" class=\"\" src=\"https://newbee-mall.oss-cn-beijing.aliyuncs.com/images/huawei-3.jpg\" /> \r\n	</div>\r\n</div>', 5399, 5399, 989, '重构想象', 0, 0, '2019-09-19 23:17:39', 0, '2021-01-24 07:01:59');
INSERT INTO `tb_newbee_mall_goods_info` VALUES (10894, 'HUAWEI Mate 30 Pro', '超曲面OLED环幕屏 8GB+128GB 全网通4G版（翡冷翠）', 46, '/s/mate30p3.png', '/s/mate30p3.png', '<div id=\"activity_header\" style=\"margin:0px;padding:0px;color:#666666;font-family:tahoma, arial, \" background-color:#ffffff;\"=\"\">\r\n<div style=\"margin:0px;padding:0px;text-align:center;\">\r\n	<br />\r\n</div>\r\n	</div>\r\n<div id=\"J-detail-content\" style=\"margin:0px;padding:0px;color:#666666;font-family:tahoma, arial, \" background-color:#ffffff;\"=\"\">\r\n	<div style=\"margin:0px auto;padding:0px;\">\r\n		<img class=\"\" src=\"https://newbee-mall.oss-cn-beijing.aliyuncs.com/images/huawei-1.jpg\" /><img border=\"0\" class=\"\" src=\"https://newbee-mall.oss-cn-beijing.aliyuncs.com/images/huawei-3.jpg\" /> \r\n	</div>\r\n</div>', 5399, 5399, 995, '重构想象', 0, 0, '2019-09-19 23:20:24', 0, '2021-01-24 07:01:59');
INSERT INTO `tb_newbee_mall_goods_info` VALUES (10895, 'HUAWEI Mate 30 4000万超感光徕卡影像', 'OLED全面屏 8GB+128GB 全网通4G版 （罗兰紫）', 46, '/s/mate30-3.png', '/s/mate30-3.png', '<div id=\"activity_header\" style=\"margin:0px;padding:0px;color:#666666;font-family:tahoma, arial, \" background-color:#ffffff;\"=\"\">\n<div style=\"margin:0px;padding:0px;text-align:center;\">\n	<br />\n</div>\n	</div>\n<div id=\"J-detail-content\" style=\"margin:0px;padding:0px;color:#666666;font-family:tahoma, arial, \" background-color:#ffffff;\"=\"\">\n	<div style=\"margin:0px auto;padding:0px;\">\n		<img class=\"\" src=\"https://newbee-mall.oss-cn-beijing.aliyuncs.com/images/huawei-1.jpg\" /><img border=\"0\" class=\"\" src=\"https://newbee-mall.oss-cn-beijing.aliyuncs.com/images/huawei-3.jpg\" /> \n	</div>\n</div>', 3999, 3999, 962, '重构想象', 0, 0, '2019-09-19 23:22:22', 0, '2021-01-24 07:01:59');
INSERT INTO `tb_newbee_mall_goods_info` VALUES (10903, '华为 HUAWEI P40 冰霜银 全网通5G手机', '麒麟990 5G SoC芯片 5000万超感知徕卡三摄 30倍数字变焦 6GB+128GB', 46, 'https://newbee-mall.oss-cn-beijing.aliyuncs.com/images/p40-silver.png', 'https://newbee-mall.oss-cn-beijing.aliyuncs.com/images/p40-silver.png', '<img src=\"https://newbee-mall.oss-cn-beijing.aliyuncs.com/images/p40-detail.jpg\" alt=\"\">', 4399, 4399, 0, '超感知影像', 0, 0, '2020-03-27 10:07:37', 0, '2021-01-24 07:01:59');
INSERT INTO `tb_newbee_mall_goods_info` VALUES (10905, 'Apple iPhone12 (A2404) 蓝色 支持移动联通电信5G 双卡双待手机', 'A14仿生芯片，6.1英寸超视网膜XDR显示屏，超瓷晶面板，升维大提速，现实力登场！', 47, 'https://newbee-mall.oss-cn-beijing.aliyuncs.com/images/iPhone12-blue.png', 'https://newbee-mall.oss-cn-beijing.aliyuncs.com/images/iPhone12-blue.png', '<img src=\"https://newbee-mall.oss-cn-beijing.aliyuncs.com/images/iphone12-detail.jpg\" alt=\"\" />', 6299, 6299, 1000, '升维，大提速。', 0, 0, '2020-10-14 10:30:06', 0, '2021-01-24 07:01:59');
INSERT INTO `tb_newbee_mall_goods_info` VALUES (10906, 'Apple iPhone12 Pro (A2408) 128GB 海蓝色 支持移动联通电信5G 双卡双待手机', 'A14仿生芯片，6.1英寸超视网膜XDR显示屏，激光雷达扫描仪，超瓷晶面板，现实力登场！', 47, 'https://newbee-mall.oss-cn-beijing.aliyuncs.com/images/iphone-12-pro-blue-hero.png', 'https://newbee-mall.oss-cn-beijing.aliyuncs.com/images/iphone-12-pro-blue-hero.png', '<img src=\"https://newbee-mall.oss-cn-beijing.aliyuncs.com/images/iphone12pro-detail.jpg\" alt=\"\" />', 8499, 8499, 1999, '自我再飞跃', 0, 0, '2020-10-14 10:32:55', 0, '2021-01-24 07:01:59');
INSERT INTO `tb_newbee_mall_goods_info` VALUES (10909, 'ipad 2020', '苹果（Apple）ipad2019/2020新款第8代10.2英寸air2更新版平板电脑 WiFi版 2020款 金色 128G ( 官 方 标 配 )', 109, 'http://localhost:28089/upload/20210120_19422077.jpg', 'http://localhost:28089/upload/20210120_19422077.jpg', '<p><img src=\"https://img10.360buyimg.com/imgzone/jfs/t1/167924/40/2994/56841/6003d5e3E16dc4c4d/0c84ff66bdb23b55.jpg\"><map></map><img src=\"https://img10.360buyimg.com/imgzone/jfs/t1/165712/27/2900/130239/6007830aE56c83af9/22aebad3f4d7f089.jpg\"><map><area></map><img src=\"https://img10.360buyimg.com/imgzone/jfs/t1/152107/17/14495/136670/6003d540E5a107a72/b1a078245138325a.jpg\"><map><area></map><img src=\"https://img10.360buyimg.com/imgzone/jfs/t1/144284/18/18613/296390/5fd997e6E1745a733/dd4b1c7471613493.jpg\"><map><area></map><img src=\"https://img10.360buyimg.com/imgzone/jfs/t1/168772/20/2263/164427/5ffd3fb7Ea72ec0ca/e1ef54c2ac9c617d.jpg\"><map><area><area></map><img src=\"https://img10.360buyimg.com/imgzone/jfs/t1/162153/23/977/175565/5ff2ffaaEbc2e42bd/4947d76d1f6f6083.jpg\"><map><area><area><area><area></map><img src=\"https://img10.360buyimg.com/imgzone/jfs/t1/157041/29/3788/182854/6003d5e3Eebed8287/d3dfdf1dff5ae3c5.jpg\"><map></map><img src=\"https://img10.360buyimg.com/imgzone/jfs/t1/169140/30/3131/266770/6003d5e3Ec5fb173c/e5a6f19be1bf60e6.jpg\"><map><area></map></p><p><br></p><p><br></p><p><img src=\"https://img10.360buyimg.com/imgzone/jfs/t1/161526/37/2824/81163/60017f6cEce7efe45/a65173852132973b.jpg\"><img src=\"http://img30.360buyimg.com/popWareDetail/jfs/t1/151845/33/15380/198846/6004d118E2d7b3632/dfcb0c0c51b97afd.jpg\"><img src=\"http://img30.360buyimg.com/popWareDetail/jfs/t1/151130/6/3599/107762/5f8d8fc9Ecb203b23/59ae90c75dbe64ba.jpg\"><img src=\"http://img30.360buyimg.com/popWareDetail/jfs/t1/154519/26/12701/67604/5fed5a90E052bb898/a26a4083d996096a.jpg\"><img src=\"https://img10.360buyimg.com/imgzone/jfs/t1/131714/29/17632/39463/5fc208f0E7db62959/deb83624b44da228.jpg\"></p><p><img src=\"http://img30.360buyimg.com/popWaterMark/jfs/t1/100309/5/10182/231361/5e1683a5E019a74df/ea02b06216968ef7.jpg\"><img src=\"http://img30.360buyimg.com/popWareDetail/jfs/t1/168292/18/178/157367/5fed5ab8Ebf8cee42/14459c95c74e7e3f.jpg\"><img src=\"http://img30.360buyimg.com/popWareDetail/jfs/t1/137865/29/8623/162687/5f61f8aaE5fee113c/c09ae96efde57f9d.jpg\"><img src=\"http://img30.360buyimg.com/popWaterMark/jfs/t1/46286/11/10833/53811/5d7ee08cEfdb16a3e/067bec882679af29.jpg\"><img src=\"https://img10.360buyimg.com/imgzone/jfs/t1/115838/26/18074/100846/5f616a61E54cb77ca/0e1eef55fa3fc036.jpg\"><img src=\"https://img10.360buyimg.com/imgzone/jfs/t1/127109/4/12672/20648/5f616a61E67af7195/aacaf2f5a17a7b03.jpg\"><img src=\"https://img10.360buyimg.com/imgzone/jfs/t1/147407/30/8562/95801/5f616a61E836ea04b/23c11e3065c96c58.jpg\"><img src=\"https://img10.360buyimg.com/imgzone/jfs/t1/150825/16/749/134990/5f616a61E2457c23d/30bbe5791e386900.jpg\"><img src=\"https://img10.360buyimg.com/imgzone/jfs/t1/118907/22/17870/169083/5f616a62E1b3b26fa/73b42a320bf0c967.jpg\"><img src=\"https://img10.360buyimg.com/imgzone/jfs/t1/121879/5/12815/142781/5f616a61E57d525af/37557d47be0942fd.jpg\"><img src=\"https://img10.360buyimg.com/imgzone/jfs/t1/116211/17/17793/167968/5f616a62E827fdf2c/7c5059e5bf44710b.jpg\"><img src=\"https://img10.360buyimg.com/imgzone/jfs/t1/138764/3/8507/171087/5f616a62Eb7898fa4/e89eb4d0dfa1ce21.jpg\"><img src=\"https://img10.360buyimg.com/imgzone/jfs/t1/146116/28/8602/177320/5f616a62Ed16b5f80/a7c27b570329217c.jpg\"><img src=\"https://img10.360buyimg.com/imgzone/jfs/t1/144094/3/8470/128227/5f616a62E843416f7/4e1f7cf0022165fb.jpg\"><img src=\"https://img10.360buyimg.com/imgzone/jfs/t1/148883/23/8391/151384/5f616a62E011ad436/27c2e38fb9129273.jpg\"><img src=\"https://img10.360buyimg.com/imgzone/jfs/t1/150103/13/8458/186560/5f616a62Ebce987c8/60289dbb6e03a19e.jpg\"><img src=\"https://img10.360buyimg.com/imgzone/jfs/t1/121718/40/12776/207222/5f616a62Edbab72df/fbb09e1b15ad2c0b.jpg\"><img src=\"https://img10.360buyimg.com/imgzone/jfs/t1/146968/18/8400/73227/5f616a62E42893332/4c9c41dd1a96f181.jpg\"><img src=\"https://img10.360buyimg.com/imgzone/jfs/t1/117992/32/18067/92332/5f616a63E41c3b3a0/1cbe7b2b3b487355.jpg\"><img src=\"https://img10.360buyimg.com/imgzone/jfs/t1/121860/19/12828/119588/5f616a63E43bad139/1e233b65b94ba192.jpg\"><img src=\"https://img10.360buyimg.com/imgzone/jfs/t1/124812/31/12584/69184/5f616a63E2af00e97/009f9059eab9789a.jpg\"><img src=\"http://img30.360buyimg.com/popWareDetail/jfs/t1/150212/15/7338/143469/5f50445eE0421273d/4afe12a85364991d.jpg\"></p><p><a target=\"_blank\" href=\"https://mall.jd.com/view_page-232704017.html\"><img src=\"https://img10.360buyimg.com/imgzone/jfs/t1/126124/24/15229/72100/5f8a45baE0b9876e8/3e85e97be4154ea9.jpg\"></a><img src=\"http://img30.360buyimg.com/popWareDetail/jfs/t1/130296/33/10131/239779/5f61c018E0de90b29/af85bacf49244766.jpg\"><br></p><p><br></p>', 4299, 4299, 123451, '平板', 0, 0, '2021-01-20 11:42:39', 0, '2021-01-24 07:01:59');
INSERT INTO `tb_newbee_mall_goods_info` VALUES (10910, '我就做个测试', '我就做个测试', 0, 'http://localhost:28089/upload/20210125_20220845.jpg', '', '', 20, 10, 20, '我就做个测试', 0, 0, '2021-01-25 20:22:10', 0, '2021-01-25 20:22:10');
INSERT INTO `tb_newbee_mall_goods_info` VALUES (10916, '22', '22', 20, 'http://localhost:28089/upload/20210125_22513256.gif', 'http://localhost:28089/upload/20210125_22513256.gif', '<p>22</p>', 22, 22, 22, '22', 0, 0, '2021-01-25 22:51:34', 0, '2021-01-25 22:51:34');
INSERT INTO `tb_newbee_mall_goods_info` VALUES (10917, '我就测试下而已', '我就测试下而已', 20, 'http://localhost:28089/upload/20210126_14445845.jpg', 'http://localhost:28089/upload/20210126_14445845.jpg', '<p>我就测试下而已</p>', 20, 20, 49, '我就测试下而已', 0, 0, '2021-01-26 14:45:42', 0, '2021-01-26 14:45:42');
INSERT INTO `tb_newbee_mall_goods_info` VALUES (10918, '华硕(ASUS) VivoBook15 新版英特尔酷睿i5 15.6英寸轻薄笔记本电脑(i5-1035G1 8G 512GSSD 2G独显 大视野)银', '【新年换新机】酷睿i5+MX330独显+高速512G固态+15.6英寸大屏+长效续航！年货更优惠！', 118, 'http://img11.360buyimg.com//n0/jfs/t1/160800/22/3358/37117/60064e40E33b75516/7c38f8ae4bda7c5b.jpg', 'http://localhost:28089/upload/20210127_14303517.jpg', '<p>存的是从的四川省成都市</p>', 4699, 4699, 22, '电脑数码、家电', 0, 0, '2021-01-27 14:31:05', 0, '2021-01-27 14:31:05');

-- ----------------------------
-- Table structure for tb_newbee_mall_group_work
-- ----------------------------
DROP TABLE IF EXISTS `tb_newbee_mall_group_work`;
CREATE TABLE `tb_newbee_mall_group_work`  (
  `group_id` bigint(0) NOT NULL COMMENT '拼团表主键id',
  `group_name` varchar(200) CHARACTER SET utf8 COLLATE utf8_general_ci NOT NULL DEFAULT '' COMMENT '商品名',
  `group_intro` varchar(200) CHARACTER SET utf8 COLLATE utf8_general_ci NOT NULL DEFAULT '' COMMENT '商品简介',
  `group_category_id` bigint(0) NOT NULL DEFAULT 0 COMMENT '关联分类id',
  `group_cover_img` varchar(400) CHARACTER SET utf8 COLLATE utf8_general_ci NOT NULL DEFAULT '/admin/dist/img/no-img.png' COMMENT '商品主图',
  `group_detail_content` text CHARACTER SET utf8 COLLATE utf8_general_ci NULL COMMENT '商品详情',
  `original_price` int(0) NOT NULL DEFAULT 1 COMMENT '商品价格',
  `stock_num` int(0) UNSIGNED NOT NULL DEFAULT 0 COMMENT '商品库存数量',
  `tag` varchar(20) CHARACTER SET utf8 COLLATE utf8_general_ci NOT NULL DEFAULT '' COMMENT '商品标签',
  `group_num` int(0) NULL DEFAULT NULL COMMENT '成团数量',
  `group_price` int(0) NULL DEFAULT NULL COMMENT '拼团价',
  `group_sell_status` int(0) NULL DEFAULT NULL COMMENT '商品上架状态 1-下架 0-上架',
  PRIMARY KEY (`group_id`) USING BTREE
) ENGINE = InnoDB AUTO_INCREMENT = 10038 CHARACTER SET = utf8mb4 COLLATE = utf8mb4_0900_ai_ci ROW_FORMAT = Dynamic;

-- ----------------------------
-- Records of tb_newbee_mall_group_work
-- ----------------------------
INSERT INTO `tb_newbee_mall_group_work` VALUES (10004, '无印良品 MUJI 柔和洁面泡沫', '120g', 20, 'http://localhost:28089/s/45854bdd-2ca5-423c-a609-3d336d9322b4.jpg', '<p>商品介绍加载中...</p>', 45, 4545, '柔和洁面泡沫', 2, 333, 0);
INSERT INTO `tb_newbee_mall_group_work` VALUES (10005, '无印良品 MUJI 基础润肤乳液', '高保湿型 200ml', 20, 'http://localhost:28089/s/7614ce78-0ebc-4275-a7cc-d16ad5f5f6ed.jpg', '<p>商品介绍加载中...</p>', 83, 3, '润肤乳液', 3, 44444, 0);
INSERT INTO `tb_newbee_mall_group_work` VALUES (10006, '无印良品 MUJI 基础润肤乳液', '滋润型 400ml', 20, 'http://localhost:28089/s/ef75879d-3d3e-4bab-888d-1e4036491e11.jpg', '<p>商品介绍加载中...</p>', 100, 434, '润肤乳液', 2, 23, 0);
INSERT INTO `tb_newbee_mall_group_work` VALUES (10008, '无印良品 MUJI 基础润肤化妆水', '清爽型 200ml', 125, 'http://localhost:28089/s/89660409-78b7-4d47-ae12-f94b3ce9664b.png', '<p>商品介绍加载中...</p>', 70, 33, '润肤化妆水', 2, 222, 0);
INSERT INTO `tb_newbee_mall_group_work` VALUES (10010, '无印良品 MUJI 基础润肤洁面泡沫', '200ml', 125, 'http://localhost:28089/s/f87bdee1-ed48-4b49-b701-cc44f26a2699.jpg', '<p>商品介绍加载中...</p>', 83, 34, '洁面泡沫', 1, 33, 0);
INSERT INTO `tb_newbee_mall_group_work` VALUES (10021, '无印良品（MUJI） 无针订书机 其他', 'cdcdcdcdcdcdc', 20, 'http://localhost:28089/s/cf19de8b-e94e-4513-aecd-a0b5c976b738.jpg', '<p>商品介绍加载中...</p>', 52, 33, '无针订书机', 1, 221, 0);
INSERT INTO `tb_newbee_mall_group_work` VALUES (10220, '海囤全球 迪奥（Dior）烈艳蓝金唇膏 口红', '3.5g 999号 哑光-经典正红', 86, 'http://localhost:28089/s/fe048831-384d-46b2-beec-5549f7902c11.jpg', '<p>商品介绍加载中...</p>', 410, 1000, '口红', 3, 399, 0);
INSERT INTO `tb_newbee_mall_group_work` VALUES (10729, '华为 HUAWEI P20 AI智慧徕卡双摄全面屏游戏手机', '6GB+128GB 亮黑色 全网通移动联通电信4G手机 双卡双待', 46, 'http://localhost:28089/s/f8edc81a-8fbd-425b-8ed7-d6b4c14ec6a1.jpg', '<p>商品介绍加载中...</p>', 3088, 33, '华为', 2, 33333, 0);
INSERT INTO `tb_newbee_mall_group_work` VALUES (10747, '华为 HUAWEI nova 5', 'Pro 前置3200万人像超级夜景4800万AI四摄麒麟980芯片8GB+128GB亮黑色全网通双4G手机', 46, 'http://localhost:28089/s/df1bea42-9172-4cd5-9fc5-f35bb736108f.jpg', '<p>商品介绍加载中...</p>', 2999, 33, '华为', 2, 333, 0);
INSERT INTO `tb_newbee_mall_group_work` VALUES (10748, '华为 HUAWEI nova 5', 'Pro 前置3200万人像超级夜景4800万AI四摄麒麟980芯片 8GB+128GB仲夏紫全网通双4G手机', 46, 'http://localhost:28089/s/ab6f8463-794f-4f40-87b8-d01e6260ff1c.jpg', '<p>商品介绍加载中...2</p>', 2999, 433, '华为', 2, 646544, 0);
INSERT INTO `tb_newbee_mall_group_work` VALUES (10752, '华为 HUAWEI nova 5i', '后置AI四摄 极点全面屏 前置2400万高清摄像头 8GB+128GB 苏音蓝 全网通双卡双待', 46, 'http://localhost:28089/s/4b2bffff-ec0b-42e0-8152-ada9a121ad31.jpg', '<p>商品介绍加载中...</p>', 2199, 33, '华为', 3, 333, 0);
INSERT INTO `tb_newbee_mall_group_work` VALUES (10754, '华为 HUAWEI nova 5i', '后置AI四摄 极点全面屏 前置2400万高清摄像头 8GB+128GB 蜜语红 全网通双卡双待', 46, 'http://localhost:28089/s/b5e139d3-ea6b-4874-9ccc-c18aca44a8bc.jpg', '<p>商品介绍加载中...</p>', 2199, 333, '华为', 2, 33, 0);
INSERT INTO `tb_newbee_mall_group_work` VALUES (10768, '华为 HUAWEI 畅享9 Plus', '4GB+64GB 极光紫 全网通 四摄超清全面屏大电池 移动联通电信4G手机 双卡双待', 46, 'http://localhost:28089/s/5ea16713-f6ae-4fa7-a53d-1700c29cb3d3.jpg', '<p>商品介绍加载中...</p>', 1299, 444, '华为', 3, 444, 0);
INSERT INTO `tb_newbee_mall_group_work` VALUES (10771, '华为 HUAWEI 畅享9 Plus', '4GB+64GB 樱语粉 全网通 四摄超清全面屏大电池 移动联通电信4G手机 双卡双待', 46, 'http://localhost:28089/s/65e953c4-1d29-423a-b7d7-4276c4d42aaa.jpg', '<p>商品介绍加载中...</p>', 1299, 33, '华为', 2, 333333, 0);
INSERT INTO `tb_newbee_mall_group_work` VALUES (10782, '华为 HUAWEI 麦芒 8', '超广角AI三摄 高清珍珠屏 大存储 6GB+128GB 幻夜黑 全网通双4G手机', 46, 'http://localhost:28089/s/e299773e-14e4-4168-adab-514f6c6d35ed.jpg', '<p>商品介绍加载中...</p><p>r</p>', 1899, 3, '华为', 2, 3333, 0);
INSERT INTO `tb_newbee_mall_group_work` VALUES (10787, '华为 HUAWEI Mate 10', '4GB+64GB 亮黑色 移动4G+手机 双卡双待', 46, 'http://localhost:28089/s/b67a4ac6-7766-4995-8110-1bd442ec0797.jpg', '<p>商品介绍加载中...</p><p>2</p>', 1799, 33, '华为', 3, 333333, 0);
INSERT INTO `tb_newbee_mall_group_work` VALUES (10789, '华为 HUAWEI 畅享9 3GB+32GB', '幻夜黑 高清珍珠屏 AI长续航 全网通标配版 移动联通电信4G手机', 46, 'http://localhost:28089/s/71ae1ce8-38e8-4da3-8fa1-5e8157a12685.jpg', '<p>商品介绍加载中...</p><p>2</p>', 999, 4, '华为', 2, 444, 0);
INSERT INTO `tb_newbee_mall_group_work` VALUES (10794, '荣耀畅玩8A 6.09英寸珍珠全面屏 震撼大音量 3GB+32GB', '魅焰红 移动联通电信4G全面屏手机 双卡双待', 45, 'http://localhost:28089/s/54641753-d8e7-45da-8c6c-81192552cf15.jpg', '<p>商品介绍加载中...</p><p>![图片](<a href=\"https://ss1.bdstatic.com/70cFvXSh_Q1YnxGkpoWK1HF6hhy/it/u=3363295869,2467511306&amp;fm=26&amp;gp=0.jpg\" target=\"_blank\" style=\"background-color: rgb(255, 255, 255); font-size: 1rem;\">https://ss1.bdstatic.com/70cFvXSh_Q1YnxGkpoWK1HF6hhy/it/u=3363295869,2467511306&amp;fm=26&amp;gp=0.jpg</a><span style=\"font-size: 1em;\">)</span></p>', 799, 33, '华为', 3, 3333, 0);
INSERT INTO `tb_newbee_mall_group_work` VALUES (10866, '小米 红米Redmi 7 全网通4G', '双卡双待 幻彩渐变AI双摄 水滴全面屏拍照游戏智能手机 魅夜红 4GB+64GB', 51, 'http://localhost:28089/s/02523f49-742b-4c45-b59b-f550fe5a60ae.jpg', '<p>商品介绍加载中...</p>', 1200, 34343, '小米', 2, 43, 0);
INSERT INTO `tb_newbee_mall_group_work` VALUES (10871, '小米 红米6 3GB+32GB 铂银灰', '全网通4G手机 双卡双待 老人机 智能拍照手机', 51, 'http://localhost:28089/s/bcec0048-e992-4e57-9aaf-ddbd9fe852ce.jpg', '<p>商品介绍加载中...</p><p>3</p>', 699, 434, '小米6', 3, 4545, 0);
INSERT INTO `tb_newbee_mall_group_work` VALUES (10872, '小米（MI） 小米8屏幕指纹版 全面屏游戏手机 曜石黑（屏幕指纹版）', '6G+128G', 51, 'http://localhost:28089/s/e1c2b06f-fd06-4242-acb7-9ebd7179181b.png', '<p>商品介绍加载中...</p>', 2199, 565, '小米8', 2, 444, 0);
INSERT INTO `tb_newbee_mall_group_work` VALUES (10873, '小米（MI） 小米8屏幕指纹版 全面屏游戏手机 透明版(屏幕指纹版)', '8G+128G', 51, 'http://localhost:28089/s/314274fc-1ee0-474d-bbb5-b9c70a8a9573.png', '<p>商品介绍加载中...</p>', 2599, 455, '小米8', 2, 655, 0);
INSERT INTO `tb_newbee_mall_group_work` VALUES (10874, '小米（MI） 小米8屏幕指纹版 全面屏游戏手机 暮光金(屏幕指纹版)', '8G+128G', 51, 'http://localhost:28089/s/c2905bd8-bd68-4672-bada-b8a202a9327e.png', '<p>商品介绍加载中...</p>', 2599, 6575, '小米8', 2, 4545, 0);
INSERT INTO `tb_newbee_mall_group_work` VALUES (10875, '小米8 游戏手机 全面屏 黑色', '全网通(6G+64G)', 51, 'http://localhost:28089/s/5afd1749-a3bc-41c2-90b2-928ede8aedda.jpg', '<p>商品介绍加载中...</p>', 1799, 76678, '小米8', 2, 54675, 0);
INSERT INTO `tb_newbee_mall_group_work` VALUES (10876, '小米8 游戏手机 全面屏 白色', '全网通(6G+64G)', 51, 'http://localhost:28089/s/a96dd5bc-2d74-4d57-9336-45a8ac09a363.jpg', '<p>商品介绍加载中...</p>', 1799, 33535, '小米8', 2, 454, 0);
INSERT INTO `tb_newbee_mall_group_work` VALUES (10877, '小米8 游戏手机 全面屏 白色', '全网通(6G+128G)', 51, 'http://localhost:28089/s/25e44283-a440-4e64-bb27-1887370c3d2e.jpg', '<p>商品介绍加载中...</p>', 1999, 3232, '小米8', 2, 3333, 0);
INSERT INTO `tb_newbee_mall_group_work` VALUES (10878, '小米8 游戏手机 全面屏 金色', '全网通(6G+128G)', 51, 'http://localhost:28089/s/6b5e5711-8ae6-4f66-bd22-30c9be85d3c6.jpg', '<p>商品介绍加载中...</p>', 1999, 4454, '小米8', 3, 55, 0);
INSERT INTO `tb_newbee_mall_group_work` VALUES (10879, '小米8 游戏手机 全面屏 黑色', '全网通(6G+128G)', 51, 'http://localhost:28089/s/040a3aa6-1699-4eca-ac67-5021cc419979.jpg', '<p>商品介绍加载中...</p>', 1999, 223, '小米8', 2, 33, 0);
INSERT INTO `tb_newbee_mall_group_work` VALUES (10880, '小米8 游戏手机 全面屏 金色', '全网通(6G+64G)', 51, 'http://localhost:28089/s/47c28778-88a4-42fd-bb4d-c93fe8df36b5.jpg', '<p>商品介绍加载中...</p>', 1799, 223, '小米8', 2, 33, 0);
INSERT INTO `tb_newbee_mall_group_work` VALUES (10881, '小米8 游戏手机 全面屏 屏幕指纹版', '暮光金 全网通(8G+128G)', 51, 'http://localhost:28089/admin/dist/img/no-img.png', '<p>商品介绍加载中...</p>', 3799, 3333, '小米8', 3, 33, 0);
INSERT INTO `tb_newbee_mall_group_work` VALUES (10882, '小米8 游戏手机 全面屏 蓝色', '全网通(6G+64G)', 51, 'http://localhost:28089/admin/dist/img/no-img.png', '<p>商品介绍加载中...</p>', 1799, 444, '小米8', 1, 33, 0);
INSERT INTO `tb_newbee_mall_group_work` VALUES (10883, '小米8 游戏手机 全面屏 金色', '全网通(6G+256G)', 51, 'http://localhost:28089/admin/dist/img/no-img.png', '<p>商品介绍加载中...</p>', 3199, 333, '新品小米8', 2, 3, 0);
INSERT INTO `tb_newbee_mall_group_work` VALUES (10884, '小米8 游戏手机 全面屏 白色', '全网通(6G+256G)', 51, 'http://localhost:28089/admin/dist/img/no-img.png', '<p>商品介绍加载中...</p>', 3199, 333, '小米8', 3, 2, 0);
INSERT INTO `tb_newbee_mall_group_work` VALUES (10885, '小米8 游戏手机 全面屏 蓝色', '全网通(6G+256G)', 51, 'http://localhost:28089/admin/dist/img/no-img.png', '<p>商品介绍加载中...</p>', 3199, 33, '小米8', 1, 4, 0);
INSERT INTO `tb_newbee_mall_group_work` VALUES (10886, '小米8 游戏手机 全面屏 黑色', '全网通(6G+256G)', 51, 'http://localhost:28089/admin/dist/img/no-img.png', '<p>商品介绍加载中...</p>', 3199, 333, '小米8', 2, 22, 0);
INSERT INTO `tb_newbee_mall_group_work` VALUES (10887, '小米8 游戏手机 全面屏 透明探索版', '全网通(8G+128G)', 51, 'http://localhost:28089/admin/dist/img/no-img.png', '<p>商品介绍加载中...</p>', 4299, 22, '小米8', 2, 22, 0);
INSERT INTO `tb_newbee_mall_group_work` VALUES (10888, '小米8 游戏手机 全面屏 屏幕指纹版', '暮光金 全网通(6G+128G)', 51, 'http://localhost:28089/admin/dist/img/no-img.png', '<p>商品介绍加载中...</p>', 3399, 33, '小米8', 3, 2, 0);
INSERT INTO `tb_newbee_mall_group_work` VALUES (10889, '小米8 游戏手机 全面屏 蓝色', '全网通(6G+128G)', 51, 'http://localhost:28089/admin/dist/img/no-img.png', '<p>商品介绍加载中...</p>', 1849, 100, '好用', 2, 1799, 0);
INSERT INTO `tb_newbee_mall_group_work` VALUES (10890, '小米 红米7 手机 Redmi7', 'AI双摄 拍照游戏手机 全网通双卡双待 亮黑色 4G+64G 全网通', 51, 'http://localhost:28089/s/b6084354-1841-4241-ba7b-7e97186a9076.jpg', '<p>商品介绍加载中...</p>', 1299, 100, '好用', 1, 1099, 0);
INSERT INTO `tb_newbee_mall_group_work` VALUES (10891, '小米 红米7 手机 Redmi7', 'AI双摄 拍照游戏手机 全网通双卡双待 魅夜红 4G+64G 全网通', 51, 'http://localhost:28089/s/7b4e03b1-eca7-42f5-8dda-14d02d3ab318.jpg', '<p>商品介绍加载中...</p>', 1009, 3, '小米 红米7 ', 1, 444, 0);
INSERT INTO `tb_newbee_mall_group_work` VALUES (10892, '小米 红米7 手机 Redmi7', 'AI双摄 拍照游戏手机 全网通双卡双待 梦幻蓝 3G+32G 全网通', 51, 'http://localhost:28089/s/7bca8b59-35f3-480a-a95d-99efcbb8cfda.jpg', '<p>商品介绍加载中...</p>', 787, 333, '小米7', 2, 333, 0);
INSERT INTO `tb_newbee_mall_group_work` VALUES (10893, 'HUAWEI Mate 30 Pro 双4000万徕卡电影四摄', '超曲面OLED环幕屏 8GB+256GB 全网通4G版（星河银）', 46, 'http://localhost:28089/s/mate30p2.png', '<div id=\"activity_header\" style=\"margin:0px;padding:0px;color:#666666;font-family:tahoma, arial, \" background-color:#ffffff;\"=\"\">\n<div style=\"margin:0px;padding:0px;text-align:center;\">\n	<br>\n</div>\n	</div><div id=\"J-detail-content\" style=\"margin:0px;padding:0px;color:#666666;font-family:tahoma, arial, \" background-color:#ffffff;\"=\"\">\n	<div style=\"margin:0px auto;padding:0px;\">\n		<img class=\"\" src=\"https://newbee-mall.oss-cn-beijing.aliyuncs.com/images/huawei-1.jpg\"><img border=\"0\" class=\"\" src=\"https://newbee-mall.oss-cn-beijing.aliyuncs.com/images/huawei-3.jpg\"> \n	</div>\n</div>', 5399, 1000, '重构想象', 2, 5299, 0);
INSERT INTO `tb_newbee_mall_group_work` VALUES (10895, 'HUAWEI Mate 30 4000万超感光徕卡影像', 'OLED全面屏 8GB+128GB 全网通4G版 （罗兰紫）', 46, 'http://localhost:28089/s/mate30-3.png', '<div id=\"activity_header\" style=\"margin:0px;padding:0px;color:#666666;font-family:tahoma, arial, \" background-color:#ffffff;\"=\"\">\n<div style=\"margin:0px;padding:0px;text-align:center;\">\n	<br>\n</div>\n	</div><div id=\"J-detail-content\" style=\"margin:0px;padding:0px;color:#666666;font-family:tahoma, arial, \" background-color:#ffffff;\"=\"\">\n	<div style=\"margin:0px auto;padding:0px;\">\n		<img class=\"\" src=\"https://newbee-mall.oss-cn-beijing.aliyuncs.com/images/huawei-1.jpg\"><img border=\"0\" class=\"\" src=\"https://newbee-mall.oss-cn-beijing.aliyuncs.com/images/huawei-3.jpg\"> \n	</div>\n</div>', 3999, 22, '重构想象', 2, 3998, 0);
INSERT INTO `tb_newbee_mall_group_work` VALUES (10903, '华为 HUAWEI P40 冰霜银 全网通5G手机', '麒麟990 5G SoC芯片 5000万超感知徕卡三摄 30倍数字变焦 6GB+128GB', 46, 'https://newbee-mall.oss-cn-beijing.aliyuncs.com/images/p40-silver.png', '<img src=\"https://newbee-mall.oss-cn-beijing.aliyuncs.com/images/p40-detail.jpg\" alt=\"\">', 4399, 1000, '超感知影像', 2, 4299, 0);
INSERT INTO `tb_newbee_mall_group_work` VALUES (10905, 'Apple iPhone12 (A2404) 蓝色 支持移动联通电信5G 双卡双待手机', 'A14仿生芯片，6.1英寸超视网膜XDR显示屏，超瓷晶面板，升维大提速，现实力登场！', 47, 'https://newbee-mall.oss-cn-beijing.aliyuncs.com/images/iPhone12-blue.png', '<img src=\"https://newbee-mall.oss-cn-beijing.aliyuncs.com/images/iphone12-detail.jpg\" alt=\"\">', 6299, 44, '升维，大提速。', 2, 33, 0);
INSERT INTO `tb_newbee_mall_group_work` VALUES (10906, 'Apple iPhone12 Pro (A2408) 128GB 海蓝色 支持移动联通电信5G 双卡双待手机', 'A14仿生芯片，6.1英寸超视网膜XDR显示屏，激光雷达扫描仪，超瓷晶面板，现实力登场！', 47, 'https://newbee-mall.oss-cn-beijing.aliyuncs.com/images/iphone-12-pro-blue-hero.png', '<img src=\"https://newbee-mall.oss-cn-beijing.aliyuncs.com/images/iphone12pro-detail.jpg\" alt=\"\">', 8499, 11000, '自我再飞跃', 2, 8299, 0);
INSERT INTO `tb_newbee_mall_group_work` VALUES (10909, 'ipad 2020', '苹果（Apple）ipad2019/2020新款第8代10.2英寸air2更新版平板电脑 WiFi版 2020款 金色 128G ( 官 方 标 配 )', 109, 'http://localhost:28089/upload/20210120_19422077.jpg', '<p><img src=\"https://img10.360buyimg.com/imgzone/jfs/t1/167924/40/2994/56841/6003d5e3E16dc4c4d/0c84ff66bdb23b55.jpg\"><map></map><img src=\"https://img10.360buyimg.com/imgzone/jfs/t1/165712/27/2900/130239/6007830aE56c83af9/22aebad3f4d7f089.jpg\"><map><area></map><img src=\"https://img10.360buyimg.com/imgzone/jfs/t1/152107/17/14495/136670/6003d540E5a107a72/b1a078245138325a.jpg\"><map><area></map><img src=\"https://img10.360buyimg.com/imgzone/jfs/t1/144284/18/18613/296390/5fd997e6E1745a733/dd4b1c7471613493.jpg\"><map><area></map><img src=\"https://img10.360buyimg.com/imgzone/jfs/t1/168772/20/2263/164427/5ffd3fb7Ea72ec0ca/e1ef54c2ac9c617d.jpg\"><map><area><area></map><img src=\"https://img10.360buyimg.com/imgzone/jfs/t1/162153/23/977/175565/5ff2ffaaEbc2e42bd/4947d76d1f6f6083.jpg\"><map><area><area><area><area></map><img src=\"https://img10.360buyimg.com/imgzone/jfs/t1/157041/29/3788/182854/6003d5e3Eebed8287/d3dfdf1dff5ae3c5.jpg\"><map></map><img src=\"https://img10.360buyimg.com/imgzone/jfs/t1/169140/30/3131/266770/6003d5e3Ec5fb173c/e5a6f19be1bf60e6.jpg\"><map><area></map></p><p><br></p><p><br></p><p><img src=\"https://img10.360buyimg.com/imgzone/jfs/t1/161526/37/2824/81163/60017f6cEce7efe45/a65173852132973b.jpg\"><img src=\"http://img30.360buyimg.com/popWareDetail/jfs/t1/151845/33/15380/198846/6004d118E2d7b3632/dfcb0c0c51b97afd.jpg\"><img src=\"http://img30.360buyimg.com/popWareDetail/jfs/t1/151130/6/3599/107762/5f8d8fc9Ecb203b23/59ae90c75dbe64ba.jpg\"><img src=\"http://img30.360buyimg.com/popWareDetail/jfs/t1/154519/26/12701/67604/5fed5a90E052bb898/a26a4083d996096a.jpg\"><img src=\"https://img10.360buyimg.com/imgzone/jfs/t1/131714/29/17632/39463/5fc208f0E7db62959/deb83624b44da228.jpg\"></p><p><img src=\"http://img30.360buyimg.com/popWaterMark/jfs/t1/100309/5/10182/231361/5e1683a5E019a74df/ea02b06216968ef7.jpg\"><img src=\"http://img30.360buyimg.com/popWareDetail/jfs/t1/168292/18/178/157367/5fed5ab8Ebf8cee42/14459c95c74e7e3f.jpg\"><img src=\"http://img30.360buyimg.com/popWareDetail/jfs/t1/137865/29/8623/162687/5f61f8aaE5fee113c/c09ae96efde57f9d.jpg\"><img src=\"http://img30.360buyimg.com/popWaterMark/jfs/t1/46286/11/10833/53811/5d7ee08cEfdb16a3e/067bec882679af29.jpg\"><img src=\"https://img10.360buyimg.com/imgzone/jfs/t1/115838/26/18074/100846/5f616a61E54cb77ca/0e1eef55fa3fc036.jpg\"><img src=\"https://img10.360buyimg.com/imgzone/jfs/t1/127109/4/12672/20648/5f616a61E67af7195/aacaf2f5a17a7b03.jpg\"><img src=\"https://img10.360buyimg.com/imgzone/jfs/t1/147407/30/8562/95801/5f616a61E836ea04b/23c11e3065c96c58.jpg\"><img src=\"https://img10.360buyimg.com/imgzone/jfs/t1/150825/16/749/134990/5f616a61E2457c23d/30bbe5791e386900.jpg\"><img src=\"https://img10.360buyimg.com/imgzone/jfs/t1/118907/22/17870/169083/5f616a62E1b3b26fa/73b42a320bf0c967.jpg\"><img src=\"https://img10.360buyimg.com/imgzone/jfs/t1/121879/5/12815/142781/5f616a61E57d525af/37557d47be0942fd.jpg\"><img src=\"https://img10.360buyimg.com/imgzone/jfs/t1/116211/17/17793/167968/5f616a62E827fdf2c/7c5059e5bf44710b.jpg\"><img src=\"https://img10.360buyimg.com/imgzone/jfs/t1/138764/3/8507/171087/5f616a62Eb7898fa4/e89eb4d0dfa1ce21.jpg\"><img src=\"https://img10.360buyimg.com/imgzone/jfs/t1/146116/28/8602/177320/5f616a62Ed16b5f80/a7c27b570329217c.jpg\"><img src=\"https://img10.360buyimg.com/imgzone/jfs/t1/144094/3/8470/128227/5f616a62E843416f7/4e1f7cf0022165fb.jpg\"><img src=\"https://img10.360buyimg.com/imgzone/jfs/t1/148883/23/8391/151384/5f616a62E011ad436/27c2e38fb9129273.jpg\"><img src=\"https://img10.360buyimg.com/imgzone/jfs/t1/150103/13/8458/186560/5f616a62Ebce987c8/60289dbb6e03a19e.jpg\"><img src=\"https://img10.360buyimg.com/imgzone/jfs/t1/121718/40/12776/207222/5f616a62Edbab72df/fbb09e1b15ad2c0b.jpg\"><img src=\"https://img10.360buyimg.com/imgzone/jfs/t1/146968/18/8400/73227/5f616a62E42893332/4c9c41dd1a96f181.jpg\"><img src=\"https://img10.360buyimg.com/imgzone/jfs/t1/117992/32/18067/92332/5f616a63E41c3b3a0/1cbe7b2b3b487355.jpg\"><img src=\"https://img10.360buyimg.com/imgzone/jfs/t1/121860/19/12828/119588/5f616a63E43bad139/1e233b65b94ba192.jpg\"><img src=\"https://img10.360buyimg.com/imgzone/jfs/t1/124812/31/12584/69184/5f616a63E2af00e97/009f9059eab9789a.jpg\"><img src=\"http://img30.360buyimg.com/popWareDetail/jfs/t1/150212/15/7338/143469/5f50445eE0421273d/4afe12a85364991d.jpg\"></p><p><a target=\"_blank\" href=\"https://mall.jd.com/view_page-232704017.html\"><img src=\"https://img10.360buyimg.com/imgzone/jfs/t1/126124/24/15229/72100/5f8a45baE0b9876e8/3e85e97be4154ea9.jpg\"></a><img src=\"http://img30.360buyimg.com/popWareDetail/jfs/t1/130296/33/10131/239779/5f61c018E0de90b29/af85bacf49244766.jpg\"><br></p>', 4299, 1000, '平板', 3, 4099, 0);
INSERT INTO `tb_newbee_mall_group_work` VALUES (10917, '我就测试下而已', '我就测试下而已', 20, 'http://localhost:28089/upload/20210126_14445845.jpg', '<p>我就测试下而已</p>', 20, 50, '我就测试下而已', 2, 15, 0);
INSERT INTO `tb_newbee_mall_group_work` VALUES (10918, '华硕(ASUS) VivoBook15 新版英特尔酷睿i5 15.6英寸轻薄笔记本电脑(i5-1035G1 8G 512GSSD 2G独显 大视野)银', '【新年换新机】酷睿i5+MX330独显+高速512G固态+15.6英寸大屏+长效续航！年货更优惠！', 118, 'http://img11.360buyimg.com//n0/jfs/t1/160800/22/3358/37117/60064e40E33b75516/7c38f8ae4bda7c5b.jpg', '<p>1存的是从的四川省成都市</p><p>3</p><p>3</p><p>2</p><p>3</p>', 4699, 22, '电脑数码、家电', 2, 4399, 0);

-- ----------------------------
-- Table structure for tb_newbee_mall_index_config
-- ----------------------------
DROP TABLE IF EXISTS `tb_newbee_mall_index_config`;
CREATE TABLE `tb_newbee_mall_index_config`  (
  `config_id` bigint(0) NOT NULL AUTO_INCREMENT COMMENT '首页配置项主键id',
  `config_name` varchar(50) CHARACTER SET utf8 COLLATE utf8_general_ci NOT NULL DEFAULT '' COMMENT '显示字符(配置搜索时不可为空，其他可为空)',
  `config_type` tinyint(0) NOT NULL DEFAULT 0 COMMENT '1-搜索框热搜 2-搜索下拉框热搜 3-(首页)热销商品 4-(首页)新品上线 5-(首页)为你推荐',
  `goods_id` bigint(0) NOT NULL DEFAULT 0 COMMENT '商品id 默认为0',
  `redirect_url` varchar(100) CHARACTER SET utf8 COLLATE utf8_general_ci NOT NULL DEFAULT '##' COMMENT '点击后的跳转地址(默认不跳转)',
  `config_rank` int(0) NOT NULL DEFAULT 0 COMMENT '排序值(字段越大越靠前)',
  `is_deleted` tinyint(0) NOT NULL DEFAULT 0 COMMENT '删除标识字段(0-未删除 1-已删除)',
  `create_time` datetime(0) NOT NULL DEFAULT CURRENT_TIMESTAMP COMMENT '创建时间',
  `create_user` int(0) NOT NULL DEFAULT 0 COMMENT '创建者id',
  `update_time` datetime(0) NOT NULL DEFAULT CURRENT_TIMESTAMP COMMENT '最新修改时间',
  `update_user` int(0) NULL DEFAULT 0 COMMENT '修改者id',
  PRIMARY KEY (`config_id`) USING BTREE
) ENGINE = InnoDB AUTO_INCREMENT = 25 CHARACTER SET = utf8 COLLATE = utf8_general_ci ROW_FORMAT = Dynamic;

-- ----------------------------
-- Records of tb_newbee_mall_index_config
-- ----------------------------
INSERT INTO `tb_newbee_mall_index_config` VALUES (1, '热销商品 iPhone XR', 3, 10284, '##', 10, 0, '2019-09-18 17:04:56', 0, '2019-09-18 17:04:56', 0);
INSERT INTO `tb_newbee_mall_index_config` VALUES (2, '热销商品 华为 Mate20', 3, 10779, '##', 100, 0, '2019-09-18 17:05:27', 0, '2019-09-18 17:05:27', 0);
INSERT INTO `tb_newbee_mall_index_config` VALUES (3, '方法', 3, 0, '##', 0, 1, '2019-09-18 17:08:02', 0, '2021-01-26 07:08:36', 0);
INSERT INTO `tb_newbee_mall_index_config` VALUES (4, '热销商品 Apple AirPods', 3, 10159, '##', 101, 0, '2019-09-18 17:08:56', 0, '2019-09-18 17:08:56', 0);
INSERT INTO `tb_newbee_mall_index_config` VALUES (5, '新品上线 Macbook Pro', 4, 10269, '##', 100, 0, '2019-09-18 17:10:36', 0, '2019-09-18 17:10:36', 0);
INSERT INTO `tb_newbee_mall_index_config` VALUES (6, '新品上线 荣耀 9X Pro', 4, 10755, '##', 100, 0, '2019-09-18 17:11:05', 0, '2019-09-18 17:11:05', 0);
INSERT INTO `tb_newbee_mall_index_config` VALUES (7, '新品上线 iPhone 11', 4, 10283, '##', 102, 0, '2019-09-18 17:11:44', 0, '2019-09-18 17:11:44', 0);
INSERT INTO `tb_newbee_mall_index_config` VALUES (8, '新品上线 iPhone 11 Pro', 4, 10320, '##', 101, 0, '2019-09-18 17:11:58', 0, '2019-09-18 17:11:58', 0);
INSERT INTO `tb_newbee_mall_index_config` VALUES (9, '新品上线 华为无线耳机', 4, 10186, '##', 100, 0, '2019-09-18 17:12:29', 0, '2019-09-18 17:12:29', 0);
INSERT INTO `tb_newbee_mall_index_config` VALUES (10, '纪梵希高定香榭天鹅绒唇膏', 5, 10233, '##', 98, 0, '2019-09-18 17:47:23', 0, '2019-09-18 17:47:23', 0);
INSERT INTO `tb_newbee_mall_index_config` VALUES (11, 'MAC 磨砂系列', 5, 10237, '##', 100, 0, '2019-09-18 17:47:44', 0, '2019-09-18 17:47:44', 0);
INSERT INTO `tb_newbee_mall_index_config` VALUES (12, '索尼 WH-1000XM3', 5, 10195, '##', 102, 0, '2019-09-18 17:48:00', 0, '2019-09-18 17:48:00', 0);
INSERT INTO `tb_newbee_mall_index_config` VALUES (13, 'Apple AirPods', 5, 10180, '##', 101, 0, '2019-09-18 17:49:11', 0, '2019-09-18 17:49:11', 0);
INSERT INTO `tb_newbee_mall_index_config` VALUES (14, '小米 Redmi AirDots', 5, 10160, '##', 100, 0, '2019-09-18 17:49:28', 0, '2019-09-18 17:49:28', 0);
INSERT INTO `tb_newbee_mall_index_config` VALUES (15, '2019 MacBookAir 13', 5, 10254, '##', 100, 0, '2019-09-18 17:50:18', 0, '2019-09-18 17:50:18', 0);
INSERT INTO `tb_newbee_mall_index_config` VALUES (16, '女式粗棉线条纹长袖T恤', 5, 10158, '##', 99, 0, '2019-09-18 17:52:03', 0, '2019-09-18 17:52:03', 0);
INSERT INTO `tb_newbee_mall_index_config` VALUES (17, '塑料浴室座椅', 5, 10154, '##', 100, 0, '2019-09-18 17:52:19', 0, '2019-09-18 17:52:19', 0);
INSERT INTO `tb_newbee_mall_index_config` VALUES (18, '靠垫', 5, 10147, '##', 101, 0, '2019-09-18 17:52:50', 0, '2019-09-18 17:52:50', 0);
INSERT INTO `tb_newbee_mall_index_config` VALUES (19, '小型超声波香薰机', 5, 10113, '##', 100, 0, '2019-09-18 17:54:07', 0, '2019-09-18 17:54:07', 0);
INSERT INTO `tb_newbee_mall_index_config` VALUES (20, '11', 5, 1, '##', 0, 1, '2019-09-19 08:31:11', 0, '2019-09-19 08:31:20', 0);
INSERT INTO `tb_newbee_mall_index_config` VALUES (21, '热销商品 华为 P30', 3, 10742, '##', 200, 0, '2019-09-19 23:23:38', 0, '2019-09-19 23:23:38', 0);
INSERT INTO `tb_newbee_mall_index_config` VALUES (22, '新品上线 华为Mate30 Pro', 4, 10893, '##', 200, 0, '2019-09-19 23:26:05', 0, '2019-09-19 23:26:05', 0);
INSERT INTO `tb_newbee_mall_index_config` VALUES (23, '新品上线 华为 Mate 30', 4, 10895, '##', 199, 0, '2019-09-19 23:26:32', 0, '2019-09-19 23:26:32', 0);
INSERT INTO `tb_newbee_mall_index_config` VALUES (24, '华为 Mate 30 Pro', 5, 10894, '##', 101, 0, '2019-09-19 23:27:00', 0, '2019-09-19 23:27:00', 0);

-- ----------------------------
-- Table structure for tb_newbee_mall_notice
-- ----------------------------
DROP TABLE IF EXISTS `tb_newbee_mall_notice`;
CREATE TABLE `tb_newbee_mall_notice`  (
  `notice_id` bigint(0) NOT NULL AUTO_INCREMENT COMMENT '公告栏主键',
  `context` text CHARACTER SET utf8mb4 COLLATE utf8mb4_0900_ai_ci NULL COMMENT '公告内容',
  `create_time` datetime(0) NULL DEFAULT NULL COMMENT '创建时间',
  `update_time` datetime(0) NULL DEFAULT NULL COMMENT '修改时间',
  `status` int(0) NULL DEFAULT NULL COMMENT '状态(0.禁用 1.显示)',
  `title` varchar(255) CHARACTER SET utf8mb4 COLLATE utf8mb4_0900_ai_ci NULL DEFAULT NULL COMMENT '公告标题',
  PRIMARY KEY (`notice_id`) USING BTREE
) ENGINE = InnoDB AUTO_INCREMENT = 31 CHARACTER SET = utf8mb4 COLLATE = utf8mb4_0900_ai_ci ROW_FORMAT = Dynamic;

-- ----------------------------
-- Records of tb_newbee_mall_notice
-- ----------------------------
INSERT INTO `tb_newbee_mall_notice` VALUES (11, '<p>林俊杰、周杰伦世纪同台，合体演唱《算什么男人》<br></p>', '2021-01-20 12:51:58', '2021-01-20 12:51:58', 1, '《震惊！著名LOL玩家和DOTA玩家互斥对方不算男人，现场数万人围观！》');
INSERT INTO `tb_newbee_mall_notice` VALUES (12, '<p>女子在手指上戴3枚戒指摘不掉，求助消防官兵<br></p>', '2021-01-20 12:52:44', '2021-01-20 12:52:44', 1, '《塞进去爽！拔出来痛！消防员深夜前往少妇家，原因竟然是这样！》');
INSERT INTO `tb_newbee_mall_notice` VALUES (13, '<p>公司领导出差遇到高铁车厢空位很多</p>', '2021-01-20 12:53:21', '2021-01-20 12:53:21', 1, '《震惊！管理层出游竟包下一辆火车！上市公司员工曝出惊天内幕！》');
INSERT INTO `tb_newbee_mall_notice` VALUES (14, '<p>很多人去吃串串或者火锅时，油碟子往往打不对，为科普如何正确打油碟<br></p>', '2021-01-20 12:53:58', '2021-01-20 12:53:58', 1, '《无眼看！一对男女居然在火锅店搞了半天没搞对！》');
INSERT INTO `tb_newbee_mall_notice` VALUES (15, '<p>主人带发情期的金毛出门遛弯，一个没留神让金毛扯掉了路人小伙子的衣服<br></p>', '2021-01-20 12:54:19', '2021-01-20 12:54:19', 1, '《面红耳赤！金毛深夜欲求不满，主人竟带它荒野与大汉赤身肉搏！》');
INSERT INTO `tb_newbee_mall_notice` VALUES (16, '<p>UC震惊部想写篇文章劝阻人们睡前玩手机对视力不好<br></p>', '2021-01-20 12:54:43', '2021-01-20 12:54:43', 1, '《太可怕了！女子睡前在床上做了这件事，竟导致不孕不育！》');
INSERT INTO `tb_newbee_mall_notice` VALUES (17, '<p>新京报<a href=\"http://stock.finance.sina.com.cn/usstock/quotes/BEKE.html\" target=\"_blank\">贝壳</a>财经记者 罗亦丹</p><p>　　近日，郑爽与前男友张恒疑似在美国代孕产子一事登上热搜，也让代孕这门“产业”再次进入大众视野。</p><p>　　“在我国，法律明确禁止代孕。”1月19日，北京市中闻律师事务所合伙人赵虎对贝壳财经记者表示，我国《人类辅助生殖技术管理办法》明确规定：医疗机构和医务人员不得实施任何形式的代孕技术。</p><p>　　但巨大的利益让这门“生意”在地下孕育着。新京报贝壳财经记者1月19日联系到一家位于广东的代孕机构，对方表示，一次代孕的全部价格是65万元，“需要夫妻双方提供精子卵子，代孕妈妈方面我们有自己的渠道，可以放心，不成功全额退款。”</p><p>　　赵虎对新京报贝壳财经记者表示，“按照我国法律，实施代孕技术的，不但会被行政处罚，而且构成犯罪的，依法追究刑事责任。”不过赵虎表示，“虽然我国禁止代孕，但法律保护代孕所生的子女，也就是说代孕所生的子女回到中国是受到中国法律保护的，依法享有法律规定的各种权利。”</p><p>　　<strong>代孕“生意”：</strong></p><p>　　<strong>国内国外价格不一，最低65万“包成功”，必须是男孩要另加钱</strong></p><p>　　“恭喜两组家庭成功测孕，辛苦志愿者！”“上海H公子选择0风险套餐 喜得贵子！”翻开谢娟（化名）的朋友圈，满满都是受孕成功或生子成功的消息。</p><p>　　谢娟从事的正是代孕的“生意”，“代孕流程主要分八个步骤，分别是签约、进周期、取卵、移植、胎儿着床三个月、五个月、七个月以及婴儿健康交接。”谢娟告诉暗访的记者，“我们使用的是三代试管技术，可以自卵自怀，也可以通过我们安排渠道由‘志愿者’受孕的方式代孕。”</p><p><img src=\"https://n.sinaimg.cn/sinakd2021119s/220/w1080h2340/20210119/36f5-khxeamv6269009.jpg\" alt=\"\"></p><p>　　在代孕生意中，只要受精卵顺利移植给代孕妈妈，遗传学上的父母便只要等待婴儿出生就好，近日处在舆论焦点的郑爽事件中，张恒就因此曝光郑爽对孩子不管不顾甚至“弃养”。对此，谢娟表示，若确定代孕则需要夫妻双方取精取卵，之后就“没有父母什么事了”，只需要在每个步骤之前按时缴费即可，“签约时需要缴纳2万元定金，到最后婴儿出生付清全部费用，最低65万元可以‘包成功’，如果要求必须要男孩，还要另加钱。”</p><p><img src=\"https://n.sinaimg.cn/sinakd2021119s/244/w750h1094/20210119/63f8-khxeamv6269001.jpg\" alt=\"\"></p><p>　　相比国内机构，国外的代孕生子体系更为“完善”。在贝壳财经记者拿到的一份某外国机构的代孕协议中，规定代孕母亲从怀孕直到分娩以后，不承担生父母的权利或义务，并会将孩子交给签订协议的夫妇。此外，协议还明确规定了代孕母亲在代孕期间的限制，如不得参与危险体育活动，不能与丈夫以外的人发生性关系、能够随时视频聊天等。</p><p>　　事实上，在不少地区如美国加利福尼亚、内华达、华盛顿等地区，代孕不仅合法，且有明确的法条以及代孕协议。贝壳财经记者了解到，美国一些州颁布有“统一亲子关系法”（UPA），该法为代孕协议提供了相应的导向，同时保护了代孕母亲和孩子的父母。该法案规定了代孕协议的基本要求，并解决了一些特殊情况，例如协议终止程序和违反合同的救济措施。</p><p>　　也正因如此，出国生子成为了部分高收入家庭的选择。根据凤凰卫视的消息，一位叫做叶颖（化名）的中国母亲去年4月冒着新冠疫情的风险抵达美国洛杉矶。为了这次代孕她花费了12.7万美元，（中介估计提取3万美元，扣除医疗费用，代母大概赚5万美元以上），且这笔费用不包括她自己前期做试管婴儿的费用（在美国试管婴儿费用为1.5万-3万美元）。照此计算，赴美代孕费用接近100万元人民币。</p><p>　　国内的代孕机构处于灰色地带。新京报贝壳财经记者根据谢娟提供的信息调查发现，对方所在机构为一家“生殖医学研究中心”，经营范围包括“母婴月子生活咨询服务、产后形体修复咨询服务、女性健康调理”等。</p><p>　　谢娟表示，“我们这边做代孕的客户以单亲家庭较多，此外也有不少客户是想要抚养孩子的同性恋家庭。”对于记者提出的不合法的问题，她称，“国内对代孕没有明确的法律规定，但我觉得合不合法不是关键，合法也会出问题，比如有客户交了两万美元排队等了两年也没有排上，还有不少被国外医院坑了导致‘人财两空’，所以代孕公司靠不靠谱才是关键。相比国外高额的费用，国内代孕是更好的选择。”</p><p>　　<strong>律师：国内法律明确禁止代孕</strong></p><p>　　<strong>但代孕所生子女受法律保护</strong></p><p>　　“在中国，法律明确禁止代孕。”北京市中闻律师事务所合伙人赵虎对新京报贝壳财经记者表示。</p><p>　　目前，商业代孕在中国处于法律禁区。2001年原国家卫生部发布《人类辅助生殖技术管理办法》明确规定，代孕只能在卫生行政部门批准的医疗机构中实施，且只能以医疗为目的，以任何形式买卖配子、合子、胚胎均为违法行为，同时医疗机构和医务人员不得实施任何形式的代孕技术。2017年9月5日，国家卫生计生委等12部门又联合制定了《关于建立查处违法违规应用人类辅助生殖技术长效工作机制的通知》，严厉打击非法采供精、非法采供卵以及“代孕”等违法违规行为。</p><p>　　2015年12月27日，一份更加严厉的法规草案出台，《中华人民共和国人口与计划生育法修正案（草案）》第35条规定，“禁止买卖精子、卵子、受精卵和胚胎，禁止以任何形式实施代孕”。但该条款最终被删除，有观点认为，这是考虑到国家层面对代孕的全面禁止剥夺了不孕不育夫妇和失独者获得子女的权利。</p><p>　　尽管法律上明确禁止，舆论上也备受质疑，代孕在国内还是悄悄地成为一个具有“广阔市场”的“地下产业”。“有许多客户的求子道路非常曲折，比如有在泰国做三次试管都未成功的，有本来有孩子但是出了意外夭折或不能自理的，此时只有代孕才能满足他们的要求。”谢娟这样表示。</p><p><ins><ins></ins></ins></p><p>　　据了解，目前不少代孕案例是因为无法自然受孕，才会选择辅助生殖或代孕。但若放开代孕市场，可能会出现仅仅因不想破坏身材、工作太忙或者不愿意承受怀孕生育之苦而选择代孕的人士，这会破坏代孕合法化原有的初衷，还会抬高代孕价格。贝壳财经记者查阅资料发现，这种情况在美国已经出现，在印度甚至出现了专门以代孕为生“出租子宫”的妇女团体。</p><p>　　赵虎表示，按照我国法律，实施代孕技术的，不但会被行政处罚，而且构成犯罪的，依法追究刑事责任。</p><p>　　“需要注意的是，虽然我国禁止代孕，但是法律保护代孕所生的子女，也就是说代孕所生的子女回到中国是受到中国法律保护的，依法享有法律规定的各种权利。”赵虎告诉贝壳财经记者。</p><p>　　在赵虎看来，代孕可能会引起各种争议，目前国内法律还不完善，没有具体规定。例如，代孕所生的孩子，究竟谁是孩子的母亲，法律也没有明确规定。从目前的司法判例来看，还是倾向于保护血缘关系的。“以郑爽事件为例，如果这个事情是真的，孩子回到中国，就会根据中国的法律得到保护，如果在血缘上是郑爽的，不管郑爽想要还是不想要，都应该依法承担教育抚养孩子的义务。”</p>', '2021-01-20 12:56:08', '2021-01-20 12:56:08', 1, '郑爽事件背后的代孕生意：号称65万包成功，不成功全额退款');
INSERT INTO `tb_newbee_mall_notice` VALUES (18, '<p>环球网报道 记者 侯佳欣]据美国《国会山报》报道，当地时间1月19日，也就是特朗普总统任期的最后一天，特朗普的女儿蒂芙尼·特朗普在社交媒体Instagram上宣布，她与交往了两年的男友迈克尔·布洛斯订婚了。</p><p><img src=\"https://n.sinaimg.cn/spider2021120/769/w1261h308/20210120/164a-khxeamv7212768.jpg\"></p><p><ins><ins></ins></ins></p><p>　　蒂芙尼称：“我很荣幸能在白宫与我的家人一起庆祝许多里程碑、历史时刻，并创造回忆，其中最特别的莫过于我与我很棒的未婚夫迈克尔的订婚！（我）为接下来的（生活）新篇章感到幸福和激动！”</p>', '2021-01-20 12:59:40', '2021-01-20 12:59:40', 1, '特朗普总统任期最后一天 小女儿蒂芙尼宣布订婚');
INSERT INTO `tb_newbee_mall_notice` VALUES (19, '            \r\n            <div class=\"read-content j_readContent\" id=\"\">\r\n                <p>　　晚上8点，距离邵子峰苏醒已经过去好大一会儿。<p>　　在此期间，他除了看了下日期外，就一直处于混乱当中，脑子里乱糟糟的，好像有什么奇怪的记忆混了进来。<p>　　同样的姓名，同样的家庭，以及大抵相同的人生。<p>　　不同的是，他在回忆起某件事时，总会觉得在那个时间段里，有另一个自己做了不同的事情。<p>　　细想起来，却又像被一层迷雾遮住，怎么也看不清楚。<p>　　就比如，他回想上午专业课老师讲课，每次想到老师讲到的专业名词，脑海里就会不由自主的蹦出一个他从没听说过的名词，这让他觉得自己像人格分裂一样。<p>　　呆坐了一会，邵子峰再次拿起手机。<p>　　现在可以确定的是，屏幕上显示的时间是2020年2月18日，而不是他记忆中的19日。<p>　　关于19日的记忆就像是做了一个梦，一个真实无比的梦。<p>　　甚至...<p>　　他还能感觉到自己的肾在隐隐作痛。<p>　　或许，那真是个梦？<p>　　想想也是，自己每天不是上课，就是照顾房间里的宠物，除了买彩票外基本没有别的爱好。<p>　　所以做梦中个大奖不过分吧？<p>　　想到这，邵子峰自嘲的笑了笑。<p>　　略微整理一下思绪，邵子峰从地上站起来，准备按照笔记的记录开始今天的记录和投喂。<p>　　“嗯？我的笔记放哪了？”<p>　　来到蛇柜旁却没有看到笔记，他连忙到其他地方寻找。<p>　　床头没有，床底没有，电脑桌没有，抽屉里也没有...<p>　　邵子峰有些慌了，刚入圈不久的他只是个萌新，离开笔记的他甚至连蛇的品种都认不全。<p>　　再加上幼蛇十分娇嫩，没有笔记上详细的记录，他根本不知道哪条蛇该喂。<p>　　在四处寻找笔记的时候，邵子峰发现一件奇怪的事情，他的目光每次从社蛇柜扫过时，总觉得眼角的余光有蓝点闪过。<p>　　什么鬼东西？<p>　　飞蝇症？<p>　　他的目光看向蛇柜，准备看看是什么东西。<p>　　突然，邵子峰眼睛瞪大。<p>　　“卧槽！！！”<p>　　在他的目光看向蛇柜中时，余光中的几个蓝色光点突然旋转起来。<p>　　几个蓝色光点在蛇屉中的那条蛇身边凝聚，勾勒出一个淡蓝色的半透明光幕。<p>　　光幕中有一个深蓝色光圈不停的旋转着，随后一个个深蓝色的汉字具现在光幕上。<p>　　【名称】：黑眉锦蛇<p>　　【成长】：幼年期<p>　　【状态】：健康、饥饿<p>　　【实力】：无<p>　　【门】：脊索动物门<p>　　【纲】：爬行纲<p>　　【目】：有鳞目<p>　　【科】：游蛇科<p>　　【属性】：无<p>　　【潜力】：无<p>　　【天赋】：无<p>　　【技能】：缠绕<p>　　【说明】：世界上最普通的生物模板，当做宠物都会被人嫌弃。<p>　　邵子峰呆呆的看着光幕上显示的信息。<p>　　感觉整个人都不好了，他目光移开光幕随之消失，再看过去时光幕又重新出现。<p>　　这是什么？<p>　　金手指？<p>　　系统？<p>　　这些不是穿越者大军的福利吗？<p>　　这时，邵子峰心中突然冒出一个不切实际的想法。<p>　　他茫然的看着光幕喃喃着：“难道记忆中的不是梦，我真的穿越了？”<p>　　想到这里，他连忙掏出手机打开摄像头。<p>　　手机屏幕里出现一个消瘦帅气的脸庞，只是一头乱糟糟的头发像是很久没有打理，脸上的皮肤在黑发的衬托下越发白皙。<p>　　“不愧是我，还是和以前一样帅。”邵子峰把头发撩开一些，可以确定的是，这张脸确实是自己的脸。<p>　　关掉相机后，他又随手翻了一下腾询新闻。<p>　　“重大发布！！南极科考队两年前带回的冻尸，被帝都研究院采用生物技术重新复活，这是全球第一例复活的远古生物，也是目前唯一一只，官方暂定名‘冰原剑齿虎’，下面请看详细报道。”<p>　　看到这条新闻的瞬间，邵子峰连忙退出网页确定一下自己看的是不是无良小报。<p>　　“是腾询没错啊…”邵子峰皱了皱眉，重新打开网页。<p>　　用手指往下划拉着屏幕，看到了新闻上的配图。<p>　　那是个紧闭双眼，如同白色小奶猫的生物。<p>　　它身上毛发凌乱，四肢伸展着张开嘴巴，粉色的小舌头在嘴里卷曲着，似乎在发出萌萌的恶虎咆哮。<p>　　在这张图的下面还有一张照片，那是一团蜷缩在一起的黑褐色冻尸，从形态和毛发看，跟上面的小白猫确实有相似之处。<p>　　邵子峰的心脏砰砰直跳，再次点开另一条链接。<p>　　“四年一度‘全国大学生杯’资格赛即将开幕，究竟哪所高校能够卫冕，来看XX专家怎么说”<p>　　这条新闻的信息量一般。<p>　　略过。<p>　　下一条。<p>　　“江城市鼠灾肆虐，最新前线实拍！！”<p>　　看到这条新闻，邵子峰手不禁抖了一下，连忙打开了视频。<p>　　看视频视角，应该是监控拍摄的，画面不是很清晰，但是依稀能看到一只只巨型老鼠穿过，虽然比不上猫狗的体型，也比邵子峰以前见到的大得多。<p>　　这些巨鼠在空无一人的街道上肆无忌惮的乱窜，不时有店铺的门窗被破坏，那群巨鼠便一股脑的涌进去，片刻后留下一片狼藉。<p>　　突然，鼠群前方一阵骚乱，视频中传来模糊不清的叫声。<p>　　邵子峰定睛看去，只见屏幕当中出现了一只漆黑的狗型生物，按照建筑比例参考，目测肩高有一米五左右。<p>　　那条黑狗呲着牙，目光死死的盯着鼠群，犬齿交错之间似有火光闪烁。<p>　　轰！<p>　　狂暴的火焰在鼠群肆虐，一只只大黑老鼠不断的挣扎，随后视频在满屏的火焰中结束，想来监控摄像头被烧坏了。<p>　　这是…<p>　　邵子峰的手不住颤抖，再回过头看之前两条新闻，理解跟之前完全不同了。<p>　　自己这是真的穿越了。<p>　　“对了，老妈！”<p>　　邵子峰是单亲家庭，从小和母亲相依为命。<p>　　虽然因为某些原因，他从小受同学的欺辱和嘲笑，导致性格有些奇怪，但是对于母亲还是十分关心的。<p>　　他现在心里有点慌，连忙掏出手机拨通老妈的电话。<p>　　嘟嘟…<p>　　嘟嘟…<p>　　等待中，每一秒的等待都十分煎熬。<p>　　片刻后电话被接通，听筒里传出慵懒知性的御姐音。<p>　　“喂，是小峰吗？”<p>　　邵子峰呼吸一滞，顿时感觉手凉冰凉。<p>　　不是妈妈的声音。<p>　　他看了看手机号码，心中十分的慌乱。<p>　　“嗯，请问...”邵子峰深吸一口气，声音中有些颤抖。<p>　　那个御姐音停顿片刻：“妈妈，小峰来电话了”<p>　　嗯？<p>　　邵子峰愣了愣。<p>　　为何你这声妈妈叫的如此熟练，你到底是谁啊喂?<p>　　作为一个独生子的单身狗，他既没兄弟姐妹，也没有青梅竹马，怎么突然就有人跟自己抢妈妈了。<p>　　难道妈妈有什么瞒着自己？<p>　　想到这，邵子峰的心里很乱。<p>　　“喂，小峰啊。”<p>　　听到这个熟悉的声音，邵子峰心中的不安和慌乱慢慢平息。<p>　　“妈…”<p>　　不等邵子峰说话，电话那头喋喋不休起来：“你怎么想起来跟我打电话了?是不是又缺钱花了？我现在正忙着给家里的小祖宗们喂食呢，没事的话就先挂了吧，等下忙完就给你转钱，电话费多贵啊。”<p>　　熟悉的行事风格让邵子峰回过神来，这种感觉就像迷失在海雾里的人看到了远方的灯塔，他鼻头微酸。<p>　　“妈，我...”<p>　　“行啦，没事我就先挂了，最近腰有些不舒服，一停下来就不想继续干活了，还有那么多张嘴等着吃饭了...哦，有时间回家来看看，琪琪都想你了。”<p>　　嘟...嘟...<p>　　手机里传来忙音，邵子峰心中的大石头也随之落地。<p>　　可以确定的是，哪怕现在他疑似穿越，但自己还是自己，自己的妈妈也依然是自己的妈妈。<p>　　至于邵母提到的琪琪，那是他三年前在街上捡到的一只小白猫，平时特别的粘他，后来由于他要去上大学，琪琪就留在妈妈身边陪着她。<p>　　这时，邵子峰突然想起了什么。<p>　　所以那个跟自己抢妈妈的御姐音到底是哪个？\r\n            </div>\r\n            ', '2021-01-20 12:59:40', '2021-01-20 12:59:40', 1, '第二章 我这是穿越了');
INSERT INTO `tb_newbee_mall_notice` VALUES (20, '            <div class=\"read-content j_readContent\" id=\"\">\r\n                <p>　　清晨的微光透过半掩的窗帘，照射在沉睡的邵子峰身上。<p>　　他苍白消瘦的脸颊沐浴在金色的晨光中，甚至能看到细小的绒毛。<p>　　只是此时的似乎在做噩梦，眉头紧紧的皱在一起，额头上布满了冷汗，乌黑的头发沾染着水渍紧紧的贴在前额。<p>　　帅气的脸上的肌肉不断抽搐，紧咬着牙关显得有些狰狞。<p>　　“放开...放开我！”<p>　　邵子峰的呼吸越来越粗重，两只手紧紧的抓着床单，一条条青筋突起，整个人像是在费力的挣脱着什么。<p>　　这时，一阵急促的铃声打破了房间的宁静。<p>　　邵子峰猛然从梦中惊醒坐了起来，他一手扶着额头，胸口剧烈的起伏着。<p>　　随着喘息渐渐平息，邵子峰的情绪也慢慢平息了下来。<p>　　虽然一直安慰自己接受这一切，但是对于一个普通学生来说，这次的穿越还是让他产生了强烈的不安全感。<p>　　这种不安勾起他内心深处那段不愿提及的童年回忆，在梦里一次又一次的折磨着他。<p>　　邵子峰下意识的看向蛇柜，几个熟悉的光点汇聚成一个淡蓝色的光幕，简介重新出现在眼前，他再次确定自己真的穿越到平行时空了。<p>　　“真是奇怪的世界啊。”<p>　　邵子峰深深地吸了一口气，不想再纠结这个问题，因为今天还有很多事情需要他去求证。<p>　　昨天在查看完圆斑蝰的资料后，对自己的肾倍感担忧的邵子峰没有心情查看余下的爬宠。<p>　　嗯。<p>　　这样想来，真正让他产生不安全感的可能是肾？<p>　　看了眼时间，第一节课快开始了，他飞快的换好衣服，简单洗漱后便匆匆的离开出租房。<p>　　啪嗒。<p>　　随着房门关上，房间内重新陷入平静之中，除了蛇柜中有一些轻微的嘶嘶声外，再没有多余的声音。<p>　　在房间角落的鱼缸里，一双漆黑的眼睛静静的盯着房门。<p>　　宿城大学。<p>　　这所大学没有什么悠久的历史，也没出过值得炫耀的名人，更没有出彩的专业院系，只是一所坐落在十八线城市的普通大学，普通到除了本地人基本没人听说过。<p>　　从出租屋到学校的距离只有10分钟左右。<p>　　邵子峰每天会在小区门口买好早点，然后在去学校的路上边走边吃，到学校时早餐正好吃完。<p>　　或许是走的小道的原因，一路上也没碰到几个人，偶尔有汽车呼啸而过，安静的道路让邵子峰略显激动的情绪稍微平复一些，他究竟还是有些期待新的开始。<p>　　将早餐包装袋丢进路边的垃圾桶了，邵子峰抬头看着熟悉的学院大门。<p>　　宿城大学几个烫金大字在和煦的晨曦中熠熠生辉。<p>　　“嘁，果然还是那么俗气。”<p>　　邵子峰静静的看了一会嫌弃撇撇嘴，心情却因为熟悉的事务变得放松许多。<p>　　其实除了那几个烫金大字略显俗气外，宿城大学整体的风景绿化还是不错的，进门后是一条宽敞的石板路，石板路的两边种着郁郁葱葱，四季常绿的树木。<p>　　石板路的尽头是一个秀美的人工湖，人工湖大概有两个足球场大小，湖中心有一座木质的小亭子。<p>　　湖水在晨光的照耀下波光粼粼，不时有鱼儿跃出水面。<p>　　邵子峰想看看这个时空的鱼儿和另一个时空的有没有什么不同，可惜鱼儿下坠的速度太快，根本不等他看清。<p>　　余光里几个小光点才刚开始转动，就尴尬了停了下来。<p>　　延时是真的高。<p>　　不过这个时空的大学也有些不同之处。<p>　　不同于另一个时空分布的错落有致的教学楼，这里整个学校就只有一栋主体教学楼。<p>　　C字型的教学楼把人工湖包裹在中间，教学楼周围留有大片的平坦的操场。<p>　　从记忆中邵子峰知道，这些场地是各系的学生用来战斗或者训练使用的，偶尔也会举办一些变异生物的类似体育竞技的活动的。<p>　　“早啊，邵子峰。”<p>　　就在邵子峰认真的观察着学校时，一个普通到没有特点的男声从身后响起。<p>　　邵子峰换上一副笑脸，转身看向来人。<p>　　嗯。<p>　　好普通的人，属于那种打完招呼后很快就会忘掉的路人。<p>　　邵子峰绞尽脑汁也没想起这个人叫什么，只能含糊的回答道：“你也早。”<p>　　那人微微点头，他好像没有停下来交流的想法，直接从邵子峰身边走了过去。<p>　　静立在晨风中思索了一会。<p>　　嗯？<p>　　刚才那人长什么样来着？<p>　　不对，刚才有人吗？<p>　　邵子峰皱着眉头沉思片刻，转身走向教学楼。<p>　　因为是专业课的原因，今天的课程是小班教学。<p>　　进入教室后，邵子峰脸上挂着温和的笑容，回应了几个跟他打招呼的同学后，便找了个靠窗的座位坐下。<p>　　飞快的在教室内同学的脸上扫视了一圈后，邵子峰微微叹了一口气。<p>　　果然，大部分都是生面孔。<p>　　想想也是，毕竟这个时空二十年前发生过动乱。<p>　　哪怕大夏尽力的镇压异变生物，还是有好多人丧生在初期的浩劫里。<p>　　也就是未知复苏事件爆发时，邵子峰的母亲已经有身孕，并且侥幸活了下来。<p>　　不然，这个时空可能不会出现邵子峰这个人。<p>　　虽然他在另一个时空也没有什么关系比较好的同学和朋友，但因为邵子峰待人温和，总有那么几个眼熟的同学。<p>　　但是一想到有些人或许永远都不会出现在这个时空，他的心中还是有些许遗憾的。<p>　　就在邵子峰望着窗外发呆时，老师不知道什么时候已经进入教室开始讲课。<p>　　他所学习的专业是培育专业。<p>　　顾名思义，这个专业...<p>　　嗯。<p>　　就是干幕后工作的。<p>　　从给宠兽接生到照顾幼生体、毛发护理、鳞甲抛光甚至按摩正骨、给异性宠兽牵线搭桥都有涉及，范围之广领人咋舌。<p>　　此时在讲台上唾沫横飞激情澎湃讲着课的老师，从发型上来看是个强者。<p>　　他不时用手理一下不多却倔强的头发，意图遮掩住他强者的证明。<p>　　邵子峰有些心不在焉，因为到目前为止他还没想好自己接下来的路该怎么选择。<p>　　这一个时空的前身之所以选择这个专业，一是因为他想在毕业后回家，帮母亲照顾那些被她收留的小动物。<p>　　至于第二个原因，就跟他幼年那段经历有关了。<p>　　刚穿越到这个时空的邵子峰还处于迷茫当中，重活一世的他不想按照既定的路线走下去，却一时又不知道自己该怎么选择接下来的路。<p>　　或者说，因为家庭的原因，他不清楚自己有没有选择的权利。<p>　　想到这，心中不免有些烦躁。<p>　　时间一分一秒的流逝，邵子峰从沉思中清醒过来。<p>　　看了眼旁边的手机，他突然想起来在另一个时空中的今天，会有人找他买圆斑蝰。<p>　　为了验证这件事情会不会发生，邵子峰默默的等待着。<p>　　叮~咚咚~<p>　　窗外的下课铃声传来，在老师离开后，教室瞬间变的骚乱了起来，桌椅板凳摩擦声混杂着喧闹。<p>　　邵子峰下意识的屏住呼吸，专注的看着手机。<p>　　叮~<p>　　悦耳的提示声响起，屏幕上显示出一段信息。<p>　　“你好，有时间见个面吗？”\r\n            </div>', '2021-01-20 12:59:40', '2021-01-20 12:59:40', 1, '第四章 宿城大学');
INSERT INTO `tb_newbee_mall_notice` VALUES (21, '<p>环球网报道 记者 侯佳欣]据美国《国会山报》报道，当地时间1月19日，也就是特朗普总统任期的最后一天，特朗普的女儿蒂芙尼·特朗普在社交媒体Instagram上宣布，她与交往了两年的男友迈克尔·布洛斯订婚了。</p><p><img src=\"https://n.sinaimg.cn/spider2021120/769/w1261h308/20210120/164a-khxeamv7212768.jpg\"></p><p><ins><ins></ins></ins></p><p>　　蒂芙尼称：“我很荣幸能在白宫与我的家人一起庆祝许多里程碑、历史时刻，并创造回忆，其中最特别的莫过于我与我很棒的未婚夫迈克尔的订婚！（我）为接下来的（生活）新篇章感到幸福和激动！”</p>', '2021-01-20 12:59:40', '2021-01-20 12:59:40', 1, '第一章 寡妇制造者');
INSERT INTO `tb_newbee_mall_notice` VALUES (22, '   <div class=\"read-content j_readContent\" id=\"\">\r\n                <p>　　“唔...”在一间昏暗的小房间里，一个躺在地上的人影仿佛动了一下，发出一声低吟。<p>　　一阵悉悉索索的衣服摩擦声中，那人用一只手撑着地面勉强坐了起来，另一只手揉了揉额头，茫然的打量着四周的环境。<p>　　这是一间大约8平方左右的房间，不大的空间里除了小窗下摆着的单人床和电脑桌外，靠墙的地方摆放着的类似药房里盛放药材的柜子。<p>　　不同的是抽屉要比药材柜大上很多，而且是透明的亚克力材质。<p>　　每个箱子内都装着低瓦数夜用灯泡，散发着幽暗的微光。<p>　　墙角单独放着一个鱼缸，不知作何用处。<p>　　那人又呆坐了几分钟，透过微弱的光线可以看到他苍白瘦削的脸，以及那双略显茫然的眼睛。<p>　　窗外的街道一辆车飞驰而过，强光穿过玻璃照射在他脸上。，他下意识抬起右手遮住眼睛，随后他像是想起了什么，呆呆的盯着自己的右手。<p>　　“我叫邵子峰，今年19岁，是宿城大学大二学生，专业是广告与会展...”<p>　　“不，专业是培育学...”<p>　　“今天是2月19号周三...”<p>　　“不，今天是2月18号周二..”<p>　　“还有一个订单没处理，可是...我不是被圆斑蝰咬了吗？”邵子峰嘴里喃喃自语着。<p>　　他茫然的看着自己白皙的右手，手指纤细修长，皮肤光滑紧致，并没有记忆中的咬痕。<p>　　各种杂乱的记忆和莫名其妙的疏离感，让他心情烦躁的抓了抓凌乱的头发。<p>　　邵子峰，是宿城大学的学生，除本职学生身份外，还兼职某宝店店主。不过他店里卖的东西比较特殊，主要是一些比较小众的爬宠。<p>　　比如靠墙的柜子里的那些，上面几层是各品种的宠物蛇，下面则是几只蜥蜴，如果客户需要他还可以帮忙订购蜘蛛蜈蚣之类的猎奇宠物。<p>　　今天上课时他接到一个订单，客户是通过别人介绍的，点名要他偷偷养的一条圆斑蝰。<p>　　说起圆斑蝰，就不得不说它的外号。<p>　　这玩意儿俗称肾亏蛇和寡妇制造者，被它咬上一口的话就算侥幸不死，也会对肾脏造成不可逆转的损伤，恐怖如斯，男摸女累。<p>　　当然这不是他偷偷饲养的原因，原因是这蛇被列入《国家生物多样性红色名录》，他不敢卖啊。<p>　　被咬全村吃饭。<p>　　贩卖牢底坐穿。<p>　　放生又不舍得。<p>　　但是最后他还是妥协了，他本来是想拒绝的，但是对方给的实在太多了，他只是个要靠双手养活自己的穷学生啊。<p>　　放学后邵子峰匆匆赶回出租屋，路上像往常一样买了晚饭和两色球。<p>　　是的，自从他第一次在朋友的蛊惑下买了一张刮刮乐中了300元后，邵子峰就一直觉得自己可以中大奖，走向人生巅峰，提前过上混吃等死的退休生活。<p>　　顺便还能给母亲买间带院子的大房间，雇上几个人帮忙搭理她老人家收留的流浪宠物。<p>　　可惜现实给了他响亮的一耳光，即便如此，他还是会每期买一注两色球，不为别的，就为心中的那个梦想。<p>　　回到出租屋后，邵子峰来不及吃晚饭就拿起笔记本忙碌起来。<p>　　打开抽屉，小心翼翼的把里面的蛇拿在手上认真观察。<p>　　这是一条有着金黄色斑块纹乳白色小蛇，光滑修长的身躯上密布着细密的鳞片，头部上方有着箭头形纹饰，箭头的方向指向鼻尖，上下唇边的颜色较浅，唇边的鳞片与不同的色带形成刻度状纹，瞳孔圆形，有着红宝石一样眼睛。<p>　　“白化体玉米蛇，亚成体，箱内恒温23摄氏度...”<p>　　将蛇放回抽屉，邵子峰把笔帽咬在嘴里，用笔在笔记本上认真的的记录着。<p>　　这是他从接触爬圈就养成的一个习惯，对于他养过的这些宠物，从个体品种到发育情况，甚至喂食时间他都会事无巨细的记录下来。<p>　　记录完后，他还要对照编号，给那些到了进食时间的蛇喂食。<p>　　食物是他从网上专门买的小白鼠幼崽，当然是那种冷冻的，毕竟自认为小有爱心的他，还做不到亲手用活物喂食。<p>　　蛇类进食还算轻松，幼体一星期喂食两次，亚成体一星期一次，成体就皮实了，随便几天都行，但也不能太久不喂，因为那样的话它们可能会把你当食物。<p>　　伺候完蛇柜里的大爷们，邵子峰又来到墙角的正方形鱼缸前。<p>　　鱼缸底铺着一层厚厚的黄沙，上面随意摆着几块假山一样的石头和动物尸骨模型，一只体长十多公分的蜥蜴正一脸警惕的看着他伸过来的大手。<p>　　南非犰狳蜥，通体呈暗黄色，头后部有6枚大而有明显鳞骨的鳞片并列，躯体及尾部同样有具明显鳞骨的鳞片呈带状排列。<p>　　这是一种很有意思的蜥蜴，一但遭遇危险，便迅速钻进岩石缝隙中躲藏。<p>　　若不小心被捕，则将头尾卷曲成球状，以保护柔软的腹部。<p>　　因为繁殖困难，南非犰狳蜥作为当地保护动物又很难出口，所以经常在国内被卖出天价（一只中华水龙也就几百块钱，而南非犰狳蜥很容易卖出上万的价格。）<p>　　这只犰狳蜥是之前一个客户找他定的，邵子峰找了许久才找到货，可是最后那个客户却不要了。<p>　　到头来除了一千块钱的定金，他还亏了好几千。<p>　　邵子峰看着咬着自己尾巴团成球的南非犰狳蜥，忍不住用手指戳了戳它粗糙的鳞片。<p>　　南非犰狳蜥紧张的看着邵子峰，身体微微的颤抖着。<p>　　“小赔钱货，快吃吧。”<p>　　见状，邵子峰用手指轻轻弹了一下它的小脑袋，在旁边放了点食物。<p>　　别的不说，除了损失点钱外，他还挺喜欢这个小家伙的。<p>　　南非犰狳蜥：(°ー°〃)<p>　　等忙完这一切，邵子峰重重的伸了个懒腰，连饭都不想吃了把自己摔倒在床上，用手捏了捏鼻梁，缓解着眼睛的酸涩，放空自己的他总觉得自己忘记了什么。<p>　　拿起手机看了看时间...<p>　　“糟了，忘给人发货了。”<p>　　“恩...晚一天也没什么吧？毕竟他也没规定时间。”邵子峰喃喃自语的安慰着自己，又重重的瘫在了床上。<p>　　闭眼小憩半小时后，时间已经接近九点，他打开手机收音机调到一个常听的广播频道，至于为什么经常听这个频道，当然是因为声音甜美可爱的主播小姐姐...<p>　　会播报每期的中奖号码。<p>　　把手机和彩票一起放在桌子上，在主播小姐姐甜美的播报声中，邵子峰来到养着圆斑蝰的抽屉前。<p>　　看着柜子里把自己盘成一坨，缩在角落里的圆斑蝰，他鬼使神差般打开了蛇柜的抽屉。<p>　　这蛇确切的说并不是他从正规渠道购买的，而是之前圈子里一个退圈的油腻大叔处理存货时送给他的。<p>　　当时邵子峰刚入圈不久，从油腻大叔那里高价接手了不少幼体蛇，油腻大叔眼睛笑的眯成了一条缝，说最下面的盒子里有个惊喜给他，算是私人赠品。<p>　　邵子峰清楚记得他一边查询资料，一边记笔时受到的惊吓，要命啊。<p>　　“小家伙，明天给你找一个新主人怎么样。”<p>　　邵子峰手指紧紧的捏着捏着圆斑蝰三角形的蛇头，它被捏的张着大嘴，两根晶莹的毒牙从软肉里伸了出来。<p>　　毒牙上似有毒液流动，发出嘶嘶的气声，细长的身子紧紧的缠着他的小臂，蛇尾又缠着自己身子，对邵子峰的手臂进行了锁死绞杀。<p>　　邵子峰不为所动，甚至还笑眯眯的看着它，仿佛在看自己的致富宝余额。<p>　　“听众朋友们，不知不觉，又到了该说晚安的时候了，按照惯例说晚安前由小欣，为大家播报新一期的两色球中奖号码，本期中奖号码03、06、17、22、25、27、最后一个号码08...下面重复一遍03、06...”<p>　　“嗡”<p>　　邵子峰感到一阵气血冲上脑门，耳边回荡着主播小欣清甜的嗓音播报的号码，这分明就是他追的那一注。<p>　　“噫!好了!我中了!”邵子峰飞快的跑到桌子前拿起彩票，上面的数字赫然就是本期中奖号码，处在兴奋中的邵子峰甚至没注意到，右手上的圆斑蝰早在他松手时就咬在了他的虎口上，因兴奋快速流动的血液使毒液更快的涌向心脏。<p>　　突然传来的晕眩感打断了处在狂喜中的邵子峰，回过神来的他脑海里传来一阵阵的失重感。<p>　　低头看向自己的右手，圆斑蝰还紧紧的咬在虎口上，一双没有任何情绪的蛇眼和他对视着，他甚至还能感觉到圆斑蝰依旧在往他的身体里注射着毒液。<p>　　想抬起自己的右臂却重若千斤。<p>　　脚步踉跄几步后整个人重重的摔倒在地。<p>　　思维像是被冻结一样越来越模糊，只能隐约感觉到自己双手分别拿着圆斑蝰和中奖券。<p>　　“我...我好像中大奖了...”<p>　　“还有..我被蛇咬了…”<p>　　“关键这蛇是大名鼎鼎的肾亏蛇圆斑蝰！”<p>　　“我的肾啊...”\r\n            </div>', '2021-01-20 12:59:40', '2021-01-20 12:59:40', 1, '《震惊！管理层出游竟包下一辆火车！上市公司员工曝出惊天内幕！》');
INSERT INTO `tb_newbee_mall_notice` VALUES (23, '<p style=\"font-size:16px;line-height:30px;padding:5px 0px;text-indent:2em;\">人社部新闻发言人卢爱红曾指出，2018年，无论是养老保险基金委托投资、还是到账资金都有较大幅度增加，特别是城乡居民基本养老保险基金投资工作取得实效。数据显示，截至2018年底，全国城乡居民养老保险参保人数52392万人，其中实际领取待遇人数15898万人，有4900多万贫困人员直接受益。</p>\r\n<p style=\"font-size:16px;line-height:30px;padding:5px 0px;text-indent:2em;\">清华大学公共管理学院教授杨燕绥则认为，开展城乡居民基本养老保险基金委托投资，实现养老基金保值增值，能够激励居民多缴费、长缴费，增加个人养老金积累，提高居民养老保险的支付水平。</p>\r\n<p style=\"font-size:16px;line-height:30px;padding:5px 0px;text-indent:2em;\">在养老金投资的诸多渠道中，不得不提的是养老金入市作为保值增值的措施之一，近年来颇受关注。</p>\r\n<p style=\"font-size:16px;line-height:30px;padding:5px 0px;text-indent:2em;\">养老金入市是指把基本养老保险基金中的个人账户基金进行证券投资。中国人民大学中国社会保障研究中心副主任杨立雄认为，养老金投资资本市场的风险不小。他建议，养老金可以考虑投资企业债券。&ldquo;尽管投资企业债券的风险也很高，但是由于在中国企业债券很多是国企债券，风险要小很多，而且所投项目未来的收益是可以预期的。&rdquo;杨立雄说。</p>\r\n<p style=\"font-size:16px;line-height:30px;padding:5px 0px;text-indent:2em;\">人社部基金监督局局长唐霁松则表示，为了应对基金投资运营风险，应当推动养老基金投资运营规模不断扩大，引导地方树立长期投资的理念，鼓励地方继续并扩大基本养老金的委托投资规模。(中新经纬APP)</p></div>\r\n', '2021-01-20 12:59:40', '2021-01-23 12:01:46', 1, '《无眼看！一对男女居然在火锅店搞了半天没搞对！》');
INSERT INTO `tb_newbee_mall_notice` VALUES (24, '<div class=\"news_text\" id=\"content\" style=\"zoom:100%;\"><p style=\"font-size:16px;line-height:30px;padding:5px 0px;text-indent:2em;\">中新经纬客户端4月20日电 (张澍楠)每年，养老金是否上涨、如何调整等相关话题一直受到百姓高度关注。据中新经纬客户端不完全统计，自今年1月1日起，已有11个省份实行新的城乡居民基础养老金标准。其中，多省份明确表示，对65岁及以上高龄人群、超过最低缴费年限人群予以倾斜。</p>\n<p style=\"line-height: 30px; padding: 5px 0px; text-indent: 2em;\"><span style=\"text-indent: 2em;\"><b style=\"\"><font size=\"1\">11省份率先开启上调窗口</font></b></span></p>\n<p style=\"font-size:16px;line-height:30px;padding:5px 0px;text-indent:2em;\">今年3月，人社部与财政部联合发文明确，从2019年1月1日起，为2018年底前已按规定办理退休手续并按月领取基本养老金的企业和机关事业单位退休人员提高基本养老金水平，总体调整水平为2018年退休人员月人均基本养老金的5%左右。至此，我国城镇职工退休人员养老金已实现15连涨。</p>\n<p style=\"font-size:16px;line-height:30px;padding:5px 0px;text-indent:2em;\">同时，城乡居民基础养老金在近年来也呈现上涨的态势。中新经纬客户端注意到，2019年至今，已有山西、广东、河北、河南、宁夏、黑龙江、青海、西藏、江苏、云南、江西等11省份陆续发布了城乡居民基础养老金正常调整机制的具体实施意见。</p>\n<p style=\"font-size:16px;line-height:30px;padding:5px 0px;text-indent:2em;\">2019年广东省政府工作报告提出，今年广东省城乡居民基础养老金最低标准从每人每月148元提高到170元。河南省宣布，决定从2019年1月1日起，将省定基础养老金最低标准从每人每月98元提高到每人每月103元。江苏省则发文称，将基础养老金省定最低标准从每人每月135元提高到148元……</p>\n<p style=\"font-size:16px;line-height:30px;padding:5px 0px;text-indent:2em;\">同时，还有不少省份调整了个人缴费的档次标准。例如，青海省增设4个较高档次标准。山西省将最低缴费档次和最高缴费档次分别调整为每人每年200元和5000元。云南省则增设3000元缴费档次标准，参保人可按13个缴费档次标准进行缴费，最低100元，最高3000元等。</p>\n<p style=\"line-height: 30px; padding: 5px 0px; text-indent: 2em;\"><strong style=\"text-indent: 2em;\"><font size=\"1\">对65岁及以上人群倾斜</font></strong></p></div><div class=\"form-group\">\n                                <!-- 按钮 -->\n                                &nbsp;<button class=\"btn btn-info float-right\" style=\"margin-left: 5px;\" id=\"saveButton\">保存公告\n                            </button>&nbsp;\n                                &nbsp;<button class=\"btn btn-secondary float-right\" style=\"margin-left: 5px;\" id=\"cancelButton\">返回公告列表\n                            </button>&nbsp;\n                            </div>', '2021-01-20 12:54:19', '2021-01-26 15:10:12', 1, '《面红耳赤！金毛深夜欲求不满，主人竟带它荒野与大汉赤身肉搏！》');
INSERT INTO `tb_newbee_mall_notice` VALUES (25, '  <div class=\"news_text\" id=\"content\" style=\"zoom:100%;\"><p style=\"padding:5px 0px;text-align: center;\"><img style=\"border: 0px; vertical-align: bottom; display: block; margin: 0px auto;\" src=\"/d/file/news/dysj/2019-04-21/7b65be01c15b5e1e06f75e433772d018.jpg\" alt=\"\" /></p>\r\n<p style=\"font-size:16px;line-height:30px;padding:5px 0px;text-indent:2em;\"><strong style=\"font-size:16px;text-indent:2em\">驻马店网讯（记者&nbsp;王颢晨&nbsp;图&nbsp;梁博涵）</strong>4月21日，由市老区建设促进会、市卫生健康体育委员会、市文化广电和旅游局、驻马店日报社和确山县委宣传部联合主办，驻马店市华通源供应链管理有限公司协办，贵州茅台酱香酒营销有限公司以汉酱酒独家冠名的驻马店市革命火种传递活动仪式在驻马店市举行。市老区建设促进会副会长兼秘书长王太广出席并宣布传递活动仪式开始。</p>\r\n<p style=\"padding:5px 0px;text-align: center;\"><img style=\"border: 0px; vertical-align: bottom; display: block; margin: 0px auto;\" src=\"/d/file/news/dysj/2019-04-21/b449fb7501e3873155e774189e871612.jpg\" alt=\"\" /></p>\r\n<p style=\"font-size:16px;line-height:30px;padding:5px 0px;text-indent:2em;\">仪式上，革命火种由安保人员护送至置地公园北门，由火炬手代表接过火炬开始进行传递。据介绍，本次活动分为火种采集和火炬传递两个部分，火种在确山竹沟革命纪念馆由抗战老兵代表和&ldquo;中国好人&rdquo;张大生一起采集，传递至市杨靖宇烈士纪念馆。</p>\r\n<p style=\"padding:5px 0px;text-align: center;\"><img style=\"border: 0px; vertical-align: bottom; display: block; margin: 0px auto;\" src=\"/d/file/news/dysj/2019-04-21/9cfa7d47f658833f2d12fc4ff9927724.jpg\" alt=\"\" /></p>\r\n<p style=\"font-size:16px;line-height:30px;padding:5px 0px;text-indent:2em;\">此次活动群众基础广泛，参与性强，全市200多名护火手通过徒步方式参加了庄严而神圣的火种接力活动。他们中有道德模范、劳动先进工作者、劳动模范、优秀人民警察、运动员等，都是各行各业的先进典型代表。此外，还有蓝天救援队50多名志愿者为活动提供了高质量的志愿服务，使活动群众参与性显著增强。</p>\r\n<p style=\"padding:5px 0px;text-align: center;\"><img style=\"border: 0px; vertical-align: bottom; display: block; margin: 0px auto;\" src=\"/d/file/news/dysj/2019-04-21/5d8daea177fe6d20a7dbecfae6ff19ad.jpg\" alt=\"\" /></p>\r\n<p style=\"font-size:16px;line-height:30px;padding:5px 0px;text-indent:2em;\">此次革命火种采集传递活动旨在热烈庆祝新中国成立70周年，更好地贯彻落实党的十九大精神，培育和践行社会主义核心价值观，加强新时期爱国主义及优秀革命传统教育宣传，保护、利用红色历史文化遗产，追忆红色经典，挖掘红色旅游资源，促进天中红色旅游发展。对提升驻马店城市形象，宣传驻马店历史、人文、旅游文化，展现新时代美丽驻马店高质量跨越发展的崭新形象，都将起到积极的推动作用。</p>\r\n<p style=\"padding:5px 0px;text-align: center;\"><img style=\"border: 0px; vertical-align: bottom; display: block; margin: 0px auto;\" src=\"/d/file/news/dysj/2019-04-21/bf8809e2c19206b6fe1c8032b45db7fc.jpg\" alt=\"\" /></p></div>', '2021-01-20 12:52:44', '2021-01-23 12:01:46', 1, '《塞进去爽！拔出来痛！消防员深夜前往少妇家，原因竟然是这样！》');
INSERT INTO `tb_newbee_mall_notice` VALUES (26, '<p>我就做个测试而已</p>', '2021-01-23 19:58:51', '2021-01-23 11:59:20', 0, '我就做个测试而已');
INSERT INTO `tb_newbee_mall_notice` VALUES (27, '<p>我出来了</p>', '2021-01-23 20:26:03', '2021-01-23 20:26:03', 0, '我出来了');
INSERT INTO `tb_newbee_mall_notice` VALUES (28, '<table><tbody><tr><td>&lt;div class=\"img_wrapper\"&gt;&lt;img src=\"<a target=\"_blank\" href=\"https://n.sinaimg.cn/news/crawl/49/w550h299/20210126/e094-kicwvzq6785424.png\">//n.sinaimg.cn/news/crawl/49/w550h299/20210126/e094-kicwvzq6785424.png</a>\" alt=\"荷兰鹿特丹街头遭纵火（Getty）\" data-link=\"\"&gt;&lt;span class=\"img_descr\"&gt;荷兰鹿特丹街头遭纵火（Getty）&lt;/span&gt;&lt;/div&gt;</td></tr><tr><td></td><td>&lt;p cms-style=\"font-L\"&gt;　　&lt;font cms-style=\"font-L strong-Bold\"&gt;海外网1月26日电&lt;/font&gt; 据路透社26日报道，自荷兰颁布全国范围的防疫宵禁令以来，示威活动已进入第三天。多个城市接连发生暴力冲突，警方又逮捕了超过150人。&lt;/p&gt;</td></tr><tr><td></td><td>&lt;p cms-style=\"font-L\"&gt;　　据报道，荷兰多地的示威者在进入夜晚后走上街头纵火、投掷石块以及洗劫商店。路透社援引荷兰媒体26日的消息称，仅在鹿特丹一夜之间就有60名示威者被捕，10名警察在冲突中受伤。此外，在阿姆斯特丹和哈勒姆，各有1名摄影师被砸伤。&lt;/p&gt;</td></tr><tr><td></td><td>&lt;p cms-style=\"font-L\"&gt;　　在此前的冲突中，已经有超过240人被荷兰警方逮捕。25日，荷兰首相吕特谴责了示威活动中的暴力行为，并表示：“这些根本与抗议无关，就是暴力犯罪，我们也会如此处置。”&lt;/p&gt;</td></tr><tr><td></td><td>&lt;p cms-style=\"font-L\"&gt;　　荷兰政府为应对新冠疫情批准了全国宵禁令，民众自23日起每晚9点至次日凌晨4点30分无特殊情况不得外出，否则会面临罚款。这也是自第二次世界大战以来，荷兰首次实施的全国范围宵禁。（海外网 赵健行）&lt;/p&gt;</td></tr><tr><td></td><td>&lt;p cms-style=\"font-L\"&gt;　　&amp;nbsp;&lt;/p&gt;</td></tr></tbody></table>', '2021-01-26 17:11:10', '2021-01-26 17:13:49', 0, '荷兰反宵禁示威进入第三天 警方再逮捕超150人');
INSERT INTO `tb_newbee_mall_notice` VALUES (29, '<p>从2016年因为工作原因开始研究 Spring Boot &amp;#xff0c;先后写了很多关于 Spring Boot 的文章&amp;#xff0c;发表在技术社区、我的博客和我的公号内。粗略的统计了一下总共的文章加起来大概有六十多篇了&amp;#xff0c;其中一部分是在技术社区做的系列课程。<br></p><p>我在写文章的时候将文章中的示例提取出来&amp;#xff0c;作为开源代码分享了出来让大家以更方便的方式去学习(&lt;a href=\"<a target=\"_blank\" href=\"https://github.com/ityouknow/spring-boot-examples\">https://github.com/ityouknow/spring-boot-examples</a>\"&gt;https://github.com/ityouknow/spring-boot-examples&lt;/a&gt;)&amp;#xff0c;现在在 Gihub 上面也将近有18000个 Star&amp;#xff0c;按照&nbsp;Spring Boot&nbsp;的标签来筛选也能排到第3位&amp;#xff0c;前面都是 Spring Boot 这种牛逼呼呼的开源组织。<br></p><p>利用业余时间还做了一个&nbsp;Spring Boot&nbsp;中文索引 &amp;#xff08;&lt;a href=\"<a target=\"_blank\" href=\"http://springboot.fun/\">http://springboot.fun/</a>\"&gt;http://springboot.fun/&lt;/a&gt;&amp;#xff09;分享&nbsp;Spring Boot&nbsp;的学习资源和开源软件&amp;#xff0c;来帮助大家寻找优秀的&nbsp;Spring Boot&nbsp;学习案例。今天我将分享过的文章整理出来方便大家统一查看。<br></p>', '2021-01-27 13:47:19', '2021-01-27 05:47:34', 1, '学习 Spring Boot 知识看这一篇就够了');
INSERT INTO `tb_newbee_mall_notice` VALUES (30, '<p>scscscscscscsc</p>', '2021-01-27 18:15:56', '2021-01-27 18:15:56', 1, 'cscscsc');

-- ----------------------------
-- Table structure for tb_newbee_mall_order
-- ----------------------------
DROP TABLE IF EXISTS `tb_newbee_mall_order`;
CREATE TABLE `tb_newbee_mall_order`  (
  `order_id` bigint(0) NOT NULL AUTO_INCREMENT COMMENT '订单表主键id',
  `order_no` varchar(20) CHARACTER SET utf8 COLLATE utf8_general_ci NOT NULL DEFAULT '' COMMENT '订单号',
  `user_id` bigint(0) NOT NULL DEFAULT 0 COMMENT '用户主键id',
  `total_price` int(0) NOT NULL DEFAULT 1 COMMENT '订单总价',
  `pay_status` tinyint(0) NOT NULL DEFAULT 0 COMMENT '支付状态:0.未支付,1.支付成功,-1:支付失败',
  `pay_type` tinyint(0) NOT NULL DEFAULT 0 COMMENT '0.无 1.支付宝支付 2.微信支付',
  `pay_time` datetime(0) NULL DEFAULT NULL COMMENT '支付时间',
  `order_status` tinyint(0) NOT NULL DEFAULT 0 COMMENT '订单状态:0.待支付 1.已支付 2.配货完成 3:出库成功 4.交易成功 -1.手动关闭 -2.超时关闭 -3.商家关闭',
  `extra_info` varchar(100) CHARACTER SET utf8 COLLATE utf8_general_ci NOT NULL DEFAULT '' COMMENT '订单body',
  `user_name` varchar(30) CHARACTER SET utf8 COLLATE utf8_general_ci NOT NULL DEFAULT '' COMMENT '收货人姓名',
  `user_phone` varchar(11) CHARACTER SET utf8 COLLATE utf8_general_ci NOT NULL DEFAULT '' COMMENT '收货人手机号',
  `user_address` varchar(100) CHARACTER SET utf8 COLLATE utf8_general_ci NOT NULL DEFAULT '' COMMENT '收货人收货地址',
  `is_deleted` tinyint(0) NOT NULL DEFAULT 0 COMMENT '删除标识字段(0-未删除 1-已删除)',
  `create_time` datetime(0) NOT NULL DEFAULT CURRENT_TIMESTAMP COMMENT '创建时间',
  `update_time` datetime(0) NOT NULL DEFAULT CURRENT_TIMESTAMP COMMENT '最新修改时间',
  PRIMARY KEY (`order_id`) USING BTREE
) ENGINE = InnoDB AUTO_INCREMENT = 52 CHARACTER SET = utf8 COLLATE = utf8_general_ci ROW_FORMAT = Dynamic;

-- ----------------------------
-- Records of tb_newbee_mall_order
-- ----------------------------
INSERT INTO `tb_newbee_mall_order` VALUES (1, '15688187285093508', 1, 2492, 1, 2, '2019-09-18 23:00:18', -1, '', '', '', 'xafsdufhpwe', 0, '2019-09-18 22:53:07', '2019-09-18 22:55:32');
INSERT INTO `tb_newbee_mall_order` VALUES (2, '15688188616936181', 1, 135, 1, 1, '2019-09-18 23:01:06', 1, '', '', '', 'xafsdufhpwe', 0, '2019-09-18 22:55:20', '2019-09-18 23:01:06');
INSERT INTO `tb_newbee_mall_order` VALUES (3, '15689089426956979', 1, 15487, 1, 1, '2019-09-20 00:16:03', 3, '', '', '', '杭州市西湖区xx小区x幢419 十三 137xxxx2703', 0, '2019-09-19 23:56:40', '2019-09-20 00:10:39');
INSERT INTO `tb_newbee_mall_order` VALUES (4, '15689090398492576', 1, 8499, 0, 0, NULL, 0, '', '', '', '杭州市西湖区xx小区x幢419 十三 137xxxx2703', 0, '2019-09-19 23:58:18', '2019-09-19 23:58:18');
INSERT INTO `tb_newbee_mall_order` VALUES (5, '15689096266448452', 1, 115, 1, 2, '2019-09-20 00:13:52', 1, '', '', '', '杭州市西湖区xx小区x幢419 十三 137xxxx2703', 0, '2019-09-20 00:08:04', '2019-09-20 00:13:52');
INSERT INTO `tb_newbee_mall_order` VALUES (6, '15691645776131562', 7, 7998, 1, 1, '2019-09-22 23:05:53', 1, '', '', '', '杭州市西湖区xx小区x幢419 十三 137xxxx2703', 0, '2019-09-22 22:57:15', '2019-09-22 23:05:53');
INSERT INTO `tb_newbee_mall_order` VALUES (7, '15691648465397435', 7, 13998, 1, 2, '2019-09-22 23:07:38', -1, '', '', '', '杭州市西湖区xx小区x幢419 十三 137xxxx2703', 0, '2019-09-22 23:01:44', '2019-09-22 23:02:10');
INSERT INTO `tb_newbee_mall_order` VALUES (8, '15691649071896878', 7, 1246, 1, 1, '2019-09-22 23:08:31', 1, '', '', '', '杭州市西湖区xx小区x幢419 十三 137xxxx2703', 0, '2019-09-22 23:02:45', '2019-09-22 23:08:31');
INSERT INTO `tb_newbee_mall_order` VALUES (9, '15691649748362177', 7, 25656, 1, 1, '2019-09-22 23:09:39', 4, '', '', '', '杭州市西湖区xx小区x幢419 十三 137xxxx2703', 0, '2019-09-22 23:03:52', '2019-09-22 23:50:45');
INSERT INTO `tb_newbee_mall_order` VALUES (10, '15691652286194502', 7, 16197, 0, 0, NULL, 0, '', '', '', '杭州市西湖区xx小区x幢419 十三 137xxxx2703', 0, '2019-09-22 23:08:06', '2019-09-22 23:08:06');
INSERT INTO `tb_newbee_mall_order` VALUES (11, '15692210075967186', 6, 5999, 1, 2, '2019-09-23 17:03:05', 1, '', '', '', '杭州市西湖区xx小区x幢419 十三 137xxxx2703', 0, '2019-09-23 14:43:27', '2019-09-23 17:03:05');
INSERT INTO `tb_newbee_mall_order` VALUES (12, '15692218454123239', 6, 7245, 0, 0, NULL, 0, '', '', '', '杭州市西湖区xx小区x幢419 十三 137xxxx2703', 0, '2019-09-23 14:57:25', '2019-09-23 14:57:25');
INSERT INTO `tb_newbee_mall_order` VALUES (13, '15692225252983527', 6, 5488, 1, 2, '2019-09-23 15:38:54', 1, '', '', '', '杭州市西湖区xx小区x幢419 十三 137xxxx2703', 0, '2019-09-23 15:08:45', '2019-09-23 15:38:54');
INSERT INTO `tb_newbee_mall_order` VALUES (14, '15692291639125640', 6, 9046, 1, 2, '2019-09-23 16:59:32', -1, '', '', '', '杭州市西湖区xx小区x幢419 十三 137xxxx2709', 0, '2019-09-23 16:59:23', '2019-09-23 16:59:40');
INSERT INTO `tb_newbee_mall_order` VALUES (15, '15692295348262843', 6, 65, 1, 2, '2019-09-23 17:06:17', 1, '', '', '', '杭州市西湖区xx小区x幢419 十三 137xxxx2709', 0, '2019-09-23 17:05:34', '2019-09-23 17:06:17');
INSERT INTO `tb_newbee_mall_order` VALUES (16, '15692298037679052', 6, 15233, 1, 2, '2019-09-23 17:10:08', 1, '', '', '', '上海浦东新区XX路XX号 999 137xxxx7797', 0, '2019-09-23 17:10:03', '2019-09-23 17:10:08');
INSERT INTO `tb_newbee_mall_order` VALUES (17, '15694781962831307', 7, 1246, 1, 2, '2019-09-26 14:10:12', -1, '', '', '', '杭州市西湖区xx小区x幢419 十三 137xxxx2703', 0, '2019-09-26 14:09:56', '2019-09-26 14:10:22');
INSERT INTO `tb_newbee_mall_order` VALUES (18, '15698039249771093', 7, 3199, 0, 0, NULL, 0, '', '', '', '杭州市西湖区xx小区x幢419 十三 137xxxx2703', 0, '2019-09-30 08:38:26', '2019-09-30 08:38:26');
INSERT INTO `tb_newbee_mall_order` VALUES (19, '15702783557537865', 7, 6819, 0, 0, NULL, 0, '', '', '', '杭州市西湖区xx小区x幢419 十三 137xxxx2703', 0, '2019-10-05 20:20:10', '2019-10-05 20:20:10');
INSERT INTO `tb_newbee_mall_order` VALUES (20, '15702847670935185', 6, 3999, 1, 2, '2019-10-05 22:13:03', 1, '', '', '', '上海浦东新区XX路XX号 999 137xxxx7797', 0, '2019-10-05 22:12:47', '2019-10-05 22:13:03');
INSERT INTO `tb_newbee_mall_order` VALUES (21, '16110406365762890', 9, 8499, 1, 1, '2021-01-19 15:17:27', 1, '', '', '', 'sssssssssss', 0, '2021-01-19 07:17:16', '2021-01-19 15:17:27');
INSERT INTO `tb_newbee_mall_order` VALUES (22, '16111218123313471', 9, 9398, 0, 0, NULL, 0, '', '', '', 'sssssssssss', 0, '2021-01-20 05:50:12', '2021-01-20 05:50:12');
INSERT INTO `tb_newbee_mall_order` VALUES (23, '16111221800972787', 9, 3999, 0, 0, NULL, 0, '', '', '', 'sssssssssss', 0, '2021-01-20 05:56:20', '2021-01-20 05:56:20');
INSERT INTO `tb_newbee_mall_order` VALUES (24, '16111482193988149', 1, 38466, 1, 2, '2021-01-20 21:10:26', 1, '', '', '', '杭州市西湖区xx小区x幢419 十三 137xxxx2703', 0, '2021-01-20 13:10:19', '2021-01-20 21:10:26');
INSERT INTO `tb_newbee_mall_order` VALUES (25, '16113203757515286', 1, 11216, 1, 2, '2021-01-22 20:59:42', 1, '', '', '', '杭州市西湖区xx小区x幢419 十三 137xxxx2703', 0, '2021-01-22 12:59:35', '2021-01-22 20:59:42');
INSERT INTO `tb_newbee_mall_order` VALUES (26, '16113204818191373', 9, 12198, 1, 1, '2021-01-22 21:01:35', 1, '', '', '', 'sssssssssss', 0, '2021-01-22 13:01:22', '2021-01-22 21:01:35');
INSERT INTO `tb_newbee_mall_order` VALUES (27, '16113205650408598', 9, 5399, 1, 1, '2021-01-22 21:02:52', 1, '', '', '', 'sssssssssss', 0, '2021-01-22 13:02:45', '2021-01-22 21:02:52');
INSERT INTO `tb_newbee_mall_order` VALUES (28, '16114797912711569', 9, 5399, 1, 2, '2021-01-24 17:16:40', 1, '', '', '', 'sssssssssss', 0, '2021-01-24 09:16:32', '2021-01-24 17:16:40');
INSERT INTO `tb_newbee_mall_order` VALUES (29, '16115689547357013', 9, 5482, 1, 2, '2021-01-25 18:02:41', -3, '', '', '', 'sssssssssss', 0, '2021-01-25 10:02:35', '2021-01-26 06:48:23');
INSERT INTO `tb_newbee_mall_order` VALUES (30, '16116418468539757', 9, 1849, 0, 0, NULL, 0, '', '', '', 'sssssssssss', 0, '2021-01-26 06:17:28', '2021-01-26 06:17:28');
INSERT INTO `tb_newbee_mall_order` VALUES (31, '16116421850156593', 9, 5399, 0, 0, NULL, 0, '', '', '', 'cdcdcdcdcdc', 0, '2021-01-26 06:23:06', '2021-01-26 06:23:06');
INSERT INTO `tb_newbee_mall_order` VALUES (32, '16116428787005915', 9, 5399, 0, 0, NULL, 0, '', '', '', 'cdcdcdcdcdc', 0, '2021-01-26 06:34:39', '2021-01-26 06:34:39');
INSERT INTO `tb_newbee_mall_order` VALUES (33, '16116463179368549', 9, 5488, 0, 0, NULL, 0, '', '', '', 'cdcdcdcdcdc', 0, '2021-01-26 07:31:59', '2021-01-26 07:31:59');
INSERT INTO `tb_newbee_mall_order` VALUES (34, '16116464142508725', 9, 5488, 1, 1, '2021-01-26 15:34:42', 1, '', '', '', 'cdcdcdcdcdc', 0, '2021-01-26 07:33:35', '2021-01-26 15:34:42');
INSERT INTO `tb_newbee_mall_order` VALUES (35, '16116465206192440', 9, 5488, 1, 2, '2021-01-26 15:35:25', 1, '', '', '', 'cdcdcdcdcdc', 0, '2021-01-26 07:35:21', '2021-01-26 15:35:25');
INSERT INTO `tb_newbee_mall_order` VALUES (36, '16116476174391578', 9, 5488, 0, 0, NULL, 0, '', '', '', 'cdcdcdcdcdc', 0, '2021-01-26 07:53:38', '2021-01-26 07:53:38');
INSERT INTO `tb_newbee_mall_order` VALUES (37, '16116480620284004', 9, 1246, 1, 2, '2021-01-26 16:01:07', -1, '', '', '', 'cdcdcdcdcdc', 0, '2021-01-26 08:01:03', '2021-01-26 08:01:12');
INSERT INTO `tb_newbee_mall_order` VALUES (38, '16116507488965739', 9, 10887, 1, 2, '2021-01-26 16:45:53', 1, '', '', '', 'cdcdcdcdcdc', 0, '2021-01-26 08:45:50', '2021-01-26 16:45:53');
INSERT INTO `tb_newbee_mall_order` VALUES (39, '16116531065831065', 9, 5399, 1, 2, '2021-01-26 17:25:12', -1, '', '', '', 'cdcdcdcdcdc', 0, '2021-01-26 09:25:07', '2021-01-26 09:25:19');
INSERT INTO `tb_newbee_mall_order` VALUES (40, '16117267155746126', 9, 5488, 1, 1, '2021-01-27 13:52:01', 1, '', '', '', 'cdcdcdcdcdc', 0, '2021-01-27 05:51:56', '2021-01-27 13:52:01');
INSERT INTO `tb_newbee_mall_order` VALUES (41, '16117320714953694', 9, 52, 1, 2, '2021-01-27 15:21:21', 1, '', '', '', 'cdcdcdcdcdc', 0, '2021-01-27 07:21:12', '2021-01-27 15:21:21');
INSERT INTO `tb_newbee_mall_order` VALUES (42, '16117398114593897', 9, 5534, 1, 1, '2021-01-27 17:30:19', -1, '', '', '', 'cdcdcdcdcdc', 0, '2021-01-27 09:30:11', '2021-01-27 09:30:25');
INSERT INTO `tb_newbee_mall_order` VALUES (43, '16117401092291666', 9, 5399, 1, 1, '2021-01-27 17:35:19', 1, '', '', '', 'cdcdcdcdcdc', 0, '2021-01-27 09:35:09', '2021-01-27 17:35:19');
INSERT INTO `tb_newbee_mall_order` VALUES (44, '16117416833773492', 9, 5488, 1, 1, '2021-01-27 18:01:28', 1, '', '', '', 'cdcdcdcdcdc', 0, '2021-01-27 10:01:23', '2021-01-27 18:01:28');
INSERT INTO `tb_newbee_mall_order` VALUES (45, '16117418103493925', 9, 52, 1, 1, '2021-01-27 18:03:36', 1, '', '', '', 'cdcdcdcdcdc', 0, '2021-01-27 10:03:30', '2021-01-27 18:03:36');
INSERT INTO `tb_newbee_mall_order` VALUES (46, '16118131772405859', 15, 7607, 0, 0, NULL, 0, '', '', '', 'sfdg  fd gf', 0, '2021-01-28 05:52:57', '2021-01-28 05:52:57');
INSERT INTO `tb_newbee_mall_order` VALUES (47, '16118132338081053', 15, 9999, 1, 2, '2021-01-28 13:55:38', 1, '', '', '', 'sfdg  fd gf', 0, '2021-01-28 05:53:54', '2021-01-28 13:55:38');
INSERT INTO `tb_newbee_mall_order` VALUES (48, '16119118641111337', 1, 45, 0, 0, NULL, 0, '', '', '', '杭州市西湖区xx小区x幢419 十三 137xxxx2703', 0, '2021-01-29 09:17:44', '2021-01-29 09:17:44');
INSERT INTO `tb_newbee_mall_order` VALUES (49, '16119168973958061', 9, 5488, 1, 1, '2021-01-29 18:41:42', 1, '', '', '', 'cdcdcdcdcdc', 0, '2021-01-29 10:41:37', '2021-01-29 18:41:42');
INSERT INTO `tb_newbee_mall_order` VALUES (50, '16126786386722537', 15, 14007, 0, 0, NULL, 0, '', '', '', 'sfdg  fd gf', 0, '2021-02-07 06:17:19', '2021-02-07 06:17:19');
INSERT INTO `tb_newbee_mall_order` VALUES (51, '16126797394484280', 15, 1246, 0, 0, NULL, 0, '', '', '', '河南省 平顶山市 完善完善无', 0, '2021-02-07 06:35:40', '2021-02-07 06:35:40');

-- ----------------------------
-- Table structure for tb_newbee_mall_order_item
-- ----------------------------
DROP TABLE IF EXISTS `tb_newbee_mall_order_item`;
CREATE TABLE `tb_newbee_mall_order_item`  (
  `order_item_id` bigint(0) NOT NULL AUTO_INCREMENT COMMENT '订单关联购物项主键id',
  `order_id` bigint(0) NOT NULL DEFAULT 0 COMMENT '订单主键id',
  `goods_id` bigint(0) NOT NULL DEFAULT 0 COMMENT '关联商品id',
  `goods_name` varchar(200) CHARACTER SET utf8 COLLATE utf8_general_ci NOT NULL DEFAULT '' COMMENT '下单时商品的名称(订单快照)',
  `goods_cover_img` varchar(200) CHARACTER SET utf8 COLLATE utf8_general_ci NOT NULL DEFAULT '' COMMENT '下单时商品的主图(订单快照)',
  `selling_price` int(0) NOT NULL DEFAULT 1 COMMENT '下单时商品的价格(订单快照)',
  `goods_count` int(0) NOT NULL DEFAULT 1 COMMENT '数量(订单快照)',
  `create_time` datetime(0) NOT NULL DEFAULT CURRENT_TIMESTAMP COMMENT '创建时间',
  PRIMARY KEY (`order_item_id`) USING BTREE
) ENGINE = InnoDB AUTO_INCREMENT = 80 CHARACTER SET = utf8 COLLATE = utf8_general_ci ROW_FORMAT = Dynamic;

-- ----------------------------
-- Records of tb_newbee_mall_order_item
-- ----------------------------
INSERT INTO `tb_newbee_mall_order_item` VALUES (1, 1, 10180, 'Apple AirPods 配充电盒', '/goods-img/64768a8d-0664-4b29-88c9-2626578ffbd1.jpg', 1246, 2, '2021-01-20 22:53:07');
INSERT INTO `tb_newbee_mall_order_item` VALUES (2, 2, 10147, 'MUJI 羽毛 靠垫', '/goods-img/0f701215-b782-40c7-8bbd-97b51be56461.jpg', 65, 1, '2021-01-20 22:55:20');
INSERT INTO `tb_newbee_mall_order_item` VALUES (3, 2, 10158, '无印良品 女式粗棉线条纹长袖T恤', 'http://localhost:28089/goods-img/5488564b-8335-4b0c-a5a4-52f3f03ee728.jpg', 70, 1, '2021-01-20 22:55:20');
INSERT INTO `tb_newbee_mall_order_item` VALUES (4, 3, 10742, '华为 HUAWEI P30 Pro', '/goods-img/dda1d575-cdac-4eb4-a118-3834490166f7.jpg', 5488, 1, '2021-01-20 23:56:40');
INSERT INTO `tb_newbee_mall_order_item` VALUES (5, 3, 10320, 'Apple iPhone 11 Pro', '/goods-img/0025ad55-e260-4a00-be79-fa5b8c5ac0de.jpg', 9999, 1, '2019-09-19 23:56:40');
INSERT INTO `tb_newbee_mall_order_item` VALUES (6, 4, 10254, 'Apple 2019款 MacBook Air 13.3', '/goods-img/7810bc9d-236f-4386-a0ef-45a831b49bf2.jpg', 8499, 1, '2019-09-19 23:58:18');
INSERT INTO `tb_newbee_mall_order_item` VALUES (7, 5, 10104, '无印良品 MUJI 修正带', '/goods-img/98ce17e1-890e-4eaf-856a-7fce8ffebc4c.jpg', 15, 1, '2019-09-20 00:08:04');
INSERT INTO `tb_newbee_mall_order_item` VALUES (8, 5, 10110, '无印良品 MUJI 基础润肤乳霜', '/goods-img/30036561-a150-4ea7-9106-29bbea278909.jpg', 100, 1, '2019-09-20 00:08:04');
INSERT INTO `tb_newbee_mall_order_item` VALUES (9, 6, 10895, 'HUAWEI Mate 30 4000万超感光徕卡影像', '/goods-img/mate30-3.png', 3999, 2, '2019-09-22 22:57:15');
INSERT INTO `tb_newbee_mall_order_item` VALUES (10, 7, 10895, 'HUAWEI Mate 30 4000万超感光徕卡影像', '/goods-img/mate30-3.png', 3999, 1, '2019-09-22 23:01:44');
INSERT INTO `tb_newbee_mall_order_item` VALUES (11, 7, 10320, 'Apple iPhone 11 Pro', '/goods-img/0025ad55-e260-4a00-be79-fa5b8c5ac0de.jpg', 9999, 1, '2019-09-22 23:01:44');
INSERT INTO `tb_newbee_mall_order_item` VALUES (12, 8, 10180, 'Apple AirPods 配充电盒', '/goods-img/64768a8d-0664-4b29-88c9-2626578ffbd1.jpg', 1246, 1, '2019-09-22 23:02:45');
INSERT INTO `tb_newbee_mall_order_item` VALUES (13, 9, 10237, 'MAC 雾面丝绒哑光子弹头口红', 'http://localhost:28089/goods-img/1930d79b-88bd-4c5c-8510-0697c9ad2578.jpg', 165, 4, '2019-09-22 23:03:52');
INSERT INTO `tb_newbee_mall_order_item` VALUES (14, 9, 10254, 'Apple 2019款 MacBook Air 13.3', '/goods-img/7810bc9d-236f-4386-a0ef-45a831b49bf2.jpg', 8499, 2, '2019-09-22 23:03:52');
INSERT INTO `tb_newbee_mall_order_item` VALUES (15, 9, 10195, '索尼 WH-1000XM3 头戴式耳机', 'http://localhost:28089/goods-img/0dc503b2-90a2-4971-9723-c085a1844b76.jpg', 2599, 1, '2019-09-22 23:03:52');
INSERT INTO `tb_newbee_mall_order_item` VALUES (16, 9, 10894, 'HUAWEI Mate 30 Pro', '/goods-img/mate30p3.png', 5399, 1, '2019-09-22 23:03:52');
INSERT INTO `tb_newbee_mall_order_item` VALUES (17, 10, 10894, 'HUAWEI Mate 30 Pro', '/goods-img/mate30p3.png', 5399, 3, '2019-09-22 23:08:06');
INSERT INTO `tb_newbee_mall_order_item` VALUES (18, 11, 10279, 'Apple iPhone 11 (A2223)', '/goods-img/a0d09f94-9c46-4ee1-aaef-dfd132e7543e.jpg', 5999, 1, '2019-09-23 14:43:27');
INSERT INTO `tb_newbee_mall_order_item` VALUES (19, 12, 10279, 'Apple iPhone 11 (A2223)', '/goods-img/a0d09f94-9c46-4ee1-aaef-dfd132e7543e.jpg', 5999, 1, '2019-09-23 14:57:26');
INSERT INTO `tb_newbee_mall_order_item` VALUES (20, 12, 10159, 'Apple AirPods 配充电盒', '/goods-img/53c9f268-7cd4-4fac-909c-2dc066625655.jpg', 1246, 1, '2019-09-23 14:57:26');
INSERT INTO `tb_newbee_mall_order_item` VALUES (21, 13, 10742, '华为 HUAWEI P30 Pro', '/goods-img/dda1d575-cdac-4eb4-a118-3834490166f7.jpg', 5488, 1, '2019-09-23 15:08:46');
INSERT INTO `tb_newbee_mall_order_item` VALUES (22, 14, 10158, '无印良品 女式粗棉线条纹长袖T恤', '/goods-img/5488564b-8335-4b0c-a5a4-52f3f03ee728.jpg', 70, 1, '2019-09-23 16:59:24');
INSERT INTO `tb_newbee_mall_order_item` VALUES (23, 14, 10704, '华为 HUAWEI P30 超感光徕卡三摄麒麟980AI...', '/goods-img/b9e6d770-06dd-40f4-9ae5-31103cec6e5f.jpg', 3988, 1, '2019-09-23 16:59:24');
INSERT INTO `tb_newbee_mall_order_item` VALUES (24, 14, 10739, '华为 HUAWEI P30 Pro', '/goods-img/65c8e729-aeca-4780-977b-4d0d39d4aa2e.jpg', 4988, 1, '2019-09-23 16:59:24');
INSERT INTO `tb_newbee_mall_order_item` VALUES (25, 15, 10147, 'MUJI 羽毛 靠垫', '/goods-img/0f701215-b782-40c7-8bbd-97b51be56461.jpg', 65, 1, '2019-09-23 17:05:34');
INSERT INTO `tb_newbee_mall_order_item` VALUES (26, 16, 10742, '华为 HUAWEI P30 Pro', '/goods-img/dda1d575-cdac-4eb4-a118-3834490166f7.jpg', 5488, 1, '2019-09-23 17:10:03');
INSERT INTO `tb_newbee_mall_order_item` VALUES (27, 16, 10159, 'Apple AirPods 配充电盒', '/goods-img/53c9f268-7cd4-4fac-909c-2dc066625655.jpg', 1246, 1, '2019-09-23 17:10:03');
INSERT INTO `tb_newbee_mall_order_item` VALUES (28, 16, 10254, 'Apple 2019款 MacBook Air 13.3', '/goods-img/7810bc9d-236f-4386-a0ef-45a831b49bf2.jpg', 8499, 1, '2019-09-23 17:10:03');
INSERT INTO `tb_newbee_mall_order_item` VALUES (29, 17, 10180, 'Apple AirPods 配充电盒', '/goods-img/64768a8d-0664-4b29-88c9-2626578ffbd1.jpg', 1246, 1, '2019-09-26 14:09:56');
INSERT INTO `tb_newbee_mall_order_item` VALUES (30, 18, 10779, '华为 HUAWEI Mate 20', '/goods-img/08f9a912-f049-4cf8-a839-115fc6582398.jpg', 3199, 1, '2019-09-30 08:38:26');
INSERT INTO `tb_newbee_mall_order_item` VALUES (31, 19, 10742, '华为 HUAWEI P30 Pro', '/goods-img/dda1d575-cdac-4eb4-a118-3834490166f7.jpg', 5488, 1, '2019-10-05 20:20:10');
INSERT INTO `tb_newbee_mall_order_item` VALUES (32, 19, 10154, '无印良品 MUJI 塑料浴室座椅', '/goods-img/15395057-94e9-4545-a8ee-8aee025f40c5.jpg', 85, 1, '2019-10-05 20:20:10');
INSERT INTO `tb_newbee_mall_order_item` VALUES (33, 19, 10159, 'Apple AirPods 配充电盒', '/goods-img/53c9f268-7cd4-4fac-909c-2dc066625655.jpg', 1246, 1, '2019-10-05 20:20:10');
INSERT INTO `tb_newbee_mall_order_item` VALUES (34, 20, 10895, 'HUAWEI Mate 30 4000万超感光徕卡影像', '/goods-img/mate30-3.png', 3999, 1, '2019-10-05 22:12:47');
INSERT INTO `tb_newbee_mall_order_item` VALUES (35, 21, 10254, 'Apple 2019款 MacBook Air 13.3', '/s/7810bc9d-236f-4386-a0ef-45a831b49bf2.jpg', 8499, 1, '2021-01-19 07:17:16');
INSERT INTO `tb_newbee_mall_order_item` VALUES (36, 22, 10895, 'HUAWEI Mate 30 4000万超感光徕卡影像', '/s/mate30-3.png', 3999, 1, '2021-01-20 05:50:12');
INSERT INTO `tb_newbee_mall_order_item` VALUES (37, 22, 10893, 'HUAWEI Mate 30 Pro 双4000万徕卡电...', '/s/mate30p2.png', 5399, 1, '2021-01-20 05:50:12');
INSERT INTO `tb_newbee_mall_order_item` VALUES (38, 23, 10895, 'HUAWEI Mate 30 4000万超感光徕卡影像', '/s/mate30-3.png', 3999, 1, '2021-01-20 05:56:20');
INSERT INTO `tb_newbee_mall_order_item` VALUES (39, 24, 10742, '华为 HUAWEI P30 Pro', '/s/dda1d575-cdac-4eb4-a118-3834490166f7.jpg', 5488, 2, '2021-01-20 13:10:19');
INSERT INTO `tb_newbee_mall_order_item` VALUES (40, 24, 10722, '华为 HUAWEI 畅享 9S', '/s/b49530f5-fe13-42b3-9ca9-6f1367e0f8f8.jpg', 1199, 5, '2021-01-20 13:10:19');
INSERT INTO `tb_newbee_mall_order_item` VALUES (41, 24, 10909, 'ipad 2020', 'http://localhost:28089/upload/20210120_19422077.jpg', 4299, 5, '2021-01-20 13:10:19');
INSERT INTO `tb_newbee_mall_order_item` VALUES (42, 25, 10742, '华为 HUAWEI P30 Pro', '/s/dda1d575-cdac-4eb4-a118-3834490166f7.jpg', 5488, 1, '2021-01-22 12:59:35');
INSERT INTO `tb_newbee_mall_order_item` VALUES (43, 25, 10159, 'Apple AirPods 配充电盒', '/s/53c9f268-7cd4-4fac-909c-2dc066625655.jpg', 1246, 1, '2021-01-22 12:59:35');
INSERT INTO `tb_newbee_mall_order_item` VALUES (44, 25, 10005, '无印良品 MUJI 基础润肤乳液', '/s/7614ce78-0ebc-4275-a7cc-d16ad5f5f6ed.jpg', 83, 1, '2021-01-22 12:59:35');
INSERT INTO `tb_newbee_mall_order_item` VALUES (45, 25, 10903, '华为 HUAWEI P40 冰霜银 全网通5G手机', 'https://newbee-mall.oss-cn-beijing.aliyuncs.com/images/p40-silver.png', 4399, 1, '2021-01-22 12:59:35');
INSERT INTO `tb_newbee_mall_order_item` VALUES (46, 26, 10283, 'Apple iPhone 11 (A2223)', '/s/075a188a-9045-45f0-9c67-1e42e0552aa2.jpg', 6799, 1, '2021-01-22 13:01:22');
INSERT INTO `tb_newbee_mall_order_item` VALUES (47, 26, 10893, 'HUAWEI Mate 30 Pro 双4000万徕卡电...', '/s/mate30p2.png', 5399, 1, '2021-01-22 13:01:22');
INSERT INTO `tb_newbee_mall_order_item` VALUES (48, 27, 10893, 'HUAWEI Mate 30 Pro 双4000万徕卡电...', '/s/mate30p2.png', 5399, 1, '2021-01-22 13:02:45');
INSERT INTO `tb_newbee_mall_order_item` VALUES (49, 28, 10893, 'HUAWEI Mate 30 Pro 双4000万徕卡电...', '/s/mate30p2.png', 5399, 1, '2021-01-24 09:16:32');
INSERT INTO `tb_newbee_mall_order_item` VALUES (50, 29, 10026, '无印良品 MUJI 基础润肤乳液', '/s/4059caa9-e0b3-4ac3-a494-b9e4c47e0185.jpg', 83, 1, '2021-01-25 10:02:35');
INSERT INTO `tb_newbee_mall_order_item` VALUES (51, 29, 10893, 'HUAWEI Mate 30 Pro 双4000万徕卡电...', '/s/mate30p2.png', 5399, 1, '2021-01-25 10:02:35');
INSERT INTO `tb_newbee_mall_order_item` VALUES (52, 30, 10889, '小米8 游戏手机 全面屏 蓝色', '/admin/dist/img/no-img.png', 1849, 1, '2021-01-26 06:17:28');
INSERT INTO `tb_newbee_mall_order_item` VALUES (53, 31, 10893, 'HUAWEI Mate 30 Pro 双4000万徕卡电...', '/s/mate30p2.png', 5399, 1, '2021-01-26 06:23:06');
INSERT INTO `tb_newbee_mall_order_item` VALUES (54, 32, 10893, 'HUAWEI Mate 30 Pro 双4000万徕卡电...', '/s/mate30p2.png', 5399, 1, '2021-01-26 06:34:40');
INSERT INTO `tb_newbee_mall_order_item` VALUES (55, 33, 10742, '华为 HUAWEI P30 Pro', '/s/dda1d575-cdac-4eb4-a118-3834490166f7.jpg', 5488, 1, '2021-01-26 07:31:59');
INSERT INTO `tb_newbee_mall_order_item` VALUES (56, 34, 10742, '华为 HUAWEI P30 Pro', '/s/dda1d575-cdac-4eb4-a118-3834490166f7.jpg', 5488, 1, '2021-01-26 07:33:35');
INSERT INTO `tb_newbee_mall_order_item` VALUES (57, 35, 10742, '华为 HUAWEI P30 Pro', '/s/dda1d575-cdac-4eb4-a118-3834490166f7.jpg', 5488, 1, '2021-01-26 07:35:21');
INSERT INTO `tb_newbee_mall_order_item` VALUES (58, 36, 10742, '华为 HUAWEI P30 Pro', '/s/dda1d575-cdac-4eb4-a118-3834490166f7.jpg', 5488, 1, '2021-01-26 07:53:38');
INSERT INTO `tb_newbee_mall_order_item` VALUES (59, 37, 10159, 'Apple AirPods 配充电盒', '/s/53c9f268-7cd4-4fac-909c-2dc066625655.jpg', 1246, 1, '2021-01-26 08:01:03');
INSERT INTO `tb_newbee_mall_order_item` VALUES (60, 38, 10893, 'HUAWEI Mate 30 Pro 双4000万徕卡电...', '/s/mate30p2.png', 5399, 1, '2021-01-26 08:45:50');
INSERT INTO `tb_newbee_mall_order_item` VALUES (61, 38, 10742, '华为 HUAWEI P30 Pro', '/s/dda1d575-cdac-4eb4-a118-3834490166f7.jpg', 5488, 1, '2021-01-26 08:45:50');
INSERT INTO `tb_newbee_mall_order_item` VALUES (62, 39, 10893, 'HUAWEI Mate 30 Pro 双4000万徕卡电...', '/s/mate30p2.png', 5399, 1, '2021-01-26 09:25:07');
INSERT INTO `tb_newbee_mall_order_item` VALUES (63, 40, 10742, '华为 HUAWEI P30 Pro', '/s/dda1d575-cdac-4eb4-a118-3834490166f7.jpg', 5488, 1, '2021-01-27 05:51:56');
INSERT INTO `tb_newbee_mall_order_item` VALUES (64, 41, 10021, '无印良品（MUJI） 无针订书机 其他', '/s/cf19de8b-e94e-4513-aecd-a0b5c976b738.jpg', 52, 1, '2021-01-27 07:21:12');
INSERT INTO `tb_newbee_mall_order_item` VALUES (65, 42, 10010, '无印良品 MUJI 基础润肤洁面泡沫', '/s/f87bdee1-ed48-4b49-b701-cc44f26a2699.jpg', 83, 1, '2021-01-27 09:30:11');
INSERT INTO `tb_newbee_mall_order_item` VALUES (66, 42, 10021, '无印良品（MUJI） 无针订书机 其他', '/s/cf19de8b-e94e-4513-aecd-a0b5c976b738.jpg', 52, 1, '2021-01-27 09:30:11');
INSERT INTO `tb_newbee_mall_order_item` VALUES (67, 42, 10893, 'HUAWEI Mate 30 Pro 双4000万徕卡电...', '/s/mate30p2.png', 5399, 1, '2021-01-27 09:30:11');
INSERT INTO `tb_newbee_mall_order_item` VALUES (68, 43, 10893, 'HUAWEI Mate 30 Pro 双4000万徕卡电...', '/s/mate30p2.png', 5399, 1, '2021-01-27 09:35:09');
INSERT INTO `tb_newbee_mall_order_item` VALUES (69, 44, 10742, '华为 HUAWEI P30 Pro', '/s/dda1d575-cdac-4eb4-a118-3834490166f7.jpg', 5488, 1, '2021-01-27 10:01:23');
INSERT INTO `tb_newbee_mall_order_item` VALUES (70, 45, 10021, '无印良品（MUJI） 无针订书机 其他', '/s/cf19de8b-e94e-4513-aecd-a0b5c976b738.jpg', 52, 1, '2021-01-27 10:03:30');
INSERT INTO `tb_newbee_mall_order_item` VALUES (71, 46, 10890, '小米 红米7 手机 Redmi7', '/s/b6084354-1841-4241-ba7b-7e97186a9076.jpg', 808, 1, '2021-01-28 05:52:57');
INSERT INTO `tb_newbee_mall_order_item` VALUES (72, 46, 10283, 'Apple iPhone 11 (A2223)', '/s/075a188a-9045-45f0-9c67-1e42e0552aa2.jpg', 6799, 1, '2021-01-28 05:52:57');
INSERT INTO `tb_newbee_mall_order_item` VALUES (73, 47, 10320, 'Apple iPhone 11 Pro', '/s/0025ad55-e260-4a00-be79-fa5b8c5ac0de.jpg', 9999, 1, '2021-01-28 05:53:54');
INSERT INTO `tb_newbee_mall_order_item` VALUES (74, 48, 10004, '无印良品 MUJI 柔和洁面泡沫', '/s/45854bdd-2ca5-423c-a609-3d336d9322b4.jpg', 45, 1, '2021-01-29 09:17:44');
INSERT INTO `tb_newbee_mall_order_item` VALUES (75, 49, 10742, '华为 HUAWEI P30 Pro', '/s/dda1d575-cdac-4eb4-a118-3834490166f7.jpg', 5488, 1, '2021-01-29 10:41:37');
INSERT INTO `tb_newbee_mall_order_item` VALUES (76, 50, 10906, 'Apple iPhone12 Pro (A2408) 1...', 'https://newbee-mall.oss-cn-beijing.aliyuncs.com/images/iphone-12-pro-blue-hero.png', 8499, 1, '2021-02-07 06:17:19');
INSERT INTO `tb_newbee_mall_order_item` VALUES (77, 50, 10742, '华为 HUAWEI P30 Pro', '/s/dda1d575-cdac-4eb4-a118-3834490166f7.jpg', 5488, 1, '2021-02-07 06:17:19');
INSERT INTO `tb_newbee_mall_order_item` VALUES (78, 50, 10917, '我就测试下而已', 'http://localhost:28089/upload/20210126_14445845.jpg', 20, 1, '2021-02-07 06:17:19');
INSERT INTO `tb_newbee_mall_order_item` VALUES (79, 51, 10159, 'Apple AirPods 配充电盒', '/s/53c9f268-7cd4-4fac-909c-2dc066625655.jpg', 1246, 1, '2021-02-07 06:35:40');

-- ----------------------------
-- Table structure for tb_newbee_mall_shopping_cart_item
-- ----------------------------
DROP TABLE IF EXISTS `tb_newbee_mall_shopping_cart_item`;
CREATE TABLE `tb_newbee_mall_shopping_cart_item`  (
  `cart_item_id` bigint(0) NOT NULL AUTO_INCREMENT COMMENT '购物项主键id',
  `user_id` bigint(0) NOT NULL COMMENT '用户主键id',
  `goods_id` bigint(0) NOT NULL DEFAULT 0 COMMENT '关联商品id',
  `goods_count` int(0) NOT NULL DEFAULT 1 COMMENT '数量(最大为5)',
  `is_deleted` tinyint(0) NOT NULL DEFAULT 0 COMMENT '删除标识字段(0-未删除 1-已删除)',
  `create_time` datetime(0) NOT NULL DEFAULT CURRENT_TIMESTAMP COMMENT '创建时间',
  `update_time` datetime(0) NOT NULL DEFAULT CURRENT_TIMESTAMP COMMENT '最新修改时间',
  PRIMARY KEY (`cart_item_id`) USING BTREE
) ENGINE = InnoDB AUTO_INCREMENT = 217 CHARACTER SET = utf8 COLLATE = utf8_general_ci ROW_FORMAT = Dynamic;

-- ----------------------------
-- Records of tb_newbee_mall_shopping_cart_item
-- ----------------------------
INSERT INTO `tb_newbee_mall_shopping_cart_item` VALUES (69, 9, 10254, 1, 1, '2021-01-19 07:16:39', '2021-01-19 07:16:39');
INSERT INTO `tb_newbee_mall_shopping_cart_item` VALUES (70, 1, 10742, 2, 1, '2021-01-19 08:23:34', '2021-01-20 21:09:58');
INSERT INTO `tb_newbee_mall_shopping_cart_item` VALUES (71, 9, 10895, 1, 1, '2021-01-19 11:54:06', '2021-01-19 11:54:06');
INSERT INTO `tb_newbee_mall_shopping_cart_item` VALUES (72, 9, 10893, 1, 1, '2021-01-20 05:43:08', '2021-01-20 05:43:08');
INSERT INTO `tb_newbee_mall_shopping_cart_item` VALUES (73, 9, 10895, 1, 1, '2021-01-20 05:55:22', '2021-01-20 05:55:22');
INSERT INTO `tb_newbee_mall_shopping_cart_item` VALUES (74, 9, 10283, 1, 1, '2021-01-20 06:30:50', '2021-01-20 06:30:50');
INSERT INTO `tb_newbee_mall_shopping_cart_item` VALUES (75, 1, 10722, 5, 1, '2021-01-20 13:09:20', '2021-01-20 21:10:04');
INSERT INTO `tb_newbee_mall_shopping_cart_item` VALUES (76, 1, 10909, 5, 1, '2021-01-20 13:09:45', '2021-01-20 21:10:07');
INSERT INTO `tb_newbee_mall_shopping_cart_item` VALUES (77, 1, 10742, 1, 1, '2021-01-20 13:34:47', '2021-01-20 23:33:28');
INSERT INTO `tb_newbee_mall_shopping_cart_item` VALUES (78, 1, 10159, 1, 1, '2021-01-20 13:36:27', '2021-01-20 13:36:27');
INSERT INTO `tb_newbee_mall_shopping_cart_item` VALUES (79, 1, 10005, 1, 1, '2021-01-22 10:44:01', '2021-01-22 10:44:01');
INSERT INTO `tb_newbee_mall_shopping_cart_item` VALUES (80, 9, 10893, 1, 1, '2021-01-22 12:59:27', '2021-01-22 12:59:27');
INSERT INTO `tb_newbee_mall_shopping_cart_item` VALUES (81, 1, 10903, 1, 1, '2021-01-22 12:59:28', '2021-01-22 12:59:28');
INSERT INTO `tb_newbee_mall_shopping_cart_item` VALUES (82, 1, 10903, 1, 1, '2021-01-22 13:00:22', '2021-01-22 21:00:27');
INSERT INTO `tb_newbee_mall_shopping_cart_item` VALUES (89, 9, 10020, 1, 1, '2021-01-25 07:28:44', '2021-01-25 07:28:44');
INSERT INTO `tb_newbee_mall_shopping_cart_item` VALUES (90, 13, 10024, 1, 1, '2021-01-25 07:43:16', '2021-01-25 07:43:16');
INSERT INTO `tb_newbee_mall_shopping_cart_item` VALUES (91, 13, 10006, 1, 1, '2021-01-25 08:24:10', '2021-01-25 08:24:10');
INSERT INTO `tb_newbee_mall_shopping_cart_item` VALUES (92, 9, 10026, 1, 1, '2021-01-25 09:07:13', '2021-01-25 09:07:13');
INSERT INTO `tb_newbee_mall_shopping_cart_item` VALUES (93, 9, 10893, 1, 1, '2021-01-25 10:01:11', '2021-01-25 10:01:11');
INSERT INTO `tb_newbee_mall_shopping_cart_item` VALUES (94, 9, 10015, 1, 1, '2021-01-25 10:50:16', '2021-01-25 18:50:16');
INSERT INTO `tb_newbee_mall_shopping_cart_item` VALUES (95, 9, 10009, 1, 1, '2021-01-25 11:31:21', '2021-01-25 11:31:21');
INSERT INTO `tb_newbee_mall_shopping_cart_item` VALUES (96, 1, 10009, 1, 1, '2021-01-25 11:37:34', '2021-01-25 11:37:34');
INSERT INTO `tb_newbee_mall_shopping_cart_item` VALUES (97, 9, 10037, 1, 1, '2021-01-25 12:26:44', '2021-01-25 12:26:44');
INSERT INTO `tb_newbee_mall_shopping_cart_item` VALUES (98, 9, 10889, 1, 1, '2021-01-26 06:03:52', '2021-01-26 06:03:52');
INSERT INTO `tb_newbee_mall_shopping_cart_item` VALUES (99, 13, 10889, 1, 1, '2021-01-26 06:03:52', '2021-01-26 06:03:52');
INSERT INTO `tb_newbee_mall_shopping_cart_item` VALUES (100, 13, 10889, 1, 1, '2021-01-26 06:12:16', '2021-01-26 14:16:24');
INSERT INTO `tb_newbee_mall_shopping_cart_item` VALUES (101, 9, 10889, 1, 1, '2021-01-26 06:12:16', '2021-01-26 14:16:24');
INSERT INTO `tb_newbee_mall_shopping_cart_item` VALUES (102, 9, 10893, 1, 1, '2021-01-26 06:22:12', '2021-01-26 06:22:12');
INSERT INTO `tb_newbee_mall_shopping_cart_item` VALUES (103, 1, 10906, 1, 1, '2021-01-26 06:23:03', '2021-01-26 06:23:03');
INSERT INTO `tb_newbee_mall_shopping_cart_item` VALUES (104, 14, 10906, 1, 1, '2021-01-26 06:23:03', '2021-01-26 06:23:03');
INSERT INTO `tb_newbee_mall_shopping_cart_item` VALUES (105, 9, 10893, 1, 1, '2021-01-26 06:27:54', '2021-01-26 06:27:54');
INSERT INTO `tb_newbee_mall_shopping_cart_item` VALUES (106, 14, 10889, 1, 1, '2021-01-26 06:28:40', '2021-01-26 06:28:40');
INSERT INTO `tb_newbee_mall_shopping_cart_item` VALUES (107, 1, 10889, 1, 1, '2021-01-26 06:28:40', '2021-01-26 06:28:40');
INSERT INTO `tb_newbee_mall_shopping_cart_item` VALUES (112, 9, 10159, 1, 1, '2021-01-26 08:00:58', '2021-01-26 08:00:58');
INSERT INTO `tb_newbee_mall_shopping_cart_item` VALUES (113, 9, 10893, 1, 1, '2021-01-26 08:11:30', '2021-01-26 08:11:30');
INSERT INTO `tb_newbee_mall_shopping_cart_item` VALUES (114, 13, 10893, 1, 1, '2021-01-26 08:11:30', '2021-01-26 08:11:30');
INSERT INTO `tb_newbee_mall_shopping_cart_item` VALUES (115, 9, 10742, 1, 1, '2021-01-26 08:45:46', '2021-01-26 08:45:46');
INSERT INTO `tb_newbee_mall_shopping_cart_item` VALUES (116, 9, 10893, 1, 1, '2021-01-26 09:25:04', '2021-01-26 09:25:04');
INSERT INTO `tb_newbee_mall_shopping_cart_item` VALUES (119, 9, 10021, 1, 1, '2021-01-27 07:20:57', '2021-01-27 07:20:57');
INSERT INTO `tb_newbee_mall_shopping_cart_item` VALUES (120, 9, 10010, 1, 1, '2021-01-27 07:43:08', '2021-01-27 07:43:08');
INSERT INTO `tb_newbee_mall_shopping_cart_item` VALUES (121, 13, 10010, 1, 1, '2021-01-27 07:43:08', '2021-01-27 07:43:08');
INSERT INTO `tb_newbee_mall_shopping_cart_item` VALUES (122, 13, 10021, 1, 1, '2021-01-27 08:53:10', '2021-01-27 17:01:37');
INSERT INTO `tb_newbee_mall_shopping_cart_item` VALUES (123, 9, 10021, 1, 1, '2021-01-27 08:53:11', '2021-01-27 17:01:37');
INSERT INTO `tb_newbee_mall_shopping_cart_item` VALUES (124, 9, 10893, 1, 1, '2021-01-27 09:30:06', '2021-01-27 09:30:06');
INSERT INTO `tb_newbee_mall_shopping_cart_item` VALUES (125, 9, 10893, 1, 1, '2021-01-27 09:32:35', '2021-01-27 09:32:35');
INSERT INTO `tb_newbee_mall_shopping_cart_item` VALUES (126, 9, 10742, 1, 1, '2021-01-27 10:01:18', '2021-01-27 10:01:18');
INSERT INTO `tb_newbee_mall_shopping_cart_item` VALUES (127, 9, 10021, 1, 1, '2021-01-27 10:02:58', '2021-01-27 10:02:58');
INSERT INTO `tb_newbee_mall_shopping_cart_item` VALUES (128, 9, 10742, 1, 1, '2021-01-27 12:05:25', '2021-01-27 12:05:25');
INSERT INTO `tb_newbee_mall_shopping_cart_item` VALUES (129, 1, 10890, 1, 1, '2021-01-27 14:23:21', '2021-01-27 22:23:22');
INSERT INTO `tb_newbee_mall_shopping_cart_item` VALUES (130, 15, 10890, 1, 1, '2021-01-28 05:52:15', '2021-01-28 05:52:15');
INSERT INTO `tb_newbee_mall_shopping_cart_item` VALUES (140, 9, 10918, 1, 1, '2021-01-29 05:42:14', '2021-01-29 13:49:14');
INSERT INTO `tb_newbee_mall_shopping_cart_item` VALUES (141, 13, 10918, 1, 1, '2021-01-29 05:42:15', '2021-01-29 13:49:14');
INSERT INTO `tb_newbee_mall_shopping_cart_item` VALUES (142, 13, 10021, 1, 1, '2021-01-29 05:42:32', '2021-01-29 05:42:32');
INSERT INTO `tb_newbee_mall_shopping_cart_item` VALUES (143, 13, 10918, 1, 1, '2021-01-29 06:23:06', '2021-01-29 06:23:06');
INSERT INTO `tb_newbee_mall_shopping_cart_item` VALUES (144, 13, 10918, 1, 1, '2021-01-29 06:24:17', '2021-01-29 06:24:17');
INSERT INTO `tb_newbee_mall_shopping_cart_item` VALUES (145, 13, 10918, 1, 1, '2021-01-29 07:08:33', '2021-01-29 15:12:03');
INSERT INTO `tb_newbee_mall_shopping_cart_item` VALUES (146, 9, 10918, 1, 1, '2021-01-29 07:12:03', '2021-01-29 07:12:03');
INSERT INTO `tb_newbee_mall_shopping_cart_item` VALUES (147, 9, 10918, 1, 1, '2021-01-29 07:12:03', '2021-01-29 07:12:03');
INSERT INTO `tb_newbee_mall_shopping_cart_item` VALUES (148, 13, 10918, 1, 1, '2021-01-29 08:36:42', '2021-01-29 16:43:37');
INSERT INTO `tb_newbee_mall_shopping_cart_item` VALUES (149, 9, 10918, 1, 1, '2021-01-29 08:38:14', '2021-01-29 16:43:36');
INSERT INTO `tb_newbee_mall_shopping_cart_item` VALUES (150, 9, 10008, 1, 1, '2021-01-29 08:47:45', '2021-01-29 08:47:45');
INSERT INTO `tb_newbee_mall_shopping_cart_item` VALUES (151, 13, 10008, 1, 1, '2021-01-29 08:47:45', '2021-01-29 08:47:45');
INSERT INTO `tb_newbee_mall_shopping_cart_item` VALUES (152, 14, 10004, 1, 1, '2021-01-29 08:57:09', '2021-01-29 08:57:09');
INSERT INTO `tb_newbee_mall_shopping_cart_item` VALUES (153, 15, 10004, 1, 1, '2021-01-29 08:59:27', '2021-01-29 08:59:27');
INSERT INTO `tb_newbee_mall_shopping_cart_item` VALUES (154, 14, 10004, 1, 1, '2021-01-29 08:59:27', '2021-01-29 08:59:27');
INSERT INTO `tb_newbee_mall_shopping_cart_item` VALUES (155, 14, 10004, 1, 1, '2021-01-29 09:03:42', '2021-01-29 09:03:42');
INSERT INTO `tb_newbee_mall_shopping_cart_item` VALUES (156, 1, 10004, 1, 1, '2021-01-29 09:05:20', '2021-01-29 09:05:20');
INSERT INTO `tb_newbee_mall_shopping_cart_item` VALUES (157, 14, 10004, 1, 1, '2021-01-29 09:13:23', '2021-01-29 09:13:23');
INSERT INTO `tb_newbee_mall_shopping_cart_item` VALUES (158, 1, 10004, 1, 1, '2021-01-29 09:13:23', '2021-01-29 17:14:06');
INSERT INTO `tb_newbee_mall_shopping_cart_item` VALUES (159, 15, 10004, 1, 1, '2021-01-29 09:14:06', '2021-01-29 09:14:06');
INSERT INTO `tb_newbee_mall_shopping_cart_item` VALUES (160, 15, 10742, 1, 1, '2021-01-29 09:15:51', '2021-01-29 17:15:57');
INSERT INTO `tb_newbee_mall_shopping_cart_item` VALUES (161, 15, 10779, 1, 1, '2021-01-29 09:16:45', '2021-01-29 09:16:45');
INSERT INTO `tb_newbee_mall_shopping_cart_item` VALUES (162, 1, 10004, 1, 1, '2021-01-29 09:22:56', '2021-01-29 09:22:56');
INSERT INTO `tb_newbee_mall_shopping_cart_item` VALUES (163, 15, 10917, 1, 1, '2021-01-29 09:23:03', '2021-01-29 09:23:03');
INSERT INTO `tb_newbee_mall_shopping_cart_item` VALUES (164, 1, 10004, 1, 1, '2021-01-29 09:24:58', '2021-01-29 09:24:58');
INSERT INTO `tb_newbee_mall_shopping_cart_item` VALUES (165, 1, 10917, 1, 1, '2021-01-29 09:25:00', '2021-01-29 09:25:00');
INSERT INTO `tb_newbee_mall_shopping_cart_item` VALUES (166, 15, 10917, 1, 1, '2021-01-29 09:26:37', '2021-01-29 09:26:37');
INSERT INTO `tb_newbee_mall_shopping_cart_item` VALUES (167, 1, 10004, 1, 1, '2021-01-29 09:26:39', '2021-01-29 09:26:39');
INSERT INTO `tb_newbee_mall_shopping_cart_item` VALUES (172, 13, 10906, 1, 1, '2021-01-29 09:39:02', '2021-01-29 09:39:02');
INSERT INTO `tb_newbee_mall_shopping_cart_item` VALUES (173, 9, 10021, 1, 1, '2021-01-29 09:39:15', '2021-01-29 09:39:15');
INSERT INTO `tb_newbee_mall_shopping_cart_item` VALUES (174, 9, 10004, 1, 1, '2021-01-29 09:43:45', '2021-01-29 09:43:45');
INSERT INTO `tb_newbee_mall_shopping_cart_item` VALUES (175, 15, 10917, 1, 1, '2021-01-29 09:43:59', '2021-01-29 09:43:59');
INSERT INTO `tb_newbee_mall_shopping_cart_item` VALUES (176, 9, 10008, 1, 1, '2021-01-29 09:48:12', '2021-01-29 09:48:12');
INSERT INTO `tb_newbee_mall_shopping_cart_item` VALUES (177, 15, 10008, 1, 1, '2021-01-29 09:48:12', '2021-01-29 09:48:12');
INSERT INTO `tb_newbee_mall_shopping_cart_item` VALUES (178, 13, 10905, 1, 1, '2021-01-29 10:07:21', '2021-01-29 10:07:21');
INSERT INTO `tb_newbee_mall_shopping_cart_item` VALUES (179, 9, 10905, 1, 1, '2021-01-29 10:07:21', '2021-01-29 10:07:21');
INSERT INTO `tb_newbee_mall_shopping_cart_item` VALUES (180, 13, 10895, 1, 1, '2021-01-29 10:07:56', '2021-01-29 10:07:56');
INSERT INTO `tb_newbee_mall_shopping_cart_item` VALUES (181, 9, 10895, 1, 1, '2021-01-29 10:07:56', '2021-01-29 10:07:56');
INSERT INTO `tb_newbee_mall_shopping_cart_item` VALUES (182, 9, 10906, 1, 1, '2021-01-29 10:18:05', '2021-01-29 10:18:05');
INSERT INTO `tb_newbee_mall_shopping_cart_item` VALUES (183, 13, 10905, 1, 1, '2021-01-29 10:18:23', '2021-01-29 10:18:23');
INSERT INTO `tb_newbee_mall_shopping_cart_item` VALUES (184, 1, 10905, 1, 1, '2021-01-29 10:21:05', '2021-01-29 10:21:05');
INSERT INTO `tb_newbee_mall_shopping_cart_item` VALUES (185, 14, 10906, 1, 1, '2021-01-29 10:22:22', '2021-01-29 10:22:22');
INSERT INTO `tb_newbee_mall_shopping_cart_item` VALUES (186, 14, 10905, 1, 1, '2021-01-29 10:25:51', '2021-01-29 10:25:51');
INSERT INTO `tb_newbee_mall_shopping_cart_item` VALUES (206, 9, 10918, 1, 0, '2021-01-30 05:47:54', '2021-01-30 05:47:54');
INSERT INTO `tb_newbee_mall_shopping_cart_item` VALUES (207, 13, 10918, 1, 0, '2021-01-30 05:47:54', '2021-01-30 05:47:54');
INSERT INTO `tb_newbee_mall_shopping_cart_item` VALUES (208, 11, 10903, 1, 0, '2021-01-30 14:16:45', '2021-01-30 22:32:55');
INSERT INTO `tb_newbee_mall_shopping_cart_item` VALUES (209, 10, 10903, 1, 0, '2021-01-30 14:23:52', '2021-01-30 22:32:55');
INSERT INTO `tb_newbee_mall_shopping_cart_item` VALUES (210, 10, 10905, 1, 0, '2021-01-30 14:37:04', '2021-01-30 14:37:04');
INSERT INTO `tb_newbee_mall_shopping_cart_item` VALUES (211, 14, 10906, 1, 1, '2021-01-30 15:14:32', '2021-01-30 15:14:32');
INSERT INTO `tb_newbee_mall_shopping_cart_item` VALUES (212, 15, 10906, 1, 1, '2021-01-30 15:14:32', '2021-01-30 23:21:02');
INSERT INTO `tb_newbee_mall_shopping_cart_item` VALUES (213, 15, 10742, 1, 1, '2021-01-30 15:20:50', '2021-01-30 15:20:50');
INSERT INTO `tb_newbee_mall_shopping_cart_item` VALUES (214, 15, 10917, 1, 1, '2021-01-30 16:20:54', '2021-01-30 16:20:54');
INSERT INTO `tb_newbee_mall_shopping_cart_item` VALUES (215, 14, 10917, 1, 0, '2021-01-30 16:20:54', '2021-01-30 16:20:54');
INSERT INTO `tb_newbee_mall_shopping_cart_item` VALUES (216, 15, 10159, 1, 1, '2021-02-07 06:34:11', '2021-02-07 06:34:11');

-- ----------------------------
-- Table structure for tb_newbee_mall_user
-- ----------------------------
DROP TABLE IF EXISTS `tb_newbee_mall_user`;
CREATE TABLE `tb_newbee_mall_user`  (
  `user_id` bigint(0) NOT NULL AUTO_INCREMENT COMMENT '用户主键id',
  `nick_name` varchar(50) CHARACTER SET utf8 COLLATE utf8_general_ci NOT NULL DEFAULT '' COMMENT '用户昵称',
  `login_name` varchar(11) CHARACTER SET utf8 COLLATE utf8_general_ci NOT NULL DEFAULT '' COMMENT '登陆名称(默认为手机号)',
  `password_md5` varchar(32) CHARACTER SET utf8 COLLATE utf8_general_ci NOT NULL DEFAULT '' COMMENT 'MD5加密后的密码',
  `introduce_sign` varchar(100) CHARACTER SET utf8 COLLATE utf8_general_ci NOT NULL DEFAULT '' COMMENT '个性签名',
  `address` varchar(100) CHARACTER SET utf8 COLLATE utf8_general_ci NOT NULL DEFAULT '' COMMENT '收货地址',
  `is_deleted` tinyint(0) NOT NULL DEFAULT 0 COMMENT '注销标识字段(0-正常 1-已注销)',
  `locked_flag` tinyint(0) NOT NULL DEFAULT 0 COMMENT '锁定标识字段(0-未锁定 1-已锁定)',
  `create_time` datetime(0) NOT NULL DEFAULT CURRENT_TIMESTAMP COMMENT '注册时间',
  PRIMARY KEY (`user_id`) USING BTREE
) ENGINE = InnoDB AUTO_INCREMENT = 17 CHARACTER SET = utf8 COLLATE = utf8_general_ci ROW_FORMAT = Dynamic;

-- ----------------------------
-- Records of tb_newbee_mall_user
-- ----------------------------
INSERT INTO `tb_newbee_mall_user` VALUES (1, '十三', '13700002703', 'e10adc3949ba59abbe56e057f20f883e', '我不怕千万人阻挡，只怕自己投降', '杭州市西湖区xx小区x幢419 十三 137xxxx2703', 0, 0, '2021-01-20 12:12:05');
INSERT INTO `tb_newbee_mall_user` VALUES (6, '测试用户1', '13711113333', 'dda01dc6d334badcd031102be6bee182', '测试用户1', '上海浦东新区XX路XX号 999 137xxxx7797', 0, 0, '2021-01-20 12:12:05');
INSERT INTO `tb_newbee_mall_user` VALUES (7, '测试用户2测试用户2测试用户2测试用户2', '13811113333', 'dda01dc6d334badcd031102be6bee182', '测试用户2', '杭州市西湖区xx小区x幢419 十三 137xxxx2703', 0, 0, '2021-01-20 12:12:05');
INSERT INTO `tb_newbee_mall_user` VALUES (8, '测试用户3', '13911113333', 'dda01dc6d334badcd031102be6bee182', '测试用户3', '杭州市西湖区xx小区x幢419 十三 137xxxx2703', 0, 0, '2021-01-20 12:12:05');
INSERT INTO `tb_newbee_mall_user` VALUES (9, '15993596769', '15993596769', '96e79218965eb72c92a549dd5a330112', '', 'cdcdcdcdcdc', 0, 0, '2021-01-20 12:12:05');
INSERT INTO `tb_newbee_mall_user` VALUES (10, '1755511111', '17530923323', 'e10adc3949ba59abbe56e057f20f883e', '', '', 0, 0, '2021-01-20 12:12:51');
INSERT INTO `tb_newbee_mall_user` VALUES (11, 'admin2', '17698568895', 'e10adc3949ba59abbe56e057f20f883e', '', '', 0, 0, '2021-01-24 05:43:56');
INSERT INTO `tb_newbee_mall_user` VALUES (12, 'admin3', 'admin3', 'e10adc3949ba59abbe56e057f20f883e', '', '', 0, 0, '2021-01-24 05:44:08');
INSERT INTO `tb_newbee_mall_user` VALUES (13, '15993596767', '15993596767', 'e3ceb5881a0a1fdaad01296d7554868d', '', '', 0, 0, '2021-01-25 07:41:49');
INSERT INTO `tb_newbee_mall_user` VALUES (14, '大帅逼', '13245685213', 'e10adc3949ba59abbe56e057f20f883e', '对对对对对对', '杭州市西湖区xx小区x幢419 十三 137xxxx2703', 0, 0, '2021-01-26 06:12:57');
INSERT INTO `tb_newbee_mall_user` VALUES (15, '13254678525', '13254678525', 'e10adc3949ba59abbe56e057f20f883e', '', '河南省 平顶山市 完善完善无', 0, 0, '2021-01-26 06:33:01');
INSERT INTO `tb_newbee_mall_user` VALUES (16, '123456789', '', 'e10adc3949ba59abbe56e057f20f883e', '', '', 0, 0, '2021-01-27 13:35:09');

SET FOREIGN_KEY_CHECKS = 1;
